"MODEL1","MACHINE1","RATE1","ENTRY BY","w.e.d","MIN DAYS","MAX DAYS","Related Order items","Related Order items By MODEL2","Related Order items By MODEL3","Related Order items By MODEL4","Related Order items By MODEL5","Related Order items By MODEL6","Related Order items By MODEL7",
"TP150~C2 (DUAL BAGS & FLAT TYPE HOOD)","TWO STN POLISHING MACHINE WITH 1.5HP DC","78,000.00","ABRAR","4/1/2026","15","18","188b58ef , fea6524b , 80624ca5 , 14d5f49e , a5cc2459 , 052bcef5 , 608dcad6 , d2a1b3fb , c7268484 , c130413c , c4935862 , 908d4391 , ab3eb03a , a1e6a461 , 1565f7c2 , a0295ae0 , fc7846bd , 672606c0 , 449814c5 , 700c8bb1 , cece4552 , 3c861e1a , 91d6f9c2 , dd949295 , 12ef5463 , f65c3287 , 6649e23e , 2d8e75f7 , 07c7d106 , 0fa5c5b6 , ed373ba4 , 2d779a3d , f083781f , 9e1200d0 , 50636b4c , eee6b1cb , 69896281 , 9d016e50 , afde062d , 4a0a60d2 , 0a294cd2 , 9f273677 , cb93d996 , 135616f3 , 2a58f95e , 3bfd21c1 , ea7f7cb0 , 7c26b43b , 7cf737db , 6bf2f598 , 3bdc1f76 , e5245b36 , 25c61153 , eafcd6be , 44adddb0 , bc50dcf6 , e219d18a , 70c69485 , c2542f62 , c3bb04e6 , cc9ea0be , bb0c301b , 139ca338 , 8a18202f , e132648a , fdcb969e , 30e2aa2e , 913cc573 , c51a5c29 , 0043ed88 , 398fb769 , fb711525 , b3d1174c , a02037a1 , aff5aedf , 1a1c30d4 , ba3d64e7 , f33e178e , 25014cb9 , 9ff5f961 , 29ab640d , e8b16d9e , 4368cffd , 918e1ef4 , 6a535696 , 5d1a5079 , 0b1df55d , c3d29271 , 5c54dfc5 , 13d1257b , 0c6d81f7 , 3451bd7b , ac230be5 , 54b27669 , 4dcbecb7 , c050c3a1 , 310944a6 , 89e848dd , c2225d46 , 0caa789a , 3d83592c , 499c8d87 , 5df9170c , 0b7819db , 3d591668 , 871a6899 , ffce1536 , c8fde7e9 , 5c82848f , c0c595bb , e6aa815c , 145a14a7 , 20e9c084 , 45c9b2e1 , 3a4e2c4b , 461fecbb , dbc6b83e , 423d23de , 4412d1e5 , 59301f15 , 1e8df6af , 67b493a4 , 7827cea1 , 0bab5640 , 737bafec , e4af9f13 , c6dcae47 , 8f639bd3 , 800ff6f2 , 7fdb4446 , 3b6e93c9 , 95949b27 , 30fb1ad4 , 080bac77 , 5f5b2f48 , c02fb74c , 7b6af720 , 66cee462 , afa54280 , eb106426 , 80b79fa2 , cd5e25fc , cb640b75 , 97fcae9d , 8332ff78 , 8a35722c , 7dd0f005 , cedcc440 , 0d95e118 , 42b0a1d0 , cef6f409 , 3e6b7257 , ca251525 , ebac9536 , 4f9c4838 , b8bfc6ec , 3ef3a69e , d4fefb4b , f9b2d759 , ecfc2e97 , bdeaef76 , 52285fdf , 378cfbe9 , 807a0bc0 , 3cd41094 , bb29f9e4 , 345e16b4 , 726d20f5 , b60f85b7 , 99e62f5e , e63ca953 , 7b54b9c2 , 1093b519 , 6f73bcc8 , 6daf4df3 , e90fa17a , f6ede6c0 , c587578f , df3a4d1b , c0bb2b52 , e4ec930e , 057b3668 , ab35d882 , 82042061 , e91a0b2a , 4637599c , 2ccc2c39 , 4ee94a80 , 261e562f , 53e04f69 , 1f6b465a , 0a68ea20 , 2d27b1db , e611c508 , a1ed113d , c2e04c90 , 4a46db29 , 2e2ab621 , 50431496 , 54948ff2 , 4ad0c4ad , 600fc716 , 6bd95074 , 40af5939 , 4f0b9e69 , d17010f8 , 4b4d2c8e , f11135cd , 9f5660ca , f59bdcd0 , 1a41aa67 , 9fac8e95 , 4a6f522f , 8b1b9f7a , f4d37500 , 82a36323 , 4cb9722c , 5685d873 , 00d8ec5e , 70818b6f , f475ba1e , ed47f0f9 , 0ab33450 , b1b171e1 , ea32c239 , dc387405 , b01e423c , 4632807a , 01ba0350 , 033da63f , 1dfc3ba1 , 31ce1669 , b6adfdbc , a5c22e49 , e33acfef , 8328600c , d43e38b2 , 136c1634 , 9aa3bce0 , 3a2a48f1 , 6b11a9d6 , 591368b4 , fd7261ef , b003438a , ad3a60d9 , e4f95fe5 , 463f3e07 , 2a775705 , 72cb957e , e02f5e19 , 35dd8d2f , 17c0c9c7 , 4f13da47 , 11ce6914 , 7cf6e721 , 6bc8bf40 , 80b30be0 , 6ae04e0a , b6f90304 , 210c2855 , 58e4f90c , ea64eef5 , 2badc2d8 , 227b4a30 , 1b1343f3 , 7a38b54c , 31d19216 , 02430c8a , 787151a0 , 19c9de43 , fdd4ba49 , f856c08a , b10500dc , 76010ed1 , 04a553e4 , 2e1e889d , b9422bc6 , 782f21dd , 65f8dc39 , 3f6ebca3 , 4e2cd691 , dc695f62 , c32dfe9f , 338c9f6a , c483eda4 , 11870b61 , c4c52afb , b2e33d55 , 17c6bf12 , c528f338 , d560e34c , bed68bb0 , 85f8428f , ca18cc07 , 8503f05d , 8070fe65 , b8b29863 , f1485605 , 4e065b13 , 0590ada1 , b35f91ea , 2392b509 , a063deec , ab89d156 , c418ae6b , ea37ede0 , 2bf9eaf1 , 7c69a5de , 183c1835 , 65ec9240 , 569d7dcc , f0620e46 , cd901383 , 34b5b294 , cc2e53d8 , b1f48eb2 , e001e950 , a3ec3743 , 18b51475 , fc4e63db , dbbfab0f , b690a072 , 2fc41e3c , 844d56de , 499b2004 , 1ffd42bb , d7ac3af4 , a0846cb2 , 88cbb196 , aafba076 , 528de361 , 9c89ee89 , 94054ef6 , 5e1b4e86 , 9dc375f0 , fe2e9c3e , 38965321 , 39638efb , bccc78d4 , e4c91ff8 , 8eec4121 , c9396607 , ec30abae , a5557419 , 2a2aa5c1 , 326af678 , 8032d0cc , a713ef38 , 229d3f24 , 869c6292 , e593d5e5 , bfe51b1b , 30be7e2d , e76d624a , 12a1df0f , 2143ed2e , b93520d2 , 1ae1491e , 8ce1feb2 , a0aaad23 , 06d540f6 , e9db0f01 , 82c1ac56 , 6632627a , f527d21e , 48d359c1 , 924193f3 , 3f460e1f , 6d49ea65 , dda49c07 , ff23604f , c0789f87 , 166e2a29 , 1c2e8ad8 , 38a22172 , ca8c4138 , 6cf0cf45 , d572809e , af2655dd , c479d728 , 3b90e10b , bcfa1e16 , 5f5caa1d , 3fc52f11 , 1cb41de2 , c6e7675d , 94c948c8 , 4a3874e7 , 5e612fa2 , 56ba0055 , 264e475c , 8192ea23 , 167d5326 , 46d812d3 , ba5e2823 , ba20fd4d , 7ec03996 , 124dae4f , 6268b404 , 9673ce0d , 4b04536d , 1a2b2d5e , feaa654b , 7c8d4203 , aa546a6c , 0bef556d , 0e38edab , 82077606 , 9fbecc37 , f6e73aaf , b77fc912 , 997a4991 , 7aa69e3c , 72c18d61 , c9103eb1 , 2fdd81c7 , 2f9be079 , 37165590 , 014c8758 , 09e279b0 , 06077e2a , cb9d6132 , 90bb751d , e106c275 , 033cf1c1 , 3f6d3d62 , b430b404 , 7abae7f8 , 4c88b996 , 428c8204 , 88847ff1 , 7da2d0e1 , dcf8c9f6 , afab28be , e7fb9516 , 4f11a22d , 4227c0dd , ec18df2c , c4ebd646 , 4f85c8e8 , 3922fb84 , 46129434 , 43994258 , f7840336 , 5a34c8b6 , aeaa1ca6 , 1b2f4b04 , 69602ea2 , 297f0412 , ddaf4276 , 2f669790 , 3fc5edb8 , 863cf9b7 , 0f428321 , 5640f44a , c0e91454 , 4807975b , 666968cd , 5f01b3a6 , 1e9e9f86 , 93f7272c , a75c98ce , 0c3bc897 , 5efd004b , 8d391698 , 8f7f1e3f , d789e56e , 9a8e7409 , 360449c6 , d3c3cfb7 , 71f0718e , 38e0181d , 70305fe5 , 6032b219 , 42d79406 , b4107c9a , bc06d539 , 94d87b37 , de6178d8 , ab040900 , 544dd2dd , 9324d729 , 1ef5a15d , 0cd77f17 , d01597d9 , 5cf5207d , 986a16ff , 5e43b9d2 , 8dfdcdec , c47dcde1 , 76bf8def , 578fdbc0 , 45f01b8c , ff4f6728 , 586c7be1 , c4a02919 , 11c3f5d1 , 34736673 , ff240cdf , 80554560 , a603ed8c , bc6234e3 , fa5a8433 , e18b48d7 , 511bcbae , 7f8299cc , 986ca191 , b2d2c4f8 , d428bfac , 0803d2bc , 2fc51bf9 , a6d746d3 , 050e35e5 , 393cc516 , 7ca77e88 , 17609b28 , ef2b22a6 , 1423aac3 , c9cd2d10 , ffc74a75 , 72035825 , 5a864c02 , c842dc7d , 3948fa55 , da1a055e , 546c2698 , f4176fbc , 2d6bb446 , c6183e6a , 47ed8ea3 , 20a88d41 , b22f0c1d , 0190bddc , 02f45cb1 , ea17c289 , 97fbf37f , a1df5d79 , dfb1ab86 , 70034966 , 20d9183f , d7554872 , 374168fc , c5b9ed89 , 6f3fbc04 , ce2effb8 , f26cc485 , 3f57ac76 , 44642a41 , c2e6f9fc , 07be0cdb , 0fa702b4 , 74a11530 , 453a2ac0 , 67b24d5a , 471c66e2 , 5fdbdd9e , ef9b6584 , 2bfda20b , 4e8225f1 , 451e4d67 , bc493abf , f819087b , f2f805ee , 123bf2cf , 3ab4392d , 1e984f06 , e8608177 , cfa4e380 , 36653f83 , b012c8a6 , 4b230378 , bf78b4d2 , f3c07b83 , 0334f64b , da640903 , e2216be8 , a54b6f30 , 55fbca9e , 79af8bb5 , 3b2cf731 , db7c4f50 , 859f72c7 , 1178e5b8 , 4ca8cc9f , 0b8aa8ce , 4eb1e100 , d949515e , fb9e1085 , 4f0fa59e , 8a50486c , 34064145 , be6ef348 , c7fa075a , bffc9ecf , ca9e3860 , 842d76ce , 5258f645 , 7f572ba6 , 9ed14390 , 9a100975 , c6042bce , 9dc34395 , 079cba37 , b61dc3fb , 169b1465 , 2b5cb8a3 , c5c175b3 , 07511d7d , b165f01c , 38fc6502 , e7ed7a41 , d149b869 , 186b770c , 7de3f41f , f5acdf55 , 0287b384 , c77e434a , 0e41cbc4 , dddeb7ae , a0ed0e36 , aa643d71 , 82845d62 , 274df7cc , 10894a04 , 8994cbf3 , cc9577d8 , 11599af2 , c79b68e4 , 059fc04b , 79bddda8 , 23742de8 , 831cc576 , a1cc4199 , de7313b9 , eee920d5 , 688f6dd1 , 10cd6260 , c34a37d7 , 21ae3b87 , 280accfc , f01b3d39 , d16a9e29 , 3a30cd7d , 93399fc0 , cd8b145d , 25fc3948 , 947f90cb , d97af47b , a5ad5102 , e8858dee , 0c44290b , f4f33f4e , 18218122 , 07cd3415 , f55313b3 , 6d29d34b , e5bd2819 , 64e38fae , db7021a4 , 9b87bcba , c065db14 , a58fe727 , 5a9bad8b , dfaae0d5 , 563fc830 , ef7333ca , 616a4df0 , 6f9a92f0 , cefeb837 , e8436dcb , c8f3b581 , d3f82c79 , 372925a7 , 347ba8cf , bb153ced , 9fcf2b7e , 53881be2 , c80d6a14 , 5f294e7a , 27b4b71a , 45172b01 , ac771b29 , 78905734 , bfca42e9 , 0a8a694e , 67248554 , 0af6d309 , 4996ba99 , c922c308 , 9fb5a220 , ed0f57d4 , bf7b1a08 , 1c9ae47a , 012a3afb , e3088a07 , 3627c003 , 9434bac4 , d54047aa , 1b37f6a4 , 3251d418 , bed93cf7 , 11f43f3a , 8164c8de , e8647a03 , f131d3a9 , f2b1ab6f , 6979aad8 , 09ea85b8 , 1f2aac43 , d9db2392 , 7dea6f2a , d878ce3a , 063e4c66 , b9cf88a4 , 98a15204 , a5e772a5 , e92858f9 , cf2c3552 , d8312d0c , bbe6b79f , 7afc3d23 , c0b748e1 , b9e17694 , e71eda2e , 995dc64d , fce15e64 , 21fc7262 , 1a868322 , 787280f0 , 0777ee6b , fde67bcc , 51b80a36 , 6b7ef646 , 0a85f775 , 24806c3a , e4b4af73 , 5f90f907 , 7d4b5c56 , fec90153 , 1ab69533 , cf09453c , 7b9c5d5c , 93140976 , 986b6789 , c38a9151 , 69d87a42 , efadc77a , 10578da1 , 384487fc , 07bc4dbd , 2a62a0d4 , c50c59d9 , f2021b27 , aff9e82c , f6d70b34 , 204a6f87 , 9c2be8d7 , 7df498a1 , c2e58bf0 , 09ee3087 , 4b4c8d29 , 1b96412a , e65625a4 , 685f1b71 , 5839519d , 9866e16c , ca0974f6 , b21dc52e , 63eb710e , 0c0f56e7 , fb20bd1b , 5532bf32 , 22dc1945 , 0d64819c , f068c3e9 , e539290f , 29f35c5c , e0c08872 , d5b85b44 , c9a54f82 , 9c742524 , f535b6b6 , 9671b4ec , dd5061b8 , cd50f788 , df78818e , 6cccec12 , 31b2fd25 , db75398b , f4c7355e , 1cff6c7d , e1cdfbf8 , f2ed6988 , 20296383 , 08290bec , 998b12ff , 37587df0 , 38b9db78 , d97d4bcc , db7a7b7c , bdb4f444 , b9174126 , 3628f9bd , bbc24d24 , 02ec3e1d , e46c25d1 , 3b8e4733 , 5ca7949a , 91a08148 , b1faa9e4 , e6703279 , 81c79942 , f33ee7d4 , c6689b30 , 5c37594c , dbc9707e , f0600ec8 , f02014b7 , 0391494f , 3be8b0c2 , 4f9e63a4 , 65560de6 , cf47ea34 , 4f313b21 , d344da2d , 06b02858 , 813acbc9 , bc6f63ce , 3e83f297 , edc65bf8 , c915ded2 , 9d3d4988 , b2d36e71 , df6122cd , 47ccfb46 , 1ba8bc8d , 969f735e , 97f783f3 , 269e3c67 , 57002c88 , cdfac9bb , 9eb5baff , 2fc4d727 , 2193df1e , dc53d888 , 5cf2c96e , 65a3bff5 , 334f73ed , 34b6ede4 , 5c88e279 , c85d5a9d , 6ba5b659 , 801ee5a7 , 62b8f96d , a96f4602 , 61d5ab76 , 727bb19c , 1af001bb , 866fd324 , 9646d9aa , 6c50e180 , 148df7f6 , a813912d , 2e21ade7 , 7495964a , 1ddc780b , 048c3755 , 8c0ae92a , 51f09626 , 1392f6be , ddd82571 , f4d2bc41 , 90c2ec77 , 719cac89 , 95430076 , eaddcd04 , 552e7ff5 , cf135074 , eb154be6 , c2b835e0 , de1f6924 , 933a9d8f , c5f975e7 , e01c41e6 , 6a755b6e , 99374c7b , c0b836d8 , a788a143 , b4a9d92d , daea6d0e , e5b50034 , 0892f8d9 , 9ec50265 , 0b514a68 , ce9094af , 9fb9f998 , bf0e4ad9 , fd34dade , 58ee78aa , 7b6df677 , 74066395 , 014b121b , 9599ef17 , d0e11c49 , 8ab573b6 , f49ae216 , 46f18207 , 49f55de5 , f8bebfd0 , f29f30ac , 116d3bbf , dc7fa247 , 179284a9 , 5c0adc44 , b5f37b7c , 2b76de8a , 7b676a93 , ec5b34bd , ff4e9423 , a2596c01 , a856e97a , f84acd0d , 58b3476a , 5f4cd2ef , 9f910320 , c61201e2 , 27f984ef , f1706b6e , 44665e3e , 712cd8b8 , 3206a1ce , bae9e177 , 2f0808a0 , 98c6f3d0 , e3750b5c , 06a37bc3 , dc930996 , 9af96cd8 , 8c2ef573 , 5aca4dd3 , d6098672 , 484d20a3 , 2448adf9 , e2e2950b , 3e5889ca , 562379df , 7e96b4c2 , 487c1240 , 057aea68 , 7f967eba , 5076557c , 7ae165a7 , 62db0445 , 8d5cbabf , 6c1b6d99 , 9a1f8b32 , 5e8c924d , dcc422f1 , 0565176e , cc4603ed , 954eff6b , 36526bfb , 18e550f9 , e9668b6a , d86a267a , 7345d2fc , 781f9f33 , 1a33b281 , 7707cc20 , bfca53e1 , e28cd664 , bfec72a5 , 6f64b281 , 5f4df43d , 67099944 , 2f666c93 , 3339ba11 , 753747f2 , e7df7c06 , 507a2789 , 23b17a81 , fee3d70b , adf3fbeb , 7e33501d , 47a77eef , c4495cfc , dba3b77c , 3ddd3328 , 1f781001 , fda19743 , 769991d0","8536cbb8 , 54515859 , bb04533d , 9c83f968 , 9fd15e9f , 46d03f21 , 43fca762 , 93a56e14 , 5defd66d , ba315e69 , 0bbca6df , daadde89 , e6b88e5e , 1d9139f8 , 5212d065 , e0d51707 , 9cfec16d , e623b0a5 , 3b675e8d , c30f2592 , b348363a , 241f0319 , d84bf286 , 80616365 , dde186eb , efcf5eb9 , 793eaa0d , f856a8f6 , b6afd32a , 6cf0cf45 , 9be30b79 , 658bdbb4 , 4b5b1245 , 2d38ef97 , 44cd0d8f , 650528c5 , 749818f3 , b79b396d , 31d472d5 , 0e5a4930 , 7a6885bc , f401d2f6 , 5627bd5c , 1df9bfad , dd10b5c6 , 752a4aba , 45b1185f , f73e1eb2 , ff7b4d2b , 5a9073e4 , 02f82755 , 7b300179 , 73ea3412 , 80b6c351 , d58e0bad , 4b2b0a24 , a9312d67 , abe62693 , 4c116bac , 765dad4a , 8c2021f0 , e32cb419 , 52a6fe6f , deb37342 , 3fa634e2 , 27eb9033 , 32d4e258 , 62d319f4 , 33007c06 , b5871584 , 9a7c4068 , e137b9ac , 03d18975 , 27826669 , 3e673a1a , 09ca7f29 , a1774e68 , 2ee5a735 , cecb5ebf , df89b5cb , 2180e96c , 26725c12 , d0b73d5e , 722b5e77 , e1cdfbf8 , 26234135 , 034c5161 , 4c722af3 , c3d463d9 , eec098ce , 2810d8fc , d2077233 , 083264a8 , eb9dfc5c , 344df92c , a521f67b , fd8eedcb , cb8104e1 , 2c86380d , bbace69e , 0a845a59 , edaa5978 , d4bf26aa , 30018667 , c05113d5 , de1f6924 , e4dd5ce4 , 02f7e6dd , 09b36d52 , c9491ee5 , 3dec3f15 , 3c17708b , 2d4a0677 , aa8902d3 , b64ee777 , 656c841f , b47c489d , 8db3e13e , 8c9d5b33 , d2d6856f , b62804ac , 44196f32 , 3f65d3b7 , e8ae21f2 , ba207c64 , fb7a61c1 , e3e40cb5 , e550fa53 , 96732895 , 97d9027a , da65c6a4 , 116183ce , 8ee68f0c , aec60487 , eb202aa4 , 79b48fc3 , 08b6f492 , eace18f0 , 93e68c35 , 7d12b455","93359459 , 82864180 , aa7b0cf1 , 3620d29b , b0084c4b , c42bf83c , 96e16db0 , 458f3f2e , e35397fc , 8dbb9004 , d5004d6d , 7519da5f , 01c7a1c6 , 163556fd , c3c2afe4 , d5d9b320 , 60e1a0d0 , 44ccab7a , eb459270 , 1d2df256 , b43f1bdf , eeb7db6b , 594023d9 , 5c13f3e7 , 7e889c63 , ba6726eb , 61bedf5e , 91f20170 , 118173c3 , 800143f2 , 44f078b8 , 885ee63f , 16a4e1b6 , fa5025ad , b3ebf329 , 9e68a090 , 0146dc01 , a8a03d6f , cff9b80e , baf06ecc , e2a3a9c2 , c0234c93 , 5fab80a6 , f072a582 , b96c3711 , fbf3b662 , 8d48119e , d0b73d5e , 9c42513e , 879f736d , 5289496c , b07574ed , 7aaa9469 , 4df58eab , 1e30699e , 042f31e1 , 59da856d , 1fdc6f5c , 3a9aacd8 , 41f460cf , 3645487f , 0b0b51a5 , b3c72268 , c745f993 , a40a862a , cd4601be , faffdcf0 , 7efa21f2","40a769e1 , a2c204c5 , 4ff1caa2 , 05bc5169 , 79e4d442 , b1835c8f , 36107a91 , 562f5362 , 4c13485d , ddc82128 , c00ee605 , d4d58ba9 , 5e2b7fb8 , ed0f0e2a , b7aaa2d2 , e7585f65 , 0e6aaccb , 0a8ce60e , 9a087587 , 6e790f56 , d30559b3 , de1a386e , a6a5eb35 , bae1babd","eebdac26 , 95775b48 , 3127ac72 , 701bc672 , 7e89cb86 , 030c5d56 , 6e78ad09 , dc54e6b3 , d3a17b26 , 884e89a1 , f3ea289c , d2dff790 , 80c1a7eb , 7ffe298f , fffc9090 , 498a4285 , 9c8735ad , 16b58d14","8cdc8af0 , e111fe4f , f93d3660 , a951ec9c , 4deb8a31 , c4260470 , 45ce16b3 , 40f7db7a , 1a36e57e , bd7428b5","b536620d , 4b826b63 , 6caf6368",
"TP~150CH3~SS(SS HOOD WITH PLASTIC BAG OPTION)","DONT USE","90,000.00","SHAILESH","4/1/2026","","","6d730bd4 , d4ff5f0e , 2f576a08 , cb5050f6 , 487d9dd9 , 795c1c34 , a7598014 , 815bf771 , bc3bcb2c , e5bf4899 , 6789ffa5 , 2ede3a1d , af595a8d , 82922011 , 5096f164 , 07c1ead8 , 77965121","947f90cb , 07cd3415 , f6e83576 , 6472c03f , 9a4513b1 , 496a24c3","153bc902 , c519c728 , 62b8f96d , 6a51e1c7 , b7aeadac","cf47ea34","b7aaa2d2","","",
"MS~30","METAL SETTING CUM FILING TABLE WITH 0.5HP DC","36,000.00","RAHUL","4/1/2026","","","","9cc6ab12","","","","2d8260c3","9f6ffb12",
"SG~50B","SINGLE SPRUE GRINDING WITHOUT VACUUM","22,000.00","RAHUL","4/1/2026","","","","","","2d8260c3","4286788d","","",
"HPB1i","HOSE PIPE BLACK (1i)","650.00","SHAILESH","4/1/2026","","","","1ea1c758 , 79a7cc57","","","","","",
"HGOFN","HAND GLOVES FOR FILING NYLON(OVAL)","185.00","MILIND","4/1/2026","","","19b2a970 , 4b9c0346 , 1b2ae9c1 , 5becc01a , 6c9300e0 , ca292e94 , 8db2f446 , c7df9473 , 28a733a1 , dea73d32 , f8a59ca9 , 4a2f9bbf","b9256cbf , 05fbf0bd , db58d9f1 , 0bf9d966 , 5daf8c9c , 079c9b06 , 165e082b , e6778645 , 285abc7a","c1e8ffed , 378cea28 , ff9c941f , 67e4d36b , f21b2546 , 1593fc2b , c429fc6b","17437a27 , f0f6502b , 7d482d47 , 206284ad","","","",
"WPBWG","WATER PUMP BIG FOR WET GRINDING FILING","2,800.00","RAHUL","1/1/2026","","","8d512e89 , 581418c0 , e20e8d62 , 5de3d429 , 0006bc42 , a0a4cc7e , bcfbd017 , 2518e41e , 5109a27f , 15381bd1 , 65dc7368","a79616d6","","83a82c8d","","","",
"SP~50K (SINGLE SUCTION POINT)","SINGLE STN POLISHING MACHINE WITH 0.5HP DC (15inch HOOD)","40,000.00","SHAILESH","4/1/2026","","","f1a469e3 , a6cc98fd , 52a6fe6f , 7b83cce7 , dd1c3cbe , 4c614b81 , 862d47ac , da18ec32 , 8cc06b06 , 59aefdac , ea48fe74 , 7789f5c1 , f10031d9 , 1894024b , c1521d75 , c5bec32f , ae0c3736 , 6750eefb , a55c8e1f , 2cb72ec8 , 7d6474cd , ad3b32fe , f0043141 , 6922287e , 62e3201a , 2e76c2aa , 3fa634e2 , 33a0701e , 2b921f6a , 6517b9ed , c6dd9554 , f072a582 , 796eea05 , 73e6c784 , f9174a3f , bf46bfa3 , df300da3 , 501dfe38 , 56c9b808 , 94277cb9 , 6595c7d5 , 03d18975 , e065b963 , 263affcf , dea5cded , 3e673a1a , 515bb9fd , 18aebae5 , 3328ea0b , f3ea289c , d54de34e , babdbd16 , 9e6311c2 , dabe85c7 , dba7540b , c1df8489 , b5f2d0b4 , 4b4d8859 , 87aa5ee9 , 26725c12 , af3dd7d6 , 2faf0628 , c805192f , 9c42513e , a5570ff7 , 3c6a3781 , ad82159f , f9912a7c , 2c6732fa , 1a2c5804 , c1e5ceb5 , 2b1a9562 , abb01e7e , ed0f0e2a , 062b572f , d0ca2634 , b0f8f494 , a36974e2 , 75d60144 , 71c59286 , 9dbf862f , 18434fd7 , 24805d80 , 409d423b , 315fa30d , 9550a0a4 , ba5d74b0 , 5ee02cf8 , c081eca4 , 60560c40 , 5df81ce9 , cfd90e72 , 7b0faa0e , de1b458c , ef30b18a , 578d5d3a , 881984d8 , e0921fa5 , bd5b6f12 , 33752d60 , 4da53e79 , 6cf8d70e , 5de84ef3 , ab4551b1 , 4e9b2b8c , 6eff6317 , a19202d3 , 1c019c1d , 75a4b1a1 , 1026e5a7 , 4b4f675e , c92e37cb , 48bc507f , 9321b0e6 , eb2ffc5b , 8089fe20 , 1f250fd4 , 8707d0e0 , 29a196b3 , 2485c594 , 8a696e2f , 1dfe2f89 , 3b2011f9 , d44e31a1 , 6c0bdf56 , c6d1196e , 73c992a5 , 7915f659 , 63a52fe1 , 4052853f , fea17ae8 , 0699c690 , a0c83df8 , 6f07bce1 , a5b4ccc5 , 40fcbbb8 , 1f74d1dc , 7c9dbe85 , 1c65de4c , 9d5c9568 , f7b5577b , 64b3148d , e85e5901 , 74b11549 , ccfdd5af , db227748 , 064f4347 , e83ff378 , a17360dc , ee80dd8c , 2365de9c , b9566d7d , 7c1f4db2 , aaad1cc4 , dee89a03 , 146d4c51 , 1bf1a222 , 13ca0bd3 , 23b94c58 , b219c806 , bb76622b , ea01aaa6 , 638fc44d , d06756e6 , 5ac5fd5f , 27b44d44 , 09f7aa1c , f9ca98a4 , 031a00d9 , 32cc6298 , d85cfbf6 , ae70c2d2 , eff59cfe , 544f4608 , e98435d8 , e1c144f1 , 7f15e9bc , b74019ab , f1f878fc , 6250c066 , 34295b84 , aae3245e , 4c454f6c , 83fbe3f9 , b71515ab , 48ffa11a , 08a40400 , 0fe6a4ef , 9575dfdb , ffdaf604 , 4ea46ec1 , c0a01b64 , 9bf17046 , 737ab371 , 5359eda3 , cf40a700 , 513a10c1 , 634bb2be , d7dea600 , 13b826d8 , c36f5c8e , 6e790f56 , 5564fe4a , 5cf4bf34 , a7a08c2e , 9e40f984 , 2b848e72 , 1d199bd1 , 2335dc44 , 32fd21d5 , b762901a , 75bbf1a4 , e639889b , 397de80d , 6ad5e684 , ba21b904 , 944a22d6 , 79bd39d8 , fae3f575 , de230c99 , c9449971 , de913b60 , c0adf775 , fad24daf , 5576a5be , cfdab611 , d07b3f9a , 534ef805 , 18ac2aaf , dec89027 , a4967dfd , 7566044e , 1101d226 , 9e1e902d , 59708ca8 , c7624a7d , c912b415 , df2c9d3d , 96b5f29c , c607b19c , b97b27e1 , 196cee99 , c0204e31 , 37d98770 , 66a2c493 , 4e200c89 , 735f4979 , c22744f1 , 456dff71 , f974c466 , 3e1cdee9 , b62bc1ef , 6018a510 , da56689f , db45c37b , 1a4e2c10 , 28839dde , cc366cbe , e485ea06 , a627a4ec , 7445a8f8 , 2010723c , 7aa19709 , 9a062a2c , 8ac9a27e , 51025dd4 , ed2d7ca6 , 315a327c , b28794e2 , 332c6e08 , 132ecb8e , 6f3a0c24 , 329f367a , 20f195a1 , c73685e8 , 32dc0ffa , 0b466984 , 8e8142b9 , b7e62624 , f298124d , 100be085 , c0088912 , abe46948 , 4966b690 , cc2aa5b3 , 61360495 , 31e7599c , b41bfb5b , c5c55880 , 23b4e8f4 , a8174e5b , 0e0fdc12 , 5cf288e3 , 3e68d0d0 , bc919e90 , 60a4d5be , f40d3f27 , 88d6736c , 2d597716 , c21b6dd8 , 1fd14492 , a6a4d64f , 23cd5233 , 960f108e , 113db439 , 9577bb7e , 9fa1ec5b , b1c465a6 , 3873ee39 , 281647ac , abdde591 , d8233bc1 , bcb983b3 , af5933c9 , ab0012bc , 6e056b09 , 3bd33609 , ddbcb286 , fdd22390 , 548c3866 , 9b41f766 , e7c8f88a , cf8f212f , 1add2f65 , be064de0 , 2ba64d94 , c84c13b8 , 8dfd1c44 , bd5a22b7 , 6e9dd304 , 2910bba1 , 6452d26a , d3294acb , 8e589ccc , d8e1cf10 , d7cfcd52 , b0a973b8 , a8547db1 , 21f5239b , c12c4c5b , 138b0f0f , 86c0ebcb , 436c3a0c , 6c60522c , b110b374 , 57072eb7 , 6959c82a , 53c59fcd , 9bdcd67e , 6c027d80 , 1f649f3b , 1e5fb326 , a3544a9f , 189772df , ef257572 , 6b740523 , 5c1e084b , 89d4d13f , 6a51e1c7 , 846d5439 , 36a1949f , 7d234f2f , 89c6f177 , 0f07fa18 , cf7bb012 , 56562b75 , cd4601be , da29a905 , d5181adc , 0b747ec6 , 38967897 , ffecf4af , 08748b8c , 7c648344 , 47e4bf96 , 6750bf68 , 5c830efe , 080f691f , 030a3f7b , 6dde490b , 2b7169c7 , 5fdd2e8d , ccf7456e , f96d47e4 , 909ca142 , c22d3f13 , bfe2fe02 , 76450b03 , 11dfee0f , a10dbba1 , a6de2144 , 5f047c09 , dffed821 , 701d34cf , 0a7a943c , ec93185c , e1acdb35 , e27a793d , bb40366a","f7560d0a , c2e6bbab , 475910cd , e3347482 , e2e8b183 , 9fcf2b7e , 6d2315fc , 67248554 , 3f64c510 , f7e0a435 , c39a98d6 , 986b6789 , 9660f3fd , e5486c5c , 23e4411d , bf54e2bd , b42c6207 , 7c2e8172 , 30095357 , b0970330 , a0294210 , 1b34581f , c223408b , 4f9e63a4 , fb37260a , 25f81db9 , 20074229 , f7576a65 , 2f8b0418 , cafd2c1a , 091d7dc5 , 0d572410 , c0351e6f , fe092ce8 , d575e6b3 , f4d12beb , 5ad7919b , d0c0c559 , 98fa78a9 , 4a130e85 , 44ef24f1 , 561db54a , 77a20aba , 146244b2 , e5e94ed2 , 19b73b27 , 044f5851 , 43808a9a , bf5f1bfe , 330fb688 , 2d5b37ab , f071a295 , 214b6202 , b824f13e , 1c48bc3e , 0e90147f , 3a2c4028 , 5ef74eee , 302a3a18 , 20bca2dc , cd380338 , 52e1b627 , 7b5be15a , 3903c0d4 , 78812b1a , 7e55cb79 , f1dab09f , 6eb38c78 , cf3519a4 , 86fdcba3 , c73b9895 , 80609aac , b64bd36a , 53b2811d , 9e3d0aee , 1b84d230 , 258b829a , 18b2d019 , f0d2b286 , dc7fa247 , 07ea4342 , fdb113cd , 08da98fb , 8f0bbfc1 , 0eefa1d0 , 7e0ed55f , bdfda2f8 , b26117eb , 85264d6b , 4470c337 , 60777dd6 , 5e093e69 , 2625c334 , caa8162d , cc9ffb0c , af11f6d7 , a416aa2e , a481a833 , b5537deb , 3dcb78dc , 3b7cf1cb , 5f4cd2ef , d1ed974b , 010a235a , 0e172c2d , b1a94982 , c7de4926 , 84b18994 , 427ef326 , 298bc16e , b4349666 , 2963b4e2 , 19fbeda2 , 9409f137 , 684b524c , 28b67b66 , 8748bbdf , 022e6ac9 , a82eda91 , f6fa8c34 , 768bd0ba , efaae38b , 5c1e0cf5 , 6246376a , 55d41204 , f9e0bd8a , 54f3a219 , 9adc7144 , 0d567fca , aaca05e4 , 33946026 , d82e2bf4","6ff5575e , 36919b1c , 394022c3 , 49313bfd , 17db44e7 , fde67bcc , ef604a16 , 74c381b3 , c6b4e548 , 441b7160 , 65cc36dd , 0c0f56e7 , 2b9b9b8e , 5413d41c , cb661248 , c00ee605 , e0c08872 , c9a54f82 , df78818e , 2f29ed2c , d5ea419d , e1cdfbf8 , 8a8c829a , 5314ccd7 , 423fc636 , f34392dc , 4253ec69 , c69464d0 , db0ca2bb , f05d040f , a3a264db , 05d80201 , aa62591f , 78f59c9d , 1df6b096 , cf47ea34 , 8048bdab , fc26e9fe , 66d8ee8a , ebc83fe2 , de06310c , a68b0ecb , fac609e9 , e3401dc1 , bf589790 , e8cf3799 , 163e2c60 , 849000fb , 3ce14078 , edaa5978 , 6752195d , 913f73fa , 95430076 , 0815d164 , 7f5549ec , e3756045 , 2926221f , 44b4f3d3 , 8dde10c5 , b666ce8f , 028a738e , 51264b31 , 085b3d27 , f26474d0 , 6442be20 , f75d016d , 14e4c288 , 4be80d1e , a7481ccd , edb990bf , 9f546320 , 0927eaee , fcb17804 , 4b09d9c3 , 7ccdb7fa , caa77470 , d31160c6 , 513fb57f , a2f200b7 , eedb6bfe , 2d3ae7da , 81581b36 , b2dace5d , b60fc16c , fd6ef681 , 7ab4fc4e , fc197911 , cf8a1d24 , 30c0c1e9 , c69f23b5 , 86d5b93b , fd2bd644 , 90a49cd5 , 5c9b1fa4 , d00850ed , 6e83162c , 6b5dcb03 , 0e07830b , 84b18994 , a9d25107 , 7f457e9a , cbf7d827 , 1e7967df , a8daf139 , 88b0e052 , 5170780a , b000eb7c , 7b967e65 , 70da6ed5 , f4fd6e2e , 9c1dfaa2 , e5cb17d1 , 79db7c3d , 415a2fb1 , 3f297bb8 , 64848bf6 , 0363ac49 , 3efec621 , 22e92a9d , 84b88d80 , 9e151f06","2feb63d4 , b9cf88a4 , e4b4af73 , 0959df52 , 2180e96c , 068db06f , dc32db99 , f8314e03 , e5b50034 , b4cd7483 , fb5066c9 , 74066395 , 5f6a5c40 , 6f8c8b23 , 65c5b2b0 , 8c9d5b33 , 1cd2745a , e37e7506 , f644885c , 342cb78d , 67afb4b6 , 5a44eadc , b85d0d70 , 40f7db7a , 1a36e57e , 4084773a , b2a6f4da , 6cb81571 , eaf95e90 , 3fc20662","a951ec9c , 4b826b63 , 5d57b732 , 1fdc6f5c , aa8902d3 , cdcc3bc3 , ada544c3 , 5e137d67 , a1f5a35d , 0d207fde , 628c6d01 , 6caf6368 , e55eda36 , 8b92ed09 , d2a9765b","b536620d , d083f092 , 09399f38 , 1e30699e , 0a8ce60e , 57ec3ee5 , acd2b7d4","",
"DOFT24","DOOR FOR FILING TABLE","2,250.00","SHAILESH","4/1/2026","","","8217d908 , 1249254b","","","","","","",
"CDCAF","CENTRALIZED DUCTING,HOSE & ACCESSORIES","3,200.00","ABRAR","4/1/2026","","","","f2dcae06","553ecde6","","","","",
"CDC50D","5.0HP CENTRALZED DUST COLLECTOR DISPOSABLE TYPE SUITS 6-7 SEATS","125,000.00","ABRAR","4/1/2026","","","553ecde6 , 7ca9461d , ad7eb028","","","","","","",
"FT~30SBK","FILING TABLE WITH O.75HP DC & SS BODY (DUAL SUCTION POINT)","61,500.00","SHAILESH","4/1/2026","","","282652c8 , 8fef7a12 , 63d2dcee , d0896004 , 77980d99 , 438591fb , d3426c81 , f234b82b , 0ffd6750 , dafa8ef8 , cecaabad , 28ad5682 , a8fe3ca9","d857b257 , 442d9594 , ea39912f , 0dd00784 , df573d31","cf78b4c4","","","","",
"SMSG","SERVICE CHARGES FOR GRINDING MACHINE (1NOS ONLY)","1,350.00","RAHUL","4/1/2026","","","c0484dcc , af595c98","","c4d107f8 , 5dca29ca","","","","",
"SMWFT1","SERVICE CHARGES FOR WET FILING TABLE (1NOS ONLY)","1,800.00","RAHUL","4/1/2026","","","e7e6e345","","","","","","",
"FLC","FRONT LID CLOSURE","1,500.00","RAHUL","4/1/2026","","","f390ae62 , 56817b29 , 27f6b6c7","6fe5d9a6 , c7ee9829 , c6b4e548 , 95e48dbc , ca77a9d7 , d8b3b3d6 , a5b2e1ee , fe6c609f , 742f13e6 , 80a196a3 , d7bc0690 , 1bd72e01 , 582a4870 , 7ad79ebe , 9848302c , d8b3daac , af75f922 , 83ef0d7d , 3144b4df , 7a7a8ea8 , cc70b5b1 , 660d4f54 , b954d66b , f8314e03 , dc4b2a5a , 00b0c088 , 4d657633 , feed5a8b , 8cf7f178 , b78c4779 , 584845b3 , cd05e2a8 , bfed9425 , 9677a41e , b4cd7483 , fb5066c9 , e964c499 , d7d58851 , a67b7815 , fe26849a , 5f6a5c40 , bc8d22f8 , c825a193 , b0dd82a5 , a65925c5 , 670d2ccf , 48126814 , 5c340cd8 , bf18e601 , d55ca75e , b49b40e7 , 9eb87855 , 6738d746 , 1d8a821e , 8b43ae89 , aaa791b9 , 1c128b69 , 927fadaa , d7773bc1 , ce008fb6 , 4ee48906 , b0718f1f , ae4d3e68 , 737b2729 , bb823103 , e4c2b717 , 28f8467b , efabc35b , 6d2b57a1 , 7f67bb3c , 84289323 , 7bef7ea3 , 8a120929 , e2fe9aa3 , 28b3aeee , 709c4ee7 , 0fa1d11c , 4cfff50c , 06d925de , 24089244 , d78d5503 , b459e926 , 8ee7ae75 , ba9f613d , f03c9f2b , 5c9b1fa4 , 6e71459f , 751ad3f4 , 2d72fffe , def878cf , 7603dab5 , 7ac199a1 , 658bd73b , 029f804c , a53068c8 , d2954846 , 22e2b008 , 655b2871 , 0224969f , 66bacc70 , 881affec , a82e6bb2 , 42e7ef95 , d8785d13 , 279db5be , f7fd0392 , 5306d93a , 914eb0e7 , 75b35237 , c524acea , 53b3632b , 2d29cef1 , 771eacda , 3d93d744 , c6350a8a , 7f13b67c","b5700bd4 , 151496df , c26db14a , b536620d , 0959df52 , ef9961a7 , 17907a06 , f1dcae1d , b95ed3bf , 26aa26b7 , 7f79248b , 968fd9bd , cd44a987 , dbc9707e , c0011b1b , 83cdfb79 , c4ffaadc , e97a3071 , a6aab33c , d4f814f3 , b1fe68c8 , dec50dd4 , 1dea0245 , 67f688e9 , c32f6fe9 , 68a7b016 , 2bc10e6e , 3514d0a1 , 3b4f8dd7 , 4e36c855 , 5935d8d1 , 8f261741 , 1de8e2ae , e0787bec , aae3245e , a9c1fa5c , 76d52b85 , 8d748092 , 50539a23 , 972f9f50 , 10f28401 , 3e1d9c11 , 1a0538b0 , 29f8cc3d , 03964c9e , 03809df4 , 08b5f219 , 6f8c8b23 , ed44e4ba , d6b42772 , cc14c9cf , a24f2891 , ae615940 , 260be801 , 47476da9 , f555672e , b9edcd3a , 029b2253 , 9c6d3c7d , 5ce405ea , 81e8cf38 , 2c490d68 , 68d6907e , ea11b952 , 69a6d1a0 , fb5147bb , 421fcf75 , 3b6923c6 , cafa50b0 , efd78786 , 5c7ac851 , 42c2ae3e , 769f0182 , 1869ff6d , b0a7cf7f , dd95fe92 , b7b868e6 , e8347c64 , 67afb4b6 , 26cc7e9d , 23b8f085 , 4084773a , 1cbd5fb4 , c5bcc9d4 , eaf95e90 , 240f9b14 , 92e190fa , 8957a8c7 , ce6aae2f , 2840268d , c22de626 , f2e511e2 , 5a8e1cbb , 9100fd45 , dc45bdbd , ea00e8c4 , 3d69c47d , 4dc373c5 , 0b9ceaa0 , 276df1f3 , ec173b4f , eafe3f1c , 47cd7390 , 79c06754 , 84d9ec1e , 603f3e8e","a55c8e1f , 2cb72ec8 , 42c33a65 , eb2ffc5b , 945bcca9 , 9c4cfb76 , 24c2fa3b , ef83d04d , b78c4779 , 3dec3f15 , 584845b3 , bfed9425 , 350ce713 , a8f07327 , a67b7815 , aa8902d3 , 8a565538 , 5cf4bf34 , 0d91fd02 , f145140d , 61555a8f , 815243fd , 737b2729 , bb823103 , 93a3ec44 , a416aa2e , a481a833 , 24089244 , ad0cd3e3 , 0cb01997 , b1f24528 , f60a9140 , 5c235b3e , 77bf4c39 , ad40c867 , 81d233e5 , c176eebb , 07ef13f6 , a902565a , bd7428b5 , e207482b , d734a7f2 , 6be2c957 , f8dfdf8a","448e430c , d083f092 , f92230dd , bdc9555a , 7b73efb8 , 33b26676 , c0011b1b , 83cdfb79 , 7c92ad0e , a6aab33c , d4f814f3 , 088ceba6 , 61d5ab76 , 2e05e79d , 7d410e13 , 179578a2 , f67928b7 , c64481dd , baee9228 , dad58cd1 , 08b5f219 , e6300ef0 , 0d77a984 , 27e6f9e2 , 363fb382 , 534ef805 , adcda2d7 , 384a4e47 , cc9ffb0c , fc197911 , c0088912 , 3dcb78dc , 8014486f , 7386df96 , a9d25107 , 5d01589e , 2ce666c5 , c0c9ce31 , 26181ecb , 1ef9c7b3 , dba3b77c , 3ddd3328","12c45e1c , a068106a , 7ff2fe31 , c828f9c3 , e01be0a4 , c92e37cb , 6383a966 , 5ff397ab , 4df2afc8 , cd380338 , 6a4246bd , eaa50fe8 , 9db3a99f , 2335dc44 , 3a4e9480 , 74ff3057 , 477de352 , e37e7506 , f644885c , 90d50f43 , be8e8073 , a1caef89 , b5df942b , cba0bbf0 , 1fdf8fd2 , 25045fa6 , 84b4391f , 057aea68 , cbf7d827 , 46037233 , 6cb81571 , ad40c867","d4d58ba9 , 69b3a6ab , 976df217 , d5b005f3 , 2e9d28af , e0f55179 , 7566044e , 1101d226 , 88a5517c , 639fe428 , 33bd527e , d8f12e40 , 2f5b0f8d , 2e2841c2 , a82eda91 , f6fa8c34 , e863e528 , 0a7a3219",
"HRL5i","HANDREST WITH LEATHER (5 INCH)","165.00","MILIND","4/1/2026","","","a93843fd","","","","","d616ce3e","",
"EBP","ELECTRICAL BOX FOR POLISHING","800.00","RAHUL","4/1/2026","","","","","","01f696c5","","","",
"PGP","PLASTIC BAG FOR POLISHING","8.00","MILIND","4/1/2026","","","86ebbbb5 , 3952f759 , b0bc95a9 , d73d4dbd , a38162f4 , 0286d43a , 4aff9575 , b0bff88d , c7f4cfaf , 658b3ef8","72620482 , 0c137813 , ba951365 , 4187aad4 , 26f7fa26 , dc44c61b , 54a2ca52 , 60669ebf , 058b56ae , 8ed22fba , 11903b7b , d31042b5 , 70c4034f , 82644cc3 , 804b5710 , 2c12b401 , b693bbf4 , 72ae8af7 , f5dbbdbc , 5af31f8a , d6805d51","9166fab2 , 28d2c7e1 , 5a7aaeaa , ab02215f , 82922011 , 2e24e375 , f63bbd3b , 49d1340b , bb846558 , 14b2e61c , e37bbfce , 44f4a8ee","28d5ac42 , 452a811f , d18ef9d1 , e604c434 , c3fc61db , 2bce1dd3 , bc1d716c","","","",
"OACM150","OUTLET ASSEMBLY INSTALLATION (CORE MESH)","270.00","MILIND","4/1/2026","","","68051960","","2c6cf200","","","","",
"ICRC","INSTALLATION CHARGES FOR REC CAT","105.00","SHWETA","10/6/2025","","","c4815bcd , 640f0337","11a17b7e","4332567e , 063a1a40","","","","",
"B~24~MS","HAND FILING UNIT (24in table )","4,500.00","HASIB","4/1/2026","","","f8f918ab , 92f12139 , 8bd455f6 , 1e1c87a4 , abf462ab , d40f7505 , 5b4c7d88 , 651cb7a2 , 199b842e , 415aa775 , 323cff8a , c35e0296 , 3f90efaf , c2aa4c71 , 044f0d64 , 18dba0fa , f0f6510c , b18537fa , 1f96caa2 , f723c667 , 5d718777 , 85f31e61","dbb40edf , 381af9f1 , d0b28ea7 , 1531beab , 6816525e , 57c962be","9310b191 , 8c8eb689 , 8e013ed8 , 3dd6d930 , dd965cd2 , 4cc501a1 , 8d68c893","91eb4fa9 , 7a9c182e","","9e7e840a","",
"SRG9i","SPINDLE ROD FOR GRINDING WHEEL","1,250.00","SANDHYA","4/1/2026","","","7a55b77e , 8acb03de , fd15b36a , ca9fb89d , 9a53d8eb , 1e5b24cc , 403653f4 , e0fa5210 , 517ce4e6","fd4f8b03","","","","","",
"FPP~CH","FRONT PLATE FOR POLISHING (CH SERIES)","950.00","SHAILESH","4/1/2026","","","ce87d857 , 85846d5d , d5275fd9 , 7f339a55 , 0267ddd2 , c96c09ee","dc7ac044","a7f2d86e , d5203ec1","c1e8ffed , 378cea28 , ff9c941f , bbdda1f0","","","",
"MT~24H2(DUAL SUCTION POINT )","MICRO SETTING TABLE WITH 0.5HP DC(24inch  Table)","42,000.00","ABRAR","4/1/2026","","","979b8450 , 7b3b7e5b , 64f11588 , 89e3699b","10894a04 , 38732905","","","","","",
"WGG~375x150","GLASS FOR  WET GRINDING","250.00","NASEEM","4/1/2026","","","3333ae5e , 38edc0dd , a0847d36","12f86003","","","","","",
"EB1S","ELECTRIC BOX 1 SOCKET","250.00","SHAHID","4/1/2026","","","","","500a9a74","","","","",
"SM~150R","SUCTION IMPELLER 1.5HP REPAIRED","6,400.00","HASIB","4/1/2026","","","","db19edbd","","","","","",
"S~50E","0.5HP DUST COLLECTOR UNIT(SINGLE POINT)","6,000.00","PANKAJ","4/1/2026","","","6a4a13ac , 4e3548b1 , 5226be3f , 92c892ac , 2f49d8a3","930b9ad6 , 182a8196 , 7bf659fa , 85f31e61","d8b3b3d6 , 4f2ddf6f , 406b562b , 0b44b202 , 8ae24b6a , d705b370 , 771eacda","b7efec5d , c552f1c8 , 569be2cb , f52d8e4b , 4286788d , 316cb2a0 , a8daf139","3b729177","","",
"HMS~191x92 (SS)","HOOD MESH STAINLESS STEEL (191x92)","1,550.00","MILIND","4/1/2026","","","8c6d9c81","f9ed29dc , c78d7934","","","034f9ed2 , 094fbd7c","","",
"SSWFT ~ 30ix6i","SS MESH FOR WET FILING ~ (30iX6i)","1,250.00","SHAHID","9/9/2025","","","64ca0917 , 54498874 , 0ade3660","","","","","","",
"MB~30F(FOR DAILY ACCOUNTING)","MICRO~SETTING TABLE WITHOUT VACUUM FLAT TRAY(30 INCH TABLE)","18,500.00","SHWETA","4/1/2026","","","","","","","","","",
"NW11iD25iH","Non Wooven Bag for Single Polishing","650.00","SHWETA","4/1/2026","","","389f0571 , 86f3663e , 9df19e36 , 17bc12a5 , baa637ec , 636a8e73 , 7b6b5577 , 3e11dba0","0f9e44bb , d16e7a8f","","","","","",
"SMSGW1","SERVICE AND MAINTAINANCE  SGW SERIES (1 MACHINE )","2,400.00","NASEEM","4/1/2026","","","78498dc7 , 30c4d501 , 6b084adf , fac264b9 , 8ed7ab93 , 20dd732f","","","c7790aa4","","","",
"MCMSB30","METALLIC CLOSURE FOR METAL SETTING TABLE (30inch)","1,500.00","SHAHID","4/1/2026","","","bb57ab95","","","73280358 , 391828ae","","","",
"MSB~30 (30inch Table )","METAL SETTING WITH MICRO SETTING TABLE WITHOUT VACUUM","20,000.00","SHAHID","4/1/2026","15","20","2017896d , 37a2ff4c , 7eada903 , 04fa6f25 , 96de0b9e , 964a0bfe , 90b31dfa , b3174920 , 885d93d0 , 342341d8 , b3238f4e , 7775a959 , 5c189f4d , 17907a06 , b95ed3bf , 1a3fec47 , cb2d4b87 , ca77a9d7 , d8b3b3d6 , f3a2775f , a5b2e1ee , 74233cf3 , 742f13e6 , d131b3b6 , 582a4870 , d8b3daac , 83ef0d7d , a0562ccd , fc530310 , 24c2fa3b , 660d4f54 , b954d66b , f8314e03 , c19ff83d , 3b4f8dd7 , 69d27fec , 5935d8d1 , dca7ab23 , feed5a8b , 8cf7f178 , 584845b3 , 350ce713 , 8d748092 , 50539a23 , 4d69ece0 , a8f07327 , e964c499 , d7d58851 , 3e1d9c11 , 1a0538b0 , fe26849a , 55136a0a , bc8d22f8 , 48126814 , b9edcd3a , aaa791b9 , ae4d3e68 , e4c2b717 , 28f8467b , efabc35b , 6d2b57a1 , 7f67bb3c , 84289323 , 7bef7ea3 , 8a120929 , 28b3aeee , 709c4ee7 , 0fa1d11c , 4cfff50c , 06d925de , 8ee7ae75 , ba9f613d , f03c9f2b , 5c9b1fa4 , 6e71459f , 751ad3f4 , 2d72fffe , 7603dab5 , 7ac199a1 , a53068c8 , d2954846 , fe4138df , 66bacc70 , 881affec , 8d811196 , d8785d13 , f7fd0392 , 5306d93a","8d0de579 , 004289ee , e6b6adc0 , a37e6db1 , 412a2ecf , 7d9ecea8 , 74b003e9 , 60fbc48e , 151496df , b536620d , 8268301e , e8962526 , 7486d22c , 7f79248b , 84bf1d9e , d61ff7bb , cd44a987 , 0d80044d , dbc9707e , 4afe37f0 , 901ac9a4 , 984c30b9 , 534fc90e , 6296a277 , f01cc22a , c4ffaadc , 3a123e20 , 3df4ee66 , e97a3071 , b1fe68c8 , b812f26c , dec50dd4 , 68a7b016 , 3514d0a1 , 4e36c855 , 8f261741 , 1de8e2ae , ab57f116 , e0787bec , 3d578bf5 , aae3245e , faf75f81 , 972f9f50 , 10f28401 , d9fc5006 , 03809df4 , 08b5f219 , ed44e4ba , d6b42772 , dde10730 , cc14c9cf , ae615940 , f555672e , 9c6d3c7d , b0479d22 , fb5147bb , 421fcf75 , 3b6923c6 , cafa50b0 , efd78786 , 5c7ac851 , 42c2ae3e , 769f0182 , b0a7cf7f , dd95fe92 , 5e35f797 , 67afb4b6 , 26cc7e9d , 23b8f085 , 1cbd5fb4 , c5bcc9d4 , eaf95e90 , 92e190fa , 8957a8c7 , ce6aae2f , 2840268d , c22de626 , f2e511e2 , 7019f37d , d5a2be94 , 5a8e1cbb , 9100fd45 , dc45bdbd , ea00e8c4 , 4dc373c5 , 4334c64c , 276df1f3 , eafe3f1c","73280358 , 391828ae , d043cf11 , 38732905 , 33c49cfb , de6181c8 , 76a08077 , f92230dd , bdc9555a , 7b73efb8 , 33b26676 , 09399f38 , 203b8ce4 , 62fe1831 , b7060db7 , 6816525e , 80c1a7eb , 372de059 , a96f4602 , 61d5ab76 , ef83d04d , b78c4779 , 3dec3f15 , bfed9425 , a67b7815 , aa8902d3 , dad58cd1 , 9393d952 , 737b2729 , bb823103 , 639fe428 , a416aa2e , 24089244 , ad0cd3e3 , e4a461f6 , b1f24528 , f60a9140 , 7eaefc21 , 5c235b3e , 77bf4c39 , 81d233e5 , 07ef13f6 , 16b58d14 , bd7428b5 , d734a7f2 , 25f17b55 , 6be2c957 , 49a98753 , 71634298 , 5b0612f6","f997e205 , 12c45e1c , c55285ee , 25a0780c , a5546cd3 , c0011b1b , fd533cf6 , 5ff68665 , 7c92ad0e , 2a55c821 , a6aab33c , d4f814f3 , 2e05e79d , 7d410e13 , 179578a2 , c64481dd , 1e1b816e , 272d8247 , eaa50fe8 , baee9228 , e6300ef0 , 0d77a984 , 3a4e9480 , 27e6f9e2 , 363fb382 , 534ef805 , ebbfad17 , a2596c01 , 384a4e47 , c0088912 , 1ac6e35e , 7386df96 , a9d25107 , 19c35e3f , a65e504f , 5d01589e , 2ce666c5 , 3287b7e6 , 3d69c47d , c0c9ce31 , 097300f6 , 26181ecb , 1ef9c7b3 , f8240127 , dba3b77c , 3ddd3328","7bd7d6b2 , 9e5d3bba , 7b5f3608 , 873c3d9d , a068106a , 1a2c5804 , efe5185b , f34392dc , 7ff2fe31 , c828f9c3 , eb9dfc5c , c92e37cb , 6383a966 , 4df2afc8 , cd380338 , 6a4246bd , 9db3a99f , 2335dc44 , 477de352 , e37e7506 , f644885c , 90d50f43 , be8e8073 , a1caef89 , b5df942b , cba0bbf0 , 1fdf8fd2 , 25045fa6 , 84b4391f , 057aea68 , cbf7d827 , 6cb81571 , ad40c867 , e863e528","c805192f , 5314ccd7 , e26e91b1 , 006579c3 , 6afad050 , 71b6823b , 414ed853 , 0b688162 , 976df217 , d5b005f3 , 2e9d28af , 33bd527e , 2f5b0f8d , 2e2841c2 , a82eda91 , f6fa8c34 , cd4601be , 0a7a3219 , 28449cf9","0d64819c , f2e30602 , 8aaa552f , 9bf10e43 , 496a24c3",
"CDC75D","7.5HP CENTRALIZED DUST COLLECTOR DISPOSABLE TYPE SUITS 8-9 SEATS","155,000.00","RAHUL","4/1/2026","","","4dc7b2d4 , ca653e3f , 031706ff , f2dcae06 , 6def7e7b , 519e1d57 , 892d4e6b , 7d91d9a2 , 46d818a6 , 000fde9e , d6025a83 , 190cd476 , bbd20aa7 , 244e2c1d , 4f16ff2d , ccb63351","8b0c0f8c , 553ecde6","146990b3 , 6870d655","","","","",
"MSB~26 (26inch Table)","METAL SETTING WITH MICRO SETTING TABLE WITHOUT VACUUM","16,000.00","RAHUL","4/1/2026","12","14","2c4ac1a9 , f2248e9d , 36919b1c , 92c63e08 , a9d08d31 , 866365d3 , 9d7aa366 , 5e936b9e , 74b003e9 , 60fbc48e , df7fc9b7 , a31382d0 , 6fe5d9a6 , c7ee9829 , 151496df , c26db14a , c39a98d6 , b536620d , c6b4e548 , fbcb2793 , db530b4a , 88dfc48f , a5fca7cb , 95e48dbc , 26aa26b7 , 7f79248b , e2c91fb2 , 901ac9a4 , fe6c609f , c4ffaadc , 80a196a3 , e97a3071 , b1fe68c8 , dec50dd4 , e6f6cb04 , 0318b212 , af75f922 , 7a889bc0 , 5c5891aa , e8cf3799 , 1dea0245 , 1dff843e , 477a54f1 , 26c77745 , 7a7a8ea8 , cc70b5b1 , dc4b2a5a , 3514d0a1 , 4e36c855 , ab57f116 , b78c4779 , faf75f81 , bfed9425 , b4cd7483 , fb5066c9 , d9fc5006 , a67b7815 , 5f6a5c40 , c825a193 , b0dd82a5 , a65925c5 , 670d2ccf , be5c5c92 , dde10730 , cc14c9cf , 5c340cd8 , af032a59 , bf18e601 , 0529be75 , 260be801 , d55ca75e , b49b40e7 , 029b2253 , f0d2b286 , 6738d746 , 1d8a821e , 8b43ae89 , 1c128b69 , 927fadaa , d7773bc1 , ce008fb6 , 4ee48906 , b0718f1f , 421fcf75 , 737b2729 , bb823103 , e2fe9aa3 , 1869ff6d , 5e35f797 , 24089244 , d78d5503 , b459e926 , def878cf , 658bd73b , 029f804c , 3f1a4df2 , 22e2b008 , 655b2871 , 0224969f , a82e6bb2 , 42e7ef95 , e566ee9d , 279db5be , 49a98753 , 71634298 , 914eb0e7 , 75b35237 , c524acea , 53b3632b , 2d29cef1 , 3d93d744 , 335d1979 , 7efa21f2 , 5b0612f6 , c6350a8a , 92540ff3 , 7f13b67c","17db44e7 , 6750eefb , a55c8e1f , 2cb72ec8 , eb67bc96 , b5700bd4 , e57310cd , 61b6f0f5 , ef604a16 , 94277cb9 , c3c7818c , 6d110f5e , 0959df52 , ef9961a7 , d1b211c9 , f1dcae1d , 968fd9bd , be20dbba , c0011b1b , 83cdfb79 , 6a98ee3e , a68b0ecb , c32f6fe9 , 2bc10e6e , ab310600 , a9c1fa5c , 76d52b85 , 350ce713 , 8d748092 , 50539a23 , ad7668d9 , 29f8cc3d , c424a7f8 , 03964c9e , 6f8c8b23 , 7064288d , a24f2891 , 47476da9 , 5ce405ea , 81e8cf38 , 2c490d68 , 68d6907e , ea11b952 , 69a6d1a0 , 4084773a , 240f9b14 , 3eafa58c , 3d69c47d , 0b9ceaa0 , 8d811196 , ec173b4f , 47cd7390 , 79c06754 , 84d9ec1e , 603f3e8e","a951ec9c , 9f459ab1 , f3a22d1c , 448e430c , 891ee466 , 1b6f9a0f , 4d5ec67d , 257401de , 2c86380d , eb2ffc5b , f1225720 , 8e6da56c , 945bcca9 , 9c4cfb76 , 0e90147f , 584845b3 , 8a565538 , 5cf4bf34 , 0d91fd02 , f145140d , 534ef805 , 61555a8f , 93a3ec44 , 8569f629 , a481a833 , 8014486f , a1f5a35d , b9faedef , 0cb01997 , ad40c867 , c176eebb , 3287b7e6 , e207482b , f8dfdf8a , 8374cc31 , 57ec3ee5 , 9dd38357 , e863e528 , aaca05e4 , 74c21d0f , 7cfdd31a","d083f092 , f92230dd , bdc9555a , 7b73efb8 , 33b26676 , 60560c40 , 80c1a7eb , 088ceba6 , f67928b7 , fcb17804 , 08b5f219 , 976df217 , 9db3a99f , adcda2d7 , 639fe428 , cc9ffb0c , fc197911 , 3dcb78dc , 2a095352 , fdadff86 , ebaf9de8 , 9adc7144 , ab796053 , 22e92a9d , 78b5c139 , 2f49d8a3 , 0e0863bb","9fcf2b7e , bf54e2bd , e01be0a4 , 414ed853 , 0b688162 , 5ff397ab , 8dde10c5 , b666ce8f , 028a738e , 085b3d27 , f26474d0 , 6442be20 , f75d016d , 9f546320 , 976df217 , 189772df , 418eb7d8 , 47c73619","d4d58ba9 , 1a2c5804 , b0970330 , 69b3a6ab , 496a24c3 , 7566044e , 1101d226 , d8f12e40 , 0d567fca","b9cf88a4 , eec098ce , 4cd5f42f , 56492a1a , 9e7e840a , 81581b36 , 79fe6149",
"HPTL3i(WHITE RING)","HOUSE PIPE TRANSPARMENT LOOSE (3inch)","16.50","HASIB","4/1/2026","","","8bb014b3 , 9e871c50","d0b5ab5d , 6b4a47e2 , 7422b5b7 , feaa0185","0f880185 , 479c3949 , 6638f8c7 , 736d5202","","","","",
"POLISHING UNIT","S~50K (SINGLE SUCTION POINT)","9,000.00","PANKAJ","4/1/2026","","","","","9f6ffb12","","9f6ffb12","","",
"FTF~21B (DUAL SUCTION POINT)","FIX FILING TABLE WITH 0.75HP DC","40,500.00","ABRAR","4/1/2026","","","146990b3 , 6870d655 , d525b76b , d41d65f5 , 4d7996d2 , 62827697 , 794c81ab , 5b472c97 , 5ac2ce79 , 052b6672 , 02a28bd5 , eef14ace , a540abe1 , 69769931 , 144d0e97 , 6998a2fd , 61335ed2 , 156061cd , cb660b66 , c5b2349e , b64354d6 , a50bbf86","69b3a6ab , ff791bee , 31441b1b , bf3bcd01 , 95abb853 , a2596c01 , f08757e4 , 8a536530 , e0bd697e","60023443 , e7585f65 , 41f8c552 , 6a4246bd , bb37ddca , 74ff3057 , 6b2a7cde , beadbbcb","","2f8c9592","","",
"SRP7i","SPINDLE ROD FOR POLISHING","1,250.00","RAHUL","4/1/2026","","","","","59613f12 , 8d9a5bd1","781f9f33","","","",
"CDCFA28i","28inch FILING TABLE DUCTING FOR CENTRALIZED DC","22,000.00","RAHUL","4/1/2026","","","","46d818a6 , 000fde9e , d6025a83 , 190cd476 , bbd20aa7","","","","","",
"SBGM","SS BUCKET FOR GM SERIES","700.00","RAHUL","4/1/2026","","","ecdba886 , 421b6bc3","","","","","","",
"CDCFA24i","24inch FILING TABLE DUCTING FOR CENTRALIZED DC","19,000.00","RAHUL","4/1/2026","","","1c157324","","000fde9e","","","","",
"FT~30SK","FILING TABLE WITH 0.5HP DC & SS BODY(SINGLE SUCTION POINT)","56,000.00","RAHUL","4/1/2026","","","","","","","","","",
"FTS~30K(30Inch Table)","FILING TABLE WITH 0.5HP DC & COMPLETE SS BODY(SINGLE SUCTION POINT)","72,000.00","RAHUL","4/1/2026","","","6cf6464f","5ae9cde7","31f7fa67","efe5185b","","","",
"FTS~24K(24inch Table)","FILING TABLE WITH 0.5HP DC & COMPLETE SS BODY(SINGLE  SUCTION POINT)","50,000.00","RAHUL","4/1/2026","","","abb7eafe , 0fd57dc5 , e1041cc6 , a6d5bc1c","efe5185b , 2a132665","69769931","","","","",
"MSB~30S","METAL SETTING WITH MICRO SETTING TABLE WITHOUT VACUUM","32,500.00","RAHUL","4/1/2026","","","2a03f009","1b432b20 , a3ae9c50 , bfc46705 , 1869ff6d , 023284c4 , 31f7fa67","dd336296 , 202d1450","d0338110","","efe5185b","",
"MB~30U(FOR DAILY ACCOUNTING)","MICRO ~SETTING TABLE WITHOUT VACUUM (30inch Table)","24,000.00","RAHUL","4/1/2026","","","b1c4ec3c","","","","","","",
"FB~30FMS (FLAT TRAY)","HAND FILING TABLE WITHOUT VACUUM (30in Table )","19,000.00","RAHUL","4/1/2026","","","a3a9daa2","","","","","","",
"FBSS-30","HAND FILING TABLE WITHOUT VACUUM (30inch SS Body)","31,000.00","RAHUL","4/1/2026","","","0f572d46 , 09c503fe","2d1519d0","","","","","",
"FTWSPA","SLIDING PIPE ASSEMBLY FOR WET FILING","1,150.00","HASIB","4/1/2026","","","d7df00a7","","","","","","",
"F~224BK","TWO SEATER FILING UNIT WITH VACUUM","30,000.00","PANKAJ","4/1/2026","","","","","","","","","",
"RMFT~31","RING FOR MACHINE FT SERIRS (3INCH PIPE)","1,250.00","MILIND","4/1/2026","","","3fb3c69d","","","","","","",
"RM 0.75","REPARING CHARGES FOR 0.75HP MOTOR","3,850.00","HASIB","4/1/2026","","","fbdc68ef , 9641ad6e , 7f231e7c , 79fe9af6 , 0dc2d29f , d4a2c34c","","2ecfdd5b , 3ae4d322","","","","",
"HOPM20MS","MESH FOR 20INCH SP75HK","950.00","RAHUL","4/1/2026","","","afc278d5","","","","","","",
"FBF20MS","HAND FILING TABLE FIX TYPE(20INCH)","15,000.00","SHWETA","4/1/2026","","","5f347ff7 , a100b50e , b221d25b","","","","","","",
"HDSSCH","SS HOOD FOR CH SERIES","4,500.00","RAHUL","2/2/2026","","","389998cb , 9390983f , 252c25b2","22457ea7 , 6c4365d7 , 11bff1a6 , 2ede3a1d , 4ab6f8ff , 04eecaab , 7667f7e3 , 0339c918 , e0b297b2 , bab979a6 , 7cbd2356 , c7909ea0 , 7a9c182e , 22e215ec , 5e6379f5 , 77bcd61c , eebdfb10 , 585de4c7","9a5d0cb5 , 862fd027 , bc1f1749 , 047eafb9 , 0a1039c4 , c5b2349e , eef48b2c","82c27d92 , ad82dd10 , 1ec687f6 , e5ef489e","","9043cc9c","",
"NBWP","NYLON BAG FOR WATER PUMP","145.00","HASIB","4/1/2026","","","14d65263 , a2893bee , 084ae6b8 , 08c89c49 , eb1a8154 , e3f588d3","6b084adf , 3bb4efda , 446ea784 , 9e50d52e , f0f6502b , 7d482d47 , 581418c0 , 152a7fae , af94bd2d , 1bfd7248 , f8a59ca9 , 2695f229 , c429fc6b , 99be889b , 8ea22f99","db58d9f1 , b239f756 , a0a4cc7e","f8acef92","","","",
"CDC75D6F(28INCH)","DISPOSABLE TYPE 7.5HP CENTRALIZED DUST COLLECTOR FOR 6 FILING TABLES","267,000.00","ABRAR","4/1/2026","","","95757504 , 78e144b2 , d42a069e","","","","","","",
"HBT~21B(DUAL SUCTION POINT)","HAND BUFFING TABLE WITH 0.75HP DC","39,000.00","ABRAR","4/1/2026","","","d9f82543 , 5dbc6f02 , 51f5edd0 , a7a6f817","09ea85b8 , 87e8164d","c92e37cb","6fe5d9a6 , 24806c3a , d2dff790","","","",
"SPW~50","SINGLE STN VACUUM BUFF POLISHING WITH WATER","53,000.00","ABRAR","4/1/2026","","","bee48c1e , 614549b2 , 5df17e71 , 7b8f5838 , cc167ace , 9f1fb42c , 3b6b8d45 , c69f3fc2 , 69b3a6ab , 1405f5e3 , 6add082a , 37bb79fb , fac609e9 , 49897aab , beedd153 , 813c3ede , 44ef24f1 , 4e5aafb1 , e8d75b30 , a563a11d , 6b352a3d , 04ae8feb , ef68d810 , 3326ce1f , 92ccc0be , d8b09683 , 6f688e44 , 9429535d , e597e3a5 , 64a721ff , dcc14349 , 0a434379 , ce26ae25 , 89d9d6e6 , e46ad5ab , ad47820b , 52e1b627 , 7ed1b78b , 8f300428 , 08da98fb , 78827832 , 68d6907e , 3ef559fe , f7ddf062 , bdfda2f8 , b26117eb , f2781806 , fbf7b8e5 , a633f3eb , b0e99596 , 82e8c46a , 9d769759 , 579dcf4d , 4576fbb0 , 1bd55396 , b2dace5d , 49314dd6 , 03f1a9f9 , 966557b1 , c6e4eabc , 745d1017 , cf994f67 , 3b38b939 , dd323dd0 , 83892dd1 , 440a5091 , 0ebc22c2 , 716cb914 , 2d916dcf , 0bd20067 , 77c9985e , 4585a912 , 010a235a , cd36f9b8 , 0e172c2d , a35e1862 , b86ed700 , 6956b01a , 43803af1 , dd6db5e1 , d07879b1 , a5ee0f5f , b3c72268 , 66a94178 , 39d836f0 , dd1ff8a9 , da6dae09 , 4b822b60 , c29393f5 , 7171ddd8 , 30f2ccc2 , 684b524c , a68e181b , dbdd3b69 , baa9182a","1537365d , adf94b18 , b31256c1 , e316c5e1 , 188d304c , e10beacc , 0013b22e , 052b6672 , ae70c2d2 , f8c1f81a , e5fe140e , 65c5b2b0 , dd5cdf0a , 3ea7ff2b , 03c4baa0 , a15d4017 , 5ee40f68 , e1bfeecc , 1fd913fc , 4966b690 , cc2aa5b3 , 47f56dca , 90f3722f , e996d88a , 2ba64d94 , 4166de71 , ca8fa528","a8731933 , b954d66b , da46f4b1 , 7064288d , 5c340cd8 , fdb113cd , aaa791b9 , 384a4e47 , 610a11f9 , 298bc16e , 6376e6c4","de639b74 , 33bd527e , 84b18994","4cfff50c , 27f984ef , efffb200","","",
"WMWFT30(WHITE)","MESH FOR WFT30S (218MM X 318MM)","430.00","RAHUL","4/1/2026","","","b413fc5d , 07c748b0 , 675fcf3f","658b3ef8","","","","","",
"DTSG","DUST TRAY FOR SINGLE GRINDING MACHINE","1,120.00","PANKAJ","4/1/2026","","","467bee75","","","","","","",
"WNGB24i(9i)","WOODEN PLANK WITHOUT GB(9inch)","680.00","RAHUL","4/1/2026","","","","","","","","","",
"FT~26T(26inch Table)","FILING SETTING TABLE WITH 0.5HP DC(SLIDED TRAY)","36,000.00","ABRAR","4/1/2026","","","79f821db , 130fd4f6 , c29ab59a","","","","","","",
"S~50K (SINGLE SUCTION POINT)","POLISHING UNIT","9,000.00","PANKAJ","4/1/2026","","","2b326203 , a4efc1a9 , 0681cb4f , 4a01922d , 6d26502b , ef086eac","8c8eb689 , 77c72499 , 32676af1 , 11dad67b , 5d9f877d , bbc2a641 , 36ff194b , f51049df , efcec565","ad6ce30f , 4cd5f42f","dd965cd2","45ec8534","","",
"RECFMS","RECTANGULAR FILTER FRAME MS","650.00","PANKAJ","4/1/2026","","","","","4a454936","","","","",
"LFTSS","LENS FOR FILING TABLE(SS)","1,800.00","MILIND","6/10/2025","","","e178ec0f , 480bbad0","f13e6428 , 1b706d13","","22e215ec","","","",
"TRR5i","TRANSPARENT RUBBER RING (5inch)","380.00","MILIND","4/1/2026","","","6ea578d0","aa2ad87d","","","","","",
"IMB","IMPELLER HUB BALANCING","3,450.00","HASIB","4/1/2026","","","70746d3a , 8bec1a60","ead90ae0 , d1f6379a","","","","","",
"TRR2i","TRANSPARENT RUBBER RING (2inch)","240.00","MILIND","4/1/2026","","","4ba2ee06","","","","","","",
"TIE","TIE","15.00","HASIB","2/6/2026","","","c1f78dff , 9c636d5d","5becc01a , a9d2ba52 , f4767d2a , 9221d218 , 5b36f054 , 20c22885 , a6e128a5 , ce07caed , 444fccd2 , 4a2f9bbf , 3480d7c0","ee84b332 , 945024aa , e7a411f0 , a3a86af1","db668403","3dd36fc4","","",
"CPFDC3i","CONNECTING PIPE FOR FILING DC(3inch)","1,950.00","ABRAR","4/1/2026","","","","","","","a893ad3a","","",
"CDFDC3i","CONNECTING PIPE FOR FILING DC ( 3inch)","950.00","RAHUL","4/1/2026","","","02e46dc4","ecdba886","","","","","",
"HGLF","HAND GLOVES FOR FILING(L SHAPE)","220.00","PANKAJ","4/1/2026","","","92838b08 , 0df63941","","","","","","",
"CDC75D9P","DISPOSABLE TYPE CENTRALIZED DUST COLLECTOR FOR 9 POLISHING","394,000.00","ABRAR","4/1/2026","","","15477b16","d42a069e","","","","","",
"CDC75D8P","DISPOSABLE TYPE CENTRALIZED DUST COLLECTOR FOR 8 POLISHING","368,000.00","ABRAR","4/1/2026","","","a2aa38fa","","","","","","",
"SMLP","SERVICE & MAINTAINANCE (LP SERIES) 1 MACHINE","1,950.00","ABRAR","4/1/2026","","","0ba7ca30 , c417a3cd , 85b66f38 , 19d9bd88 , b55e4dcf , 7d98dc3c , d71794f6 , 322346d5 , cacfe39f","bb059e66 , 8271ed73","c7790aa4 , f437f321","","","","",
"FTF~24(SINGLE SUCTION POINT)","FIX FILING TABLE WITH 0.75HP DC(24inch Table)","41,500.00","","4/1/2026","","","","6822ac01","","","","","",
"EWCT15","EXPORT WOODEN CRATE","7,000.00","","4/1/2026","","","","","e581e3b2 , 1c6c3270 , bd8ed36b , 9f8a2df3 , 8dc3ff45","","","","",
"WCG60","WOODEN CRATE","2,200.00","","4/1/2026","","","","","cb21bfbc","e581e3b2 , 1c6c3270 , bd8ed36b , 89688969 , 40cca0ce , eff48d75 , a27d11e7 , c7c05d4b , 445d03b4","","","",
"LH","LAPPING HOOD WITH SINGLE SUCTION","6,200.00","","4/1/2026","","","56cc33ed","","","","","","",
"LM75","LAPPING MOTOR WITH 0.75HP","7,700.00","","4/1/2026","","","dd890170 , bb059e66 , b0177f56 , 2ddc751d , f437f321","56cc33ed , eeb06ced","","","","","",
"CDC30H","3.0HP CENTRALIZED DUST COLLECTOR(HOPPER SERIES)","115,000.00","","4/1/2026","","","e4d4fc58 , c4f2ed4f , 4bbd858a , a93b244f , 57fe10a3","97f0516f , 3dcff63e","","","","","",
"TPOSD","OUTLET STAND FOR POLISHING","980.00","","4/1/2026","","","3a66d12a","","","","","","",
"GBFT","GB FOR FILING TABLE","680.00","","4/1/2026","","","58ebacc9 , 76a08077 , 53e37bc1 , b9c06882 , be91d4f6 , 2a6d04aa","10e0d97c","","815bb229","","","",
"FS~24","HAND FILING UNIT WITHOUT VACUUM(24inch SS Body)","13,000.00","","4/1/2026","","","62e34a9b , f8afcc3c , 9d43937a , 8603bab0","","","98a8b183","","","",
"MS~24","MICRO SETTING UNIT WITHOUT VACUUM(24inch SS BODY)","14,000.00","","4/1/2026","","","","62e34a9b","","","","","",
"T15~CR ( REC CAT & ELLIP MESH)","TWO STN POLISHING UNIT","15,000.00","SHAHID","4/1/2026","","","d3472718 , e2742599","","","","","","",
"NGBWS6I","NO GB WOODEN TABLE WITH SS PLATE (6INCH)","850.00","SHAHID","4/1/2026","","","964b605c","acaaa4da","","","","","",
"SM12S75HK","SECONDARY MESH(12MM)","850.00","ABRAR","4/1/2026","","","245be706 , 98853336","","","","","","",
"FG~720x215","GLASS FOR FILING TABLE","300.00","SHAHID","4/1/2026","","","65ea2759 , f74aec1c , 12f86003 , ee5e94c4 , ed1ed4a8 , 82e59e78 , 385be58c , 65143479","074d3d29","e35a8475 , 3bde29c4","","","","",
"DTTP","DUST TRAY FOR TWO STN POLISHING","1,860.00","RAHUL","4/1/2026","","","9702976b","","","","","","",
"RYBIB","RYB INDICATOR BOX(METALLIC)","1,600.00","","4/1/2026","","","","cab25018 , 500a9a74","","","","","",
"BSA(3x6)","SPONGE ASSEMBLE(BLUE)","750.00","","4/1/2026","","","dd3462f2","acbbabc0","35c3db5d","","","","",
"CT~24K(SINGLE SUCTION POINT)","CHILAYI TABLE WITH 0.5HP DC(24inch Table)","37,000.00","","4/1/2026","","","b7906444 , e71c1ae6 , 12e6b155 , f8f43ba4","232f44b5 , ef257572 , 498be1ab","","","","6be2c957","",
"RM2i","ROUND MESH (2inch)","85.00","","4/1/2026","","","d22bdc24 , a908d2c0 , 7dd44aa5 , abd4bd6f , 9a189611 , 9ed4315e , fef2f309 , a901cbb6 , 0c185931 , d03d0338 , 7bd9594e , 626a3ad3","6575bf2b , b241fd6b , ea7dd2d4 , b998c846 , 73658797 , 5c57a77c , d616ce3e , ef5b0042 , 6e1dec67 , 897a29fc , 02ffcbd1 , 0abca94b","2046f9f6 , 7f2bdd47 , fed5568c , 2d927f63 , 42c09036 , 45ddd091 , 2dca6902","a2e36737 , 0df7b50a , bff31063 , 72460834 , 9d0e7f63 , e423c38b , 8b3a0cf3 , 77cdebb1 , 036d28be","db932b7f , 6a502552","","",
"FPP","FRONT PLATE FOR POLISHING","450.00","","4/1/2026","","","d2f94514 , 0165d06a , 1ee58bc6 , 8d2912a8 , 9b4179dd , 9f6185a5 , fc9d1554 , a80a2c43 , 122b9e86 , 8f302717 , 70bc7094 , 98421154 , e4eef22e , 326a70c8","0aa7fbf0 , b2bceb2b , 21548939","6230b5ea , fd52643b , 2d10d83d , 4e5bba2d","","","","",
"PHCH~15i","POLISHING HOOD FOR CH SERIES (15inch Hood)","6,500.00","","4/1/2026","","","ef38e0bd , 953d273b , dee8e46f , d1c1c74b , d9ba93bb , 1f434209","","","","","","",
"FT~24SK","FILING TABLE WITH 0.5HP DC & SS BODY(SINGLE SUCTION POINT)","51,000.00","","4/1/2026","","","1b62ba68 , e6f65d8a , efe5185b , acb1f4a8","1940f211 , 3b5a7139 , 5e2b7fb8","","","","","",
"SMCDC1","SERVICE AND MAINTAINANCE FOR CDC SERIES 1NOS","2,800.00","","4/1/2026","","","fe304044 , 15a3d1cd , aca47e8f , 0c2b1fcf , 11a706b4 , 022fe21c , d4734188 , 37e318a7 , bd720515","","","","","","",
"SMCDC3","SERVICE & MAINTAINANCE FOR CDC SERIES 3NOS","5,100.00","","4/1/2026","","","","fe304044","","","","","",
"LPHF(12i)","LAPPING HOOD FRONT WITH HANDGLOVES","1,650.00","","4/1/2026","","","eeb06ced , df5df377","3e0eaede , a15d8ad3","","3b45c6da","","","",
"SGW~50F2","DISCONTINUE","96,000.00","PANKAJ","6/16/2025","","","a28fe443 , 2a8cbfec , 97996702 , 7fb5ffae , 6718b2cd , da46f4b1 , 1af088ec , e58f42fd , a8daf139 , da042075","0aac80aa , 6add082a , e161e139","","","","10578da1","",
"IF150","SUCTION IMPELLER FLANGE 1.5HP","2,200.00","SHAILESH","4/1/2026","","","980ade1c","","","","","","",
"MBS~24H","MICRO~SETTING TABLE WITHOUT VACUUM (24inch SS BODY)","28,000.00","","4/1/2026","","","b3df9001 , 79e4d442 , 414ce1b8 , fa298de0 , e3bd096d","efb0bdbd , 9ba46419","","15a0aa6e","","","",
"G~75HK20i(Dual Suction)","GRINDING UNIT (20inch)","24,500.00","","4/1/2026","","","ecf5c16b , c7ab4b62 , 4f53e7f8","","","","","","",
"MM(190x93)","METALLIC MESH (190X93)","960.00","","4/1/2026","","","b1bb84ec , 4a28150a , 2ebcfe47 , 031cd8bc , b7567b8a","2447c9e4 , abac9800 , 3ef384c4","bccc78d4 , 1ff82126","","","","",
"TCNW","DISPOSABLE BAG FOR POLISHING (NW)","400.00","","4/1/2026","","","9597baf1 , b6b680d9 , 81686bc3 , 145fad21 , 61a8bb48 , ffd83d8e , af12fcda","d8d23f8b , e8f36c05 , 0d812380 , 7f16d18b","","","","","",
"TP~150CH2~SS(SS HOOD & DUAL SUCTION)","DONT USE","92,000.00","SHWETA","4/1/2026","","","f1dcae1d , 6376e6c4","3da3e39a , 99522cd1 , ab936386 , 3f4a8030","","65a3bff5","","","",
"SP~75HK~SS(SS HOOD & DUAL SUCTION)","SINGLE STN POLISING MACHINE WITH 0.75HP DC (DISPOSABLE BAG TYPE)","56,000.00","ABRAR","4/1/2026","","","be491021 , acad8d9d , 16fc91a4 , 602ef6df , 8df4cf39","25a2419f , 5754916f","99522cd1","","3da3e39a","","",
"LP~75D~SS (SS HOOD & DISPOSABLE BAG)","LAPPING MACHINE WITH 0.75HP DC (SS HOOD & DUAL SUCTION)","54,000.00","ABRAR","4/1/2026","","","c41952a7 , 8a3f944c , ad2fa47c , e6a9a0ab , 383aeef3 , 3ddfd5c5","9ca85664 , 153bc902 , 95c39742 , 6bf50126 , 571fc931","3da3e39a , 8748bbdf","99522cd1 , 9a5d0cb5 , d079905c , fc4c5c5b","","1ec687f6","",
"MTS~30 (SS BODY &  WITH VACUUM)","MICRO~SETTING TABLE WITH 0.5HP DC (30inch Table)","47,000.00","","4/1/2026","","","","","","3da3e39a","99522cd1 , 795c1c34","800a43d7","",
"OMCM~26inx8in","OUTLET MESH CORE MESH ASSEMBLY (26x8)","385.00","","4/1/2026","","","","4988c2fc","acbbabc0","f484edff","","","",
"26FEC75DCNW(28w x 26h)","26 FOLD FILTER BAG FOR 7.5HP CENTRALIZED DC","13,300.00","RAHUL","4/1/2026","","","f3d1d8b6 , 90c03859 , b03cc18b , c7e491c6","","","","","","",
"WN8","WING NUT (8MM)","25.00","NASEEM","4/1/2026","","","","247972c4","","98728da7","","","",
"SFPT15CH","SLIDING SUCTION FLAT PLATE  FOR POLISHING","2,650.00","SHAHID","4/1/2026","","","8d301d69 , 165f394b","","","","","","",
"WGB24i(9i)","WOODEN PLANK WITH GB(9inch)","1,650.00","SHAHID","4/1/2026","","","acaaa4da , cd836768","","dcf8c9f6 , a893ad3a","","","","",
"FMC50 ~ 18x27","FILTER MESH FOR 5HP 25FOLD FILTER (Size 18inch x 27inch )","485.00","RAHUL","4/1/2026","","","","","","","","","",
"WFT30T","WET FILING TABLE TANK(30inch Table )","13,500.00","SHAHID","4/1/2026","","","70b07473 , 515ee332 , 4f8d5188","40b135c1","8f642d2d","","","","",
"HPW1i","HOSE PIPE WHITE (1in)","150.00","RAHUL","4/1/2026","","","","61c7aba1","","","","f8573f0e , ecbd2f2e","",
"FT~34K(SINGLE SUCTION POINT)","FILING TABLE WITH 0.5HP DC(34inch Table)","49,000.00","NASEEM","4/1/2026","","","885832c0 , 30193608 , 5b7f021f , 8118a20d , f0b12050 , f9def510 , 66b75c98 , cc622482 , 00af1a62 , 72ca60a3 , 298817a8 , db506da7 , 71bfeab2 , 80e3e665 , ce510ecf , 2633e58d , 5b6be598 , 7ebdb711 , 97c9785a , bd6cc7fd , f866d64f , b4400c37 , e5c81034 , 816ce4f7 , 5dbe7e0c , c6495b22 , dfdb9c07 , a199fdfe , f6b2f409","74b30bf9 , a15ed8c3 , d4f89974 , 67e1145d , ad1dd4b4","","","33c49cfb","","",
"SP~75D(DISPOSABLE BAG TYPE)","SINGLE SUCTION POINT WITH 0.75HP DC","44,000.00","ABRAR","4/1/2026","","","4cb44047 , a15ed8c3 , c5c27d7c , 3804d75a","298817a8 , b4400c37 , 5dbe7e0c","","","","","",
"LP75~D16i(WITH DISPOSABLE BAG)","DONT USE","48,000.00","ABRAR","4/1/2026","","","3e0eaede , b7b868e6","c5c27d7c , 3804d75a","cc622482 , 298817a8 , 5dbe7e0c , be5c1a8c","f9def510 , 66b75c98","","","",
"SDG60","STAND FOR FILING DC(GM60)","2,850.00","RAHUL","4/1/2026","","","cd5caf91","","","","","","",
"SPP","SINGLE PHASE PREVENTOR(IF NEEDED)","2,500.00","ABRAR","4/1/2026","","","2399ee4f , 0ac31a0f , 5121fedb","ab040900 , 1ef5a15d , 854a4dc6 , ab10902a , e9e584b4","813acbc9 , bc6f63ce","298817a8 , 059feff8 , e9e584b4","3e83f297","e9e584b4","",
"MBS~30(30inch Table)","WRONG MODEL NUMBER DONT USE","2.00","SANDHYA","4/1/2026","","","49c62c6c , c9152d47 , 9f712f45 , 28d590e8 , c4070d89 , 7112b837 , 47cf8bf0 , 41292b29 , cc118332 , 6cecd0af , 68361d53 , 695c8a97 , 2407849a , 7217b644 , 613b9adc , 3dcff63e , 62213f38 , 9b66c59a , 46fa33c0","c15de2e3 , db322a3e , ced94248 , 36a9ec30 , 768a021e","4c7d2f17 , 0c4525bc , 15118cc5 , f4d1af4e , b50dc068","4b4c8d29 , 83cdfb79","800a43d7","787280f0","",
"MBR~30","MICRO SETTING TABLE OPEN WITHOUT VACUUM (30 INCH)","16,500.00","SHAILESH","4/1/2026","","","d99a8077 , bad4e2a7 , cf8df949 , 34115490 , ef728942 , 8a0adff4 , 80ab7b53 , 36a9ec30 , 18208c7b , ece51747 , ebca6b3e , 19d43911 , fc9a6ae4 , ed1d438d , c716d2e4","","","4f2057c6","","","",
"RBGM60NR","ROUND BAG (NO RING)","580.00","RAHUL","4/1/2026","","","cb21bfbc , 05a7295c , 38b0b9fa","eff48d75 , a27d11e7 , c7c05d4b , 445d03b4 , d55e6659 , f5305e7e","d74efad5 , bf26101d","1351cd5a","","","",
"FT~24SBK","FILING TABLE WITH 0.75HP DC & SS BODY (DUAL SUCTION POINT)","55,500.00","SHAHID","4/1/2026","","","643902dc , 796d0984 , 7960cab6 , 9ba46419 , 65b67939 , bac532b9 , 21482978 , 47f19516 , 14680bb3 , 35d81d0e , 8e65ab1a , 112a3a5b , 5e2b7fb8 , 737f286f , c5f6250e , 30684107 , 5ba84b3b , 78d654aa , 46abcc25 , 0dd00784 , 530ef283 , c5bcc9d4 , c623e5f3 , 324c9b79 , f0d09b89 , ea576d34 , 2f47a582 , 1b706d13 , 21e062ae","2d150b1f , 8e16c80f , 33c49cfb , 951e1d1e , ea0428a0 , 795c1c34 , 6452d26a , 9bcca01d","acde4ab6 , cd3e82b7 , e01be0a4","800a43d7 , 53881be2 , 4ab6f8ff , 04eecaab","","","",
"FB~24FMS (FLAT TRAY)","HAND FILING TABLE WITHOUT VACUUM (24inch Table)","14,000.00","RAHUL","4/1/2026","","","96ca8803 , b9db9972","","","","","","",
"FB~28FMS (FLAT TRAY)","HAND FILING TABLE WITHOUT VACUUM (28inch Table)","17,000.00","RAHUL","4/1/2026","","","","96ca8803","","","","","",
"TP~150CH~SS(SS HOOD & SLOPE TYPE HOOD)","DONT USE","87,000.00","SHWETA","4/1/2026","","","","","5e2b7fb8","","","","",
"FMRLSP75","FILTER MESH ROD","325.00","ABRAR","4/1/2026","","","","","0a719743 , 8ef99ee5 , 1548d7f9 , d321970e , 3381f07d , 8ef8ba63","","","","",
"B30MS","HAND FILING UNIT","5,000.00","VISHAL","4/1/2026","","","8df9e3d3 , 5e4a06d8 , 1899bfed","","","","","","",
"IHB(FT36)","IMPELLER HUB WITH BALANCING","2,150.00","RAHUL","4/1/2026","","","b18f3676","","","","","","",
"HMS~(AXB)","HOOD MESH STAINLESS STEEL FOR CH SERIES (AXB)","1,350.00","SHAILESH","4/1/2026","","","a16186af","","","","","","",
"SP~75HK2 ( DUAL SUCTION POINT )","SINGLE STN POLISHING MACHINE WITH 0.75 HP DC","46,500.00","NASEEM","4/1/2026","","","6ee741bf , 88e5953c , 2cc1bb50 , b68a93b8 , d1d008f1 , 2a61a6af , 9c01459d , 7c138a49 , 3daa8f88 , 36d64636 , 76ec8d4b , 2d7d2216 , 4dabc010 , ada8f343 , 722c95c0 , 3fbb036f , 69a54598 , c4bf846a , a3b69faf , a5711cfb , d2553d8b , 20d20cae , 2005817f , b312fc69 , 0b228a2d , bb9da483 , bd2245b9 , 5c4a6f75 , e54457a8 , 6571bb80 , c125e4a7 , 5eac89c9 , 7cd003fe , 26113305 , 7d1e8552 , b73a1905 , 1e69ccba , adac7045 , f7e0a435 , cce9670c , 5c0f0286 , c7bb8365 , cb53e96b , 42e4d795 , 49a28a13 , f29fd2fd , 00ed3fda , 6b83e78d , ea6b4c35 , 489d7e15 , 5cde9092 , 2320938c , 0ec5ba32 , 0fed612c , 2f8b0418 , 43f47d22 , 2527c59b , 52f7bd2d , af8d8196 , 442d9594 , 2be53fe1 , ea39912f , 99ced446 , f9cf8858 , 4e934ef5 , 26b2ca1a , 22da4b05 , 621ce814 , a345872d , 1192506c , d2e1ec3c , 374dbfdf , 6a76e68e , e71e78a5 , b8de0f4c , c8eec7f2 , cc6bdf37 , f9ad9fa4 , b64bd36a , 44dd21f2 , 07ea4342 , 234be410 , 027a828a , 735eece9 , e752226f , ebaee47f , 6bd3466d , 4c118875 , 33be0a5e , c1c9c3d6 , 6246376a , b0f868dd","163556fd , c3c2afe4 , d5d9b320 , e97bb00a , 94e1351b , aaa76d37 , a80d0c00 , 6e31b5ad , af5328b2 , 4d23fb95 , 786380b8 , 7f3b43dd , 5cc4f6f0 , a50b933d , 664dc2c1 , dadb32f3 , 368bd09e , ceacbe3a , 04a6d740 , ac639aa7 , 3825bc44 , 5697ac90 , a3da5346 , a942c8c3 , 7f52aef5 , f2f805ee , 123bf2cf , 1d8a3a33 , d75daf6b , c9597ef7 , 25ad01ad , 4ff1a5f9 , 43a6ef88 , b61dc3fb , db3f0e58 , f9e9631d , 580b04eb , dddeb7ae , 51956d28 , 6041d92b , cc6a8813 , a6cc98fd , 8fdab969 , 59aefdac , ea48fe74 , 4cdd0500 , 0d1b48e9 , f10031d9 , ad3b32fe , f0043141 , c6dd9554 , f072a582 , 84c7f383 , 012df0a4 , df300da3 , 501dfe38 , 56c9b808 , 6595c7d5 , e065b963 , 515bb9fd , f3ea289c , d54de34e , 1aa6c53c , babdbd16 , d82ff8f5 , 9e6311c2 , dba7540b , c1df8489 , 87aa5ee9 , 65f618fb , ef16e00e , af3dd7d6 , c805192f , 9c42513e , a5570ff7 , 3c6a3781 , 1c0676b1 , f9912a7c , 2c6732fa , 1a2c5804 , c1e5ceb5 , ed0f0e2a , 062b572f , a36974e2 , 75d60144 , 71c59286 , 9dbf862f , 18434fd7 , 24805d80 , 706b93f9 , 315fa30d , 9550a0a4 , ba5d74b0 , 9f7ddc7e , c081eca4 , 5df81ce9 , 7b0faa0e , 7c509a76 , 73c992a5 , 179578a2 , 23b94c58 , 09f7aa1c , ffdaf604 , eaa50fe8 , 634bb2be , dad58cd1 , 6e790f56 , b3f13b3c , 77028bf1 , 2335dc44 , c0adf775 , 5b01a81d , 534ef805 , 8f300428 , be9588a0 , 61360495 , 31e7599c , b41bfb5b , c5c55880 , 23b4e8f4 , a8174e5b , 5cf288e3 , 88d6736c , c21b6dd8 , 23cd5233 , 6179628b , 8dfd1c44 , 60787512 , 436c3a0c , ccf7456e , 048182db , a5eccc8b","532902bd , 70305fe5 , ec657eba , 9856a689 , a72fa1c5 , 0a604478 , dfc917b5 , 3460892e , 3ab4392d , db7c4f50 , 1178e5b8 , 4ab458fc , 964a0bfe , d9f82543 , 07bc4dbd , 23e4411d , d30c89ad , d97d4bcc , d21bb942 , a82eda91","666968cd , 544dd2dd , e0ec7294 , d8cfc0e3 , 1ed2394c , a88931c4 , c0b3dcc0 , 49313bfd , 012a3afb , 9434bac4 , fde67bcc , 74c381b3 , 0c0f56e7 , 2b9b9b8e , 5413d41c , c9a54f82 , df78818e , e1cdfbf8 , 20296383 , 8a8c829a , a0294210 , 5314ccd7 , a3a264db , 78f59c9d , 66d8ee8a , ebc83fe2 , de06310c , 913f73fa , 0815d164 , 7f5549ec , 2926221f , 4b09d9c3 , caa77470 , d31160c6 , 513fb57f , 90a49cd5 , 6e83162c , 6b5dcb03 , 0e07830b","e111fe4f , b9cf88a4 , e4b4af73 , 068db06f , dc32db99 , 1e1b816e , 5a44eadc","e8283222 , 4b826b63 , cf8a1d24 , 5e137d67","15a0aa6e , d083f092",
"FT~30K(SINGLE SUCTION POINT)","FILING TABLE WITH 0.5HP DC(30inch Table)","46,000.00","ABRAR","4/1/2026","","","36a55365 , 1e8bb7e8 , fa6fb0c5 , d4f89974 , d4206472 , 7c3f9f05 , aa2c5267 , 2b0c416d , e8305c91 , 034c5161 , 6b01bef2 , a1fafae5 , f7fc1628 , 3e1c8ad6 , 5a44eadc , 4fc67ea4 , b0a5f58f , ad1dd4b4 , 2ad9c3fb","bd06be35 , fdb74c82 , f997e205 , ba7dbcd4 , fe7e7f8b , 1fcfc374 , dad6cf82 , 61d5ab76","e8cdd02f , 0457338c , c50f1cb4 , 831cc576 , 0a85f775 , 9268efbc , efe5185b , 37bed553 , aa6efa22 , ad2ac0e7 , 092f392e , 48d7bcf3 , a065378d","82845d62 , 8363ff0e","dadb32f3","","",
"TATP","TABLE FOR POLISHING ( WITHOUT DRAW)","2,850.00","SHAHID","4/1/2026","","","ebc006f4","","","","","","",
"MGB~30","MILGRAIN TABLE WITHOUT VACUUM","15,000.00","RAHUL","4/1/2026","","","a1aedad6","","","","","","",
"WGB30i(6i)","WOODEN PLANK WITH GB (6inch)","1,850.00","RAHUL","4/1/2026","","","d6d11774 , 45092a05 , ae51c166 , 450041c5","3ad7fed7 , 80099628","d91de6d4","","","","",
"OCM8i","Outlet Core Mesh 8inch(TP)","285.00","RAHUL","4/1/2026","","","db7585c6 , 65d36843 , b62b4132 , 75460d22 , 1593fc2b","ca50db3d , 5c6cebc6 , 39420829 , 1beb8083 , f04ba486 , 5b3649ca , eccdaf30","72015fbb , f6efbb63","e5e85419 , 4c2916d5 , f8573f0e , ecbd2f2e","","","",
"FITP25FE","FILTER BAG INSTALLATION CHARGES FOR 1.5HP DC(ELASTIC)","1,350.00","ABRAR","4/1/2026","","","","a33b3255 , 19b99c9e","aa47ac00 , 89c6600f , d98ba2f9 , 70d886f3","","1f961a8e , ed9cbc47","33dd88dd","",
"HMS~( 370MMX255MM)","HOOD MESH STAINLESS STEEL FOR CH SERIES (370MMX255MM)","1,350.00","SHAILESH","4/1/2026","","","","","","","","","",
"FILP18FE","FILTER BAG INSTALLATION CHARGES FOR 0.75HP DC (ELASTIC)","1,180.00","SANDHYA","4/1/2026","","","","","","aa47ac00","","","",
"FB~30OSS","HAND FILING OPEN TABLE WITHOUT VACUUM","23,500.00","RAHUL","4/1/2026","","","c8f745c5 , 5be28973 , 2a4687db , 99110301","","","","","","",
"FB~30OMS (WITH MS TRAY)","HAND FILING OPEN TABLE WITHOUT VACUUM","18,500.00","RAHUL","4/1/2026","","","a623a440 , 9393d952","5be28973","","","","","",
"PHEL~15i","POLISHING HOOD FOR EL MESH (15inch HOOD)","8,500.00","RAHUL","4/1/2026","","","58116e3c , 1aaae1a9","","","","","","",
"PHSS~15i","POLISHING HOOD SS 15inch(FLAT TYPE)","11,500.00","SHAHID","4/1/2026","","","","8b18411d , 9f0442b0","","","","","",
"25FEC50DC(18.5w x 26h)","25 FOLD FILTER BAG FOR 5.0HP CENTRALISED DC(ELASTIC)","10,800.00","RAHUL","4/1/2026","","","0d44c37f","","","","","","",
"FIC5HP25F","FILTER BAG INSTALLATION CHARGES FOR 5.0HP DC","1,600.00","RAHUL","4/1/2026","","","74137630","","0d44c37f","","","","",
"25FOC50DC(18.5w x 26h)","25 FOLD FILTER BAG FOR 5.0HP CENTRALISED DC(BOLTED)","9,800.00","RAHUL","4/1/2026","","","","0d44c37f","","","","","",
"MBO~30(FOR DAILY ACCOUNTING)","MICRO~SETTING TABLE OPEN WITHOUT VACUUM(30inch Table)","21,500.00","SANDHYA","4/1/2026","","","","","","","","","",
"WFT~20i","WET FILING TABLE(20inch)","42,000.00","ABRAR","4/1/2026","15","22","6dcbb851 , d4c54cdd , c558a57b","cffe7c1e","","","","","",
"S~75HK3(WITH PLASTIC BAG)","SINGLE POLISHING UNIT","15,000.00","VISHAL","4/1/2026","","","46802200 , d6beaa12 , dbcc392b , 0c915cb0 , e7cc50de , 0a15296e , e161e139 , ed8c8fba , 43508100 , 7c300a4e , c602b6e3 , 86e31cb8","0fc8a8b1 , cd638ca6 , 926caa69 , 285ca91d , a1649cbf , 53db1076","","","","","",
"CFA28i","28INCH FILING UNIT DUCTING FOR CENTRALIZED","10,250.00","HASIB","4/1/2026","","","","fc7adadf","","","","","",
"EBSS","ELECTRIC BOX WITH 1 SOCKET AND 2 SWITCH","650.00","ABRAR","1/1/2024","","","","015edbdb , 6211ef41","","","","","",
"4CW3PH","3CORE WIRE FOR 3PHASE","95.00","RAHUL","2/17/2026","","","","","015edbdb , 6211ef41","","","","",
"FGF26K","GLASS FOR FILING 26INCH (280x620)","150.00","PANKAJ","2/18/2026","","","015edbdb , 6211ef41","","","","","","",
"FT~F21","FIX FILING UNIT","17,500.00","HASIB","2/21/2026","","","","","","","4d16c560","","",
"IC5IC","INSTALLATION CHARGES FOR 5INCH CAT","125.00","AKHTAR","11/4/2025","","","","640f0337","","","","","",
"MFB~26B(26inch)","MICRO CUM HAND SETTING TABLE WITH DAILY ACCOUTING","20,000.00","ABRAR","3/2/2026","","","95fc06b3 , 557180d3 , 1eb15d49 , b786462b , adab0b9a , bf1ed1b7 , a0394477 , a587e700 , 9dd38357 , a68fdc6b , 31640007 , 989f6db7","","2b810f6c , 75e153b1","c61fc951 , 01b0b165 , ee0b7031","ebaf9de8 , 78b5c139 , 74c21d0f , d42a069e","a65e504f , 8b92ed09 , 9adc7144 , f8240127","fdadff86 , ab796053 , 0d567fca",
"FWFT30x6","SS FRAME FOR WET FILING TABLE","1,850.00","ABRAR","1/6/2026","","","","54498874 , 0ade3660","","","","","",
"SAFTF21B","SPONGE ASSEMBLY FOR OUTLET","1,050.00","SHAHID","3/1/2026","","","864e91b9 , c4bfbd66","","","","","","",
"ICSAFTF","INSTALLATION CHARGES FOR SPONGE ASSEMBLY","750.00","ABRAR","3/5/2026","","","","c4bfbd66","","","","","",
"FTS~30BK(30inch Table)","FILING TABLE WITH 0.75HP DC & COMPLETE SS BODY (DUAL SUCTION POINT)","61,500.00","ABRAR","12/17/2025","","","f3369c7a , e7a649dd , b3c0570f","","","","","","",
"T15~CF (DUAL BAGS & FLAT TYPE HOOD)","POLISHING MACHINE UNIT","38,000.00","HASIB","3/24/2026","","","59e0cf73 , 3194ab06 , a4409b3d","","","","","","",
"SD~150","MULTI PURPOSE DUST COLLECTOR WITH 1.5HP DC","45,000.00","ABRAR","1/4/2026","","","","","","","","","",
"SQUARE MESH ( 77MMX 210MM)","SUCTION MESH FOR POLISHING","1,650.00","HASIB","3/27/2026","","","","","","","482e8bc3","","",
"WGB26i(6i)","WOODEN PLANK WITH GB (6inch)","1,750.00","ABRAR","4/3/2026","","","","","","","1eb15d49","","",
"NGBWP26i","NO GB WITH WOODEN PLATE (6inch)","750.00","ABRAR","4/3/2026","","","","","","1eb15d49","","","",
"FTS~26K(SINGLE SUCTION & BUCKET)","FILING TABLE WITH SS BODY AND 0.5HP DC","45,000.00","ABRAR","2/17/2026","","","3559a346 , 88f45aab , 7eaefc21 , 77bf4c39 , 5ae70c49 , 055cc41e","5c235b3e , ea576d34","3ea81a13","","","","",
"SP~50C","SINGLE STN POLISHING MACHINE WITH 0.5HP DC (CLOSE TYPE)","35,000.00","TAMANNA","2/1/2026","","","aa7412b4 , 25f6a516 , c0967485 , 298bc16e","af5933c9 , 1add2f65","e7c8f88a","","","","",
"HDSSCH2","SS HOOD FOR CH2 SERIES(BOTTOM SS)","6,500.00","AKHTAR","1/1/2026","","","cfbd1a1c","","","","","","",
"L75DSS","LAPPING UNIT WITH SS BODY","20,000.00","ABRAR","2/14/2026","","","c5f71813 , d626d730","","","","","","",
"FMR","FORDOM MOTOR ROD FOR FILING","950.00","PANKAJ","5/15/2025","","","24b1f5e1","","1be947bd","","","","",
"WCS75K","WOODEN CREATION","4,500.00","HASIB","1/17/2026","","","","234be410","","","","","",
"LHHG","LAPPING HOOD WITH HAND GLOVES(16inch)","8,600.00","SATISH","1/20/2026","","","","","eeb06ced","","","","",
"SAB","SPONGE ADHESIVE BOTTLE","650.00","ABRAR","1/22/2026","","","","","f8573f0e , ecbd2f2e , 5b3649ca , 75460d22","65d36843","","","",
"NTP","NOZZLE ASSEMBLY FOR POLISHING","260.00","ABRAR","1/22/2026","","","","","","","","","",
"FCG","DISPOSABLE BAG FOR FILING DC (ELASTIC)","160.00","MILIND","1/28/2026","","","","","","","","","",
"MFBK~26(26INCH TABLE)","MICRO SETTING WITH DUAL SUCTION POINT","43,000.00","SATISH","8/11/2026","","","f2d14a27 , b579d11e , b7134b23 , 6eefa701 , 65e32d1c , 9f23d593 , 5b316744 , 4334c64c , d81f2a23 , 7d704e3b , 93df4e94 , b7103f00 , a78a99ee , e863e528 , dc97ec90 , 8ae83c76 , 9382c4ac , 0038a16c , 34bf3976 , 60bb97cb , 5fa822a7","17be59ae , b2f5363d , a752caf0 , 16ddba1c , b5a301eb , d28710f7 , 9d6e904b , 6f90865b , 964a71be , 6dc47874","f85adedb","0f1528f8 , cb39a416 , 0fc239b8","b85d0d70 , c0b035cc","7386df96 , a40a862a , 22e2b008","8374cc31 , d9649e94",
"ICURFTW","INSTALLATION CHARGES FOR A (WET FILING)","300.00","MILIND","4/3/2026","","","","ea2b4bfd","","","","","",
"SG~75HK20ISS(20inch)","DUAL SUCTION GRINDING MACHINE WITH SS BODY (DRY)","62,000.00","SHAILESH","2/5/2026","","","cbb3214e","","807a567c","","","","",
"MTW~30S","WET MICRO SETTING TABLE WITH SUCTION","52,000.00","ABRAR","2/12/2026","","","605dbab9 , 007361f5 , eb09c214 , 3fc69bf6 , dd854edd , 16c43396 , 86a493c3 , 0150c2a3 , 81336909 , 5f1d4000 , e2cf731c , e996d88a , 17be59ae , d53dc50a , 6496442f , 59226440 , 1d48853c , daee3db3 , 760ea65d , c4104dcd","24870821 , 155910de , 95d7aed9","efffb200 , 43d65a87 , 4585a912 , b0a5f58f","d8f12e40","","","a40a862a",
"FBF24MS","HAND FILING TABLE FIX TYPE(24inch)","16,500.00","ABRAR","2/12/2026","","","89445596 , 410bac78","a7a6f817 , e5ef489e , 1aee8da7","","","","","",
"SPAFT2430","SLIDING PIPE ASSEMBLY FOR FILING TABLE","3,200.00","RAHUL","10/1/2025","","","","","","","c19592f2","","",
"FBF24SS","SS HAND FILING TABLE FIX TYPE(24INCH TABLE)","27,500.00","ABRAR","2/12/2026","","","18cdf30e , 3eafa58c , 9ffbe3ea","","","","","","",
"HRL85250","HAND REST LEATHER (85 x250)","145.00","ABRAR","2/14/2026","","","","","","","","","",
"HR(120x140)","HAND REST (120x140)","95.00","ABRAR","2/14/2026","","","","","","","a18ef397","","",
"HR(140x190)","HAND REST (140 x 190)","130.00","ABRAR","2/14/2026","","","","","","","","","",
"TP~( 350X203)","GLASS FOR POLISHING","230.00","HASIB","2/10/2026","","","5f791a21","","","","","","",
"S~60E","0.5HP DUST COLLECTOR UNIT (DUAL SUCTION POINT)","11,000.00","SATISH","1/13/2026","","","96168f68 , d01a6883","a557421b","","","","","",
"SS TRAY(MSB26)","STAINLESS STEEL TRAY (26inch) IF REQUIRE","5,500.00","SHWETA","12/17/2025","","","","e566ee9d , 49a98753 , 71634298","","e863e528","","","",
"SP75HK~20i(20inch)","SINGLE STN POLISHING POLISHING WIHT DUAL SUCTION POINT & 0.75HP DC","50,500.00","SHAILESH","4/8/2025","","","0f34a34f , 0a10a4f6","67434ba2 , 6b64b257","","31f7fa67","","","",
"SP~75K(WITH DUAL BAGS)","SINGLE STN POLISHING WITH 0.75HP DC(FLAT HOOD)","43,000.00","ABRAR","8/6/2026","","","2dcbf0e7","d54ac2e3 , c22d3f13 , 75e28cf8 , f221e91a , f1b4073c , 41812f8f , 8beb1ea7 , a8cd6f9b , d6edfdb2 , 7e33501d","634bcb72 , 55d41204 , 6765d740","415a2fb1","","","",
"DMSB26D10","DEMO FOR MICRO SETTING TABLE (FOR 10DAYS)","7,500.00","ABRAR","8/12/2026","","","22915eba","","","","","","",
"DMFB26D10","DEMO FOR MICRO SETTING TABLE (FOR 10DAYS)","7,500.00","ABRAR","8/12/2026","","","","22915eba","","","","","",
"DSD50E10D","DEMO FOR DUST COLLECTOR (FOR 10DAYS)","4,200.00","ABRAR","8/12/2026","","","","","","","","","",
"ELLIPTICAL MESH(15MM)","SUCTION MESH FOR POLISHING (15MM)","1,880.00","ABRAR","8/20/2026","","","","","","","","","",
"ELLIPTICAL MESH -10M","SUCITON MESH FOR POLISHING(10MM)","1,980.00","ABRAR","8/20/2026","","","","","","","","","",
"SSLAPTA","SS TABLE FOR LAPPING","2,000.00","ABRAR","8/21/2026","","","","","","","d079905c , fc4c5c5b","","",
"S~75KF3(WITH PLASTIC BAG)","SINGLE POLISHING UNIT","15,000.00","SATISH","8/22/2026","","","04c8b7a4","","","","","","",
"SEMI PACKING","WOODEN PALLET","2,500.00","HASIB","8/24/2026","","","bcf2802b","","","","","","",
"FCGR","DISPOSABAL BAG FOR FILING(GREEN)","100.00","ABRAR","8/26/2026","2","3","","","","","","","",
"FCBL","DISPOSABLE BAG FILING(BLACK)","105.00","ABRAR","8/26/2026","2","3","f39200dc","","","","","","",
"TCGR","DISPOSABLE BAG FOR POLISHING(GREEN)","160.00","ABRAR","8/26/2026","2","3","","","","","","","",
"TCBL","DISPOSABLE BAG FOR POLISHING(BLACK)","165.00","ABRAR","8/26/2026","2","3","","","","f39200dc","","f39200dc","",
"630X522","MSB26","3,000.00","HASIB","8/31/2026","","","d1588858","","","","","","",
"MSB~26","MICRO SETTING UNIT (26 INCH TABLE )","10,000.00","HASIB","8/31/2026","","","771eacda","","","","","","",
"SP~75KF3(WITH DUAL BAGS & PLASTIC)","SINGLE STN POLISHING WITH 0.75HP DC","45,000.00","ABRAR","8/6/2026","","","4ced51e6 , af237c5f , 8ddca02d , d54ac2e3 , 62c31daa , ea508628 , 3483b61e , b7aeadac , 14099507 , f8dfdf8a , d340f330 , 7150a7af , a1120ae2 , 6b537c0f , 3ea81a13 , d055ff45 , b6277b42 , b7584017 , 0ba375a3 , 8e2273b6 , f6d7a5c2 , 71206b5c , be535d17 , a1c34baf , 7eb1e83e , 47a1910d , c8e3028f , 92568081 , 7cfdd31a , fbef0c4f , 2d68ff39 , 5b942241 , d82e2bf4","9fc81c33 , 32ad3a9a , 909ca142 , 76450b03 , 2b810f6c , e194c0a5 , 95acef52 , b3fa6982 , 4c4f61f5","7d704e3b","c727ee21 , 0363ac49","","","",
"IBGW","INSTALLATION & BALANCING OF GRINDING WHEEL","2,450.00","ABRAR","7/10/2026","","","74bd2eb7 , 4202d575","65dc7368","","","","","",
"MFK~26","MICRO SETTING UNIT WITH DUAL SUCTION POINT","21,000.00","ABRAR","3/19/2026","","","09c33511","c602b6e3 , 6965526a","","","","","",
"CPTHM","CENTRALIZED POLISHING TABLE,HOOD,POLISHER MOTOR","25,000.00","ABRAR","1/6/2026","","","","","","","","","",
"SCSD","SERVICE CHARGES FOR SD SERIES (1MACHINE)","850.00","ABRAR","4/25/2026","","","83ce7d72","359397f1","","","","","",
"SPGW~50","SINGLE WET GRINDING MACHINE WITH VACUUM","55,000.00","ABRAR","4/28/2026","","","","","","","","","",
"GW~50FW(WET)","WET GRINDING UNIT","25,250.00","ABRAR","4/29/2026","","","","","","","","","",
"HC150","HUB CASTING FOR 1.5HP SERIES","1,350.00","ABRAR","5/19/2026","","","31470bf4","abe4f5ba","","","","","",
"SG~75HK3 ( DUAL BAGS & PLASTIC BAG)","SINGLE STN GRINDING MACHINE WITH 0.75HP DC","46,500.00","RAHUL","5/21/2026","","","","e27a793d","de94bbe0 , ffdc2301 , b738cfc6","b2bf6037","","","",
"HPT8i(GOLDEN RING)","HOSE PIPE TRANSPARENT (8INCH)","3,250.00","RAHUL","6/1/2026","","","de119af9 , e5d18c2a , 4e1d74d3","","","","","","",
"SC5FT","SERVICE CHARGES FOR FILING TABLE (5NOS)","3,400.00","ABRAR","6/2/2026","","","ae1c191a , e1b623e4","","","","","","",
"22FEC75DCVNW(26w x27.5h)","22 FOLD FILTER BAG FOR 7.5HP CENTRALIZED DC VERTICAL","12,600.00","ABRAR","4/3/2026","","","eb61a08e","b03cc18b , c7e491c6","","","","","",
"IHB(FT)","IMPELLER HUB SERVICE AND BALANCING FOR FT SERIES","2,350.00","ABRAR","6/3/2026","","","e856fc9b","","","","","","",
"MB~24MK","MICRO CUM HAND SETTING  TABLE WITHOUT VACUUM","15,000.00","SUMIT","6/11/2026","","","b46711fa , 3b43b159 , d8301ae3","","","","","","",
"HGPOS","HANDGLOVES FOR POLISHING (OVAL SINGLE)","295.00","ABRAR","5/6/2026","","","9a0bdc91","","","","","","",
"TC Tie","DISPOSABLE BAG FOR POLISHING","280.00","SUMIT","6/13/2026","","","a04b5fa7 , bd6ce0db , eea5c44e","bbe28e1f","","","","","",
"FT~26BK(26Inch Table)","FILING TABLE WITH DUAL SUCTION POINT & 0.75HP DC","42,500.00","ABRAR","6/23/2026","","","43f00578","","","","","","",
"FT~26BK(26Inch table)","FILING TABLE WITH DUAL SUCTION","42,500.00","MILIND","6/23/2026","","","43f00578","","","","","","",
"TCKLBB","DISPOSABLE BAG FOR POLISHING","310.00","HASIB","6/26/2026","","","4b2dc3ca","","","","","","",
"SCWFT","SERVICE CHARGES FOR WET FILING","1,450.00","ABRAR","4/15/2026","","","406ca826","","","","","","",
"REC CAT BIG","CARTRIDGE FILTER FOR POLISHING/FILING (BIG)","602.00","ABRAR","6/5/2026","","","38de381f , 8a1277a1 , af837896","ded075de","c61f24e0","","","","",
"FTS~24BK(24inch Table)","FILING TABLE WITH 0.75HP DC & COMPLETE SS BODY(DUAL SUCTION POINT)","55,500.00","AKHTAR","1/12/2026","","","e023f60d , 13f419e1 , 2ff52ae5 , 5754916f , d21bb942 , 523cfc5b , 5c235b3e , c8d4c619","e752226f , 16e0a800 , b579d11e , 7eaefc21 , 77bf4c39","5076557c","bc1f1749 , eef48b2c","","","",
"MFB~26(26Inch Table)","MICRO CUM HAND SETTING TABLE WITHOUT VACUUM","18,500.00","ABRAR","1/12/2026","","","e0f9c497 , 7bfdf400 , 9bd72ead , 97ca2db0 , 91f40bc7 , b0a7cf7f , df573d31 , dd95fe92 , b2f7c5ca , 0de59382 , 24870821 , 155910de , 084edd37 , 0323d676 , d279cd5d , 95d7aed9 , d8faf29f , 1197652e , dab1b6fa , c3ef2a90 , 4f673b1f , 051b49d3 , 32a5c174 , 0b9ceaa0 , d24dd52d , 276df1f3 , eafe3f1c","5226be3f , 4585a912 , e2cf731c , a1bd5ae0 , 980cfca3 , 6b249705 , b2df5dff , e863e528 , acd76911","33bd527e , f8f52539 , b459e926 , 8ee7ae75 , 751ad3f4 , 7b40d612 , def878cf , 9043cc9c , c0c9ce31 , 5fdd2e8d , f221e91a","84289323 , b60fc16c , 5789e2f6 , 895f7df6 , b6229313 , 91e49a55 , 22e2b008 , dc45bdbd , 09bae16c","79fe6149 , d8f12e40 , a65e504f , 3287b7e6 , 6be2c957 , 8d811196 , 5daf94a8","47c73619 , dba3b77c","e37e7506 , 2a9170f7",
"SD~100","MULTI PURPOSE DUST COLLECTOR 1HP","38,000.00","RAHUL","1/8/2026","","","","","","","","","",
"F~24K ( SINGLE SUCTION POINT )","FILING UNIT ( 24 inch Table )","19,500.00","RAHUL","4/1/2026","","","","","","","","","",
"23FE","23FOLD FILTER BAG (ELASTIC)","4,500.00","HASIB","4/1/2026","","","a3374976 , 2cae91a6 , 479c6e99 , 14a2b825 , dd980aa4 , 39a4e32d , 1f961a8e , ed9cbc47","9ffed651 , 7550eee1","","","","","",
"MB~30T(30inch Table)","MICRO SETTING TABLE WITHOUT VACUUM(SLIDING TRAY)","24,000.00","SHAHID","4/1/2026","","","a10f09c3","5ba84b3b","","","","","",
"F24BK","FILING TABLE WITH 0.75HP DC (24inch Table)","21,500.00","RAHUL K","4/1/2026","","","271d7c53 , 8977f3f9 , c9d3861d , 56bd40db , cf8138a3 , 8d298b7f , ce72d1f8 , 6e4ef0f6 , b4620a0a , d392af68 , afe571cd , 1e2ef4e8 , 93776149 , 342cb78d , 81847a4e , 591eb7c6 , b6f874fd","bb2e3ec9 , 0606e37f , a6ae2a6b , 88d8448c , d8bf7d3f , 69724cd4 , 999b6b5f , c1061297 , 9d8810f8 , 0b4a0d90","74555aad","","","","",
"F~24BK","FILING TABLE WITH 0.75HP DC (24inch Table)","21,500.00","RAHUL K","4/1/2026","","","","","","","","","",
"S~75HK2 ( DUAL SUCTION POINT )","SINGLE STN POLISHING MACHINE WITH 0.75 HP DC","22,500.00","RAHUL K","4/1/2026","","","322f905e","1e2ef4e8 , f5165712 , 4286788d , 770f601f","1a713a31 , 46714538","9e7e840a","","","",
"T150~C2 ( DUAL BAGS & FLAT TYPE HOOD )","TWO STN POLISING MACHINE WITH 1.5HP DC","37,500.00","RAHUL K","4/1/2026","","","9d8810f8 , f99def03","a91f7178","","","","","",
"F~24K ( DUAL SUCTION POINT )","FILING UNIT (24inch Table)","5,000.00","RAHUL K","4/1/2026","","","2347c10f","","590686a2 , 85f31e61","5d5f2d20","","","",
"F24~BK","FILING TABLE WITH 0.75HP DC (24inch Table)","5,000.00","RAHUL K","4/1/2026","","","2e1f577a","","","","","","",
"BOLT","BOLT (8X40)","24.00","HASIB","4/1/2026","","","35a7bcb7 , 76c9832b , 7132bdc7","","6b1e5aaf , d1d7a2f0","","","","",
"NUT","8MM (NUT)","15.00","HASIB","4/1/2026","","","","9e92c06d","","d1d7a2f0","","","",
"NWBB1124","NON WOVEN BAG (BB)","450.00","RAHUL","4/1/2026","","","c0c7c920 , 97a86524 , 230bec4f , 2104dc21 , 3afd04e9 , 86f5be95 , f9cf6dde , bbf542ce , 356d41ec , f36a7431 , ed1688ed , 1805923a , 2d74b69e","c77fa325 , 39e3fc15 , 30c2cad2","","","","","",
"MB~30H(FOR DAILY ACCOUNTING)","MICRO~SETTING TABLE WITHOUT VACUUM(30inch Table)","24,000.00","NASEEM","4/1/2026","","","f0a4174e","","","","abbb5a6f","","",
"CTZ","CUSTOMIZATION","1,250.00","ABRAR","4/1/2026","","","637c9e16 , 8640827c","f0a4174e , 140d3da4 , e8347c64 , eecd7262 , b3c612cc , 35495493 , 3f61bdce , a1368eb6 , b4eb3347 , b46711fa , 3b43b159 , 9c401b36","c825a193 , c02a5f57 , 7c25c2dd , a6a5eb35 , a1644d47 , 8f98f90f , 15b7682e , 57b56ca4 , ab754cbb , a9c282c6","2d815264 , 73f08715 , 7bfdf400 , 36b80528 , 66a01e2a , 60a9f65c","","abbb5a6f","",
"SGW50F UNIT","SGW~50F (WET)","22,500.00","HASIB","4/1/2026","","","85ff62fb , 2d4a68cf , 977c70e5 , 60a9f65c","e5fcfbf4","","","","","",
"FT~24K ( SINGLE SUCTION POINT )","FILING UNIT ( 24 inch Table )","19,500.00","RAHUL","4/1/2026","","","9faf5b06","0a8ce60e , a065378d","","","","","",
"ICHGF","INSTALLATION CHARGES FOR HANDGLOVES","350.00","ABRAR","4/1/2026","","","78cd2988","","","","","","",
"F~26K(SINGLE SUCTION & BUCKET)","FILING UNIT","18,500.00","MILIND","4/1/2026","","","ca3e1161 , 2d815264 , 11dad67b , d896dcaa , e2b9b49f , 8bc98dee , 3fb71e1c , 2071b2df , 72b0634d , 44dcfeef","e5293115 , 580a4bd9 , 0b44b202 , 58b74302 , 0d85d0c7 , 25f17b55","b80e6e84 , 3b078bdd","46714538","","4cd5f42f","",
"FT~26K(SINGLE SUCTION & BUCKET)","FILING TABLE WITH 0.5HP DC(26inch Table)","38,000.00","ABRAR","4/1/2026","","","8729cc25 , 36a1549a , 27aa97cd , d2f28cd1 , 88885cfe , 1faced32 , 7f3edb98 , 4760d772 , 0daee318 , eeb64936 , 5a831a03 , 2e0a364b , 034a576d , 5347d533 , 89b68c56 , a2660d1a , 0bf9c6af , 25a85b1f , 88d3fec9 , 74a6a45f , 61eeb05c , b9c1ade4 , 754de6fc , 7688025f , 9363ea6e , d05eaaf8 , d0a4f57f , f2304b7a , 6f3a2df3 , b9137b78 , a9c1fa5c , 76d52b85 , cd05e2a8 , 59da856d , 1fdc6f5c , 95d26834 , 67f85f87 , 0ece2893 , 7cbd1a74 , d1ba0b0a , 7ccdb7fa , 46176614 , 71d090df , f0e06fc5 , 9199cd01 , 26683053 , 03809df4 , 8b781aea , abe598b0 , 9db3a99f , 283910b9 , 3d2fa2bd , 1928496a , 4933dcd5 , d1c3f4e8 , 078cef3f , f555672e , 0ae3271b , d0651d26 , 6aa48d9e , 219d60f1 , 96ef1264 , 5ce405ea , 81e8cf38 , 578ad05f , cb4c608f , 46a3fa5e , 9147e4b7 , 9bb9df4f , cdaf16e1 , 8ac280d2 , 76ed99d3 , b2580f00 , 8f08367c , ea11b952 , 2c248c5e , c6ec264f , edf7abc3 , 44cfe7ce , 2cb088fe , 5dc3f148 , 41a22766 , 5fb2d281 , 639fe428 , fc197911 , 8e289bf9 , a481a833 , cf8a1d24 , 3dcb78dc , 40e81e84 , 9a6a4d7a , cffbcebe , 86d5b93b , bb735a3d , 18e8ba12 , 43d65a87 , 2ffe623d , 211cd96a , 7b40d612 , d2166d52 , 89a4c1e4 , d00850ed , 00f5d1f5 , d35d0833 , 549cf9a7 , 08b029b5 , ada544c3 , 2ffca119 , 4c5e11e3 , 67afb4b6 , 84b18994 , 4166de71 , b765f55c , b4cc45d8 , f2655d7f , f7244bac , d61c582a , e01f7796 , 702cb9da , 40f7db7a , a36a197e , e3b71ed8 , 846a5cbb , 2643d8fb , 228ef83c , d7fe854d , 1a36e57e , f5a5851e , 7928f46c , e9b46217 , cbf7d827 , 14f86fc9 , 18a105dd , 5995422e , f208c28a , c2c04fd0 , 735be305 , 97d9027a , 70da6ed5 , 0d6d3eff , 4f3b3fee , 979733fd , 3c82fd2c , bdec37f6 , 5058a8cb , 6e1098f4 , aaca05e4 , 3bc2f64b , 315dc153","080cee8a , 0f4978c3 , 6f572b41 , ae85a1cf , 0b514a68 , 928f87b0 , 4b09d9c3 , fff8a54f , d7dea600 , a3a467c0 , d31160c6 , 50312fe3 , b4ce3001 , 79b40b9d , eccabbd7 , 61555a8f , 98ca3713 , 7bd830ff , 9c617ee6 , c0204e31 , f974c466 , f2781806 , 56b43a4f , 0b73c27f , c73685e8 , 3c748214 , cfa3e86a , dc935d69 , c77b55de , abe46948 , f8a70a62 , 1ff2056d , ecc603e5 , e53f1c7c , 7e2f30c6 , 895f7df6 , 281647ac , 498a4285 , db2c5dba , 2c06a91b , b0ac61a2 , c7189330 , 7f457e9a , b85d0d70 , c21c2d72 , f5459b0a , 1f3e7009 , 50b1ac94 , 8e83e12e , a68e181b , 120d9de1 , 1ee1b867 , 19c35e3f , 88b0e052 , 2ce666c5 , 7de38aea , 7b967e65 , aa4f93cc , 70b2bc72 , 3287b7e6 , d5f2d4cf , e207482b , 9fc136fc , f2fcceed , 7c648344 , ce124b4e , 3c7c5258 , 028104d3 , a842f0a6 , 25a1d449 , c25e1b16 , 91b01486 , 55783fe9 , 7f4d86db , 8cf7d267 , c47bf152 , 01b0b165 , 75e153b1 , a10f7710","c6ba1e36 , 2cd4ea17 , 544f4608 , 9e40598d , 48de1d66 , 36a8ba55 , b8df3291 , 56492a1a , d5b005f3 , 7566044e , 1101d226 , c7624a7d , 4f4fede1 , 9f336d44 , 477de352 , cc366cbe , b9bb15aa , cdcc3bc3 , fc6e66b0 , d8f12e40 , 548c3866 , 39d836f0 , ff04969c , ac0885d7 , 2f8c9592 , b2a6f4da , 8922b0e4 , 20d87401 , 628c6d01 , 7bb604e6 , 5c1e0cf5 , acd2b7d4 , 41560b3c , 39905d67 , 0f6e3d50","2cd4ea17 , fd34dade , 0681cb4f , 496a24c3 , b41bfb5b , 2625a82b , c5c55880 , a8174e5b , 7d64043d , 5e137d67 , fa0ba41b , 8dfd1c44 , bd5a22b7 , 6e9dd304 , d120d7ed , 189772df , 0d207fde , 629295fc , 24dae984 , 4a928382 , a8f2b6bb , 93b404b7 , 9ae3de94","93a3ec44 , fd2bd644 , 2f0808a0 , 98b425c7 , fcfbb465 , 439db94d , 79b48fc3","caa77470 , 2017797d , fffc9090 , 5aca4dd3 , e55eda36 , 93e68c35 , 8ddcfd90","",
"SGW~50FW","WET GRINDING MACHINE 17inch(WITH DUAL WATER FLOW & BAG COLLECTION)","50,500.00","ABRAR","4/1/2026","10","15","247cfd47 , a0529736 , e1b22153 , 9894da7c , 5a5c1268 , 1b6c4608 , 5eabbcab , b2a82c86 , 1950d1f0 , 6f1f71b9 , abf2ac2f , de639b74 , 43465d4a , 815243fd , 11290953 , 30186673 , 6a14b1c7 , ceb5a24e , efffb200 , 03e33e69 , 1f740275 , 9043cc9c , 7c25c2dd , ba207c64 , 1df569ca , dbe1501d , 49be1ffc , 2a2b42aa , 69f664cc , 2d76d962 , 96352b4b , b2c8a897 , fe5bda8d , 9b046c95 , d2b3ea2d , 57b56ca4 , 6bfabd48 , 21b284ab , b3d88cf7 , 50b3f06e , 2dc72975 , ad2baf6f , bcaea693 , 9586189e , f19e8b31 , 6c06406a , 2fa49b91 , d950aa19 , caed1fce , 42c446b1 , 94a878b8 , ed2e7fde , ddc00747 , 521fd652 , 2373fc48 , a286cb3e , 72278632 , 1d3b7f9a , 108bcb17 , 4929deb0 , 52b361ed , 53f28c5f , aa9572aa","46cd6a62 , 37bb79fb , 49897aab , d4e7dd8b , acc72b66 , f37ebda9 , e92a50ec , 79fe6149 , b96d5115 , 807a567c , 3014cbb2 , 7386df96 , d9db4bbc , 6af013ea , 5364a1ea , 42331a75 , fa71c013 , 68b655fc , 60f59994 , 6bdaf9dc , 56a2e21f , a897a2d2 , 2d3274af , c7f8a317 , 2f49d8a3 , 2bb0d169","899d6529 , 41c7a743 , 42e953cb , 712cd8b8 , 9409f137 , 1391c00f , fc816401 , 120d9de1 , baa49082 , 7fd1d280 , e638c489 , 546beaa9 , 4c4f61f5 , d42a069e","79b40b9d , 315a327c , 88f45aab , 1b33c9dc , e27da8f3 , 979733fd , 0339c918 , 1741e82a , 0a7a3219 , 0d567fca , acd76911 , 322f44c4 , b6c70ec5","1869ff6d , 53c59fcd , d6f3e6e3 , 097300f6 , 57ec3ee5 , fdadff86 , 2a9170f7 , d9649e94 , 9adc7144 , ab796053 , c61fc951 , aaca05e4 , 8ae83c76 , 0fc239b8 , ee0b7031","8e6da56c , cc14c9cf , ad0cd3e3 , a1644d47 , a1f5a35d , eaf95e90 , da29a905 , 629295fc , 0b747ec6 , da72e68c , 22e92a9d , 78b5c139","945bcca9 , e01f7796 , b9faedef , bae1babd , ebaf9de8",
"REPAIR TABLE WITH VACUUM(POLISH+FILING)1","RT~50","33,000.00","ABRAR","4/1/2026","","","","9971d1cd","","","","","",
"MSB~26S(26inch SS Table)","METAL SETTING WITH MICRO SETTING TABLE SS BODY WITHOUT VACUUM","27,000.00","SATISH","4/1/2026","","","d7bc0690 , 1bd72e01 , 7ad79ebe , 9848302c , 67f688e9 , 3144b4df , a3ae9c50 , 00b0c088 , 4d657633 , 9677a41e , 9eb87855","a6aab33c , d4f814f3 , c7f7512b , 30684107 , a65e504f","42c33a65 , 546e70bd","","b06c88c3","","",
"RT~50","MULTI PURPOSE TABLE","32,500.00","RAHUL","1/30/2026","","","c34e8eec , d334468e , a57db602 , 410d7c41 , 163e2c60 , e10beacc , c71c0d91 , 35b14a1e , a65d1524 , 7ce9ce38 , 9b9297cb , 9c03f4aa , eeb86e94 , 69fc4878 , 17044e5e , b824f13e , 442548d5 , b79743bf , e6800c61 , 7934ec8b , 6dc5bff4 , 1773343a , 482e2e1d , 35a31f23 , 7fe286c7 , c73b9895 , 7ee7b37c , 1c2f5a43 , 14241c6c , 6b2a7cde , 8159f0db , 768bd0ba , 4773f235 , daa1675b , 3bbee4b2 , a2cd2e03","fac609e9 , 1c019c1d , 9321b0e6 , eb2ffc5b , f6fcb004 , 9d5c9568 , 9d165f98 , da46f4b1 , e597e3a5 , 1d199bd1 , 57fe10a3","0b4c266f , e5e94ed2 , 87e8164d , 9429535d , de639b74 , 78812b1a , 86fdcba3 , 3e68d0d0 , ccb0a8a2","","9e7e840a","","",
"FT~224KF(FLAT TYPE)","TWO SEATER FILING TABLE WITH 1.5HP FC (24inch Table)","77,000.00","SATISH","4/1/2026","","","772196bd , f79f3a45","","","","","","",
"TP150~BB(WITH SINGLE TYPE BAG)","TWO STN POLISHING MACHINE WITH 1.5HP DC & SINGLE BAG","76,000.00","SATISH","4/1/2026","","","eddb6fa7 , 8c74bea3 , 9d3c3d63 , 8f66e42a , 688731f8 , 2926221f , ceb1b855 , c0f195ac , 3d5fa26a , e4cdc7c7 , 9e40598d , 5ef74eee , 1a2995b6 , ccb7913c , c588d762 , 1b10175f , 23348f07 , 4c9ec339 , 5f35350b , 15e59ded , 7679e92f , 7bc65fd1 , 513fb57f , c34ace0e , 9e7e840a , b74ca401 , 72323922 , 5336183a , 140d3da4 , db456346 , da02d09a , f08757e4 , be06a822 , 8a536530 , 655a65a8 , e0bd697e , 99327f7c , 30c2cad2 , 64676b27 , 20952c55 , eb5ee4b7 , 806405db , aa4214fa , cbf1290a","772196bd , 26e2e301 , 088ceba6 , 8089fe20 , 921c70ef , 9c27f413 , 7ee7b37c , 47d7c794 , 2b03e608 , d315aa59 , 7b766b78 , f4249f4b , 5effb635","85f1b06b , ab310600 , 8e5879ba","d6edfdb2","f5a5851e","","3645487f",
"SG~75HK","1","45,000.00","VISHAL","4/1/2026","","","","","","","","","",
"GW~50F","WET GRINDING UNIT","22,500.00","RAHUL","4/1/2026","","","","","","","","","",
"SG~75HK ( 15INCH HOOD )","SINGLE STN SPRUE GRINDING WITH 0.75HP DC","46,500.00","VISHAL","4/1/2026","","","711d2a6a , a0f6dfe6 , bc98b73c , 6a2ebf00 , e92a50ec , a2ba13f5 , 90e19bd1 , 6eb0bcaa","43465d4a , a2ba13f5","","","e01f7796","","",
"FT~30BK~SS","DONT USE","60,000.00","VISHAL","4/1/2026","","","bb3ec6f3 , 99cfb031 , e1aa9952","","","","","","",
"T15CH3","TWO STN POLISHING MACHINE","42,000.00","VISHAL","4/1/2026","","","444d75ad , a7f2d86e , d5203ec1 , fd52643b , 53097c5f , 4632ac3f , f3e2ae06 , 716d6a8b , 52e6974b","","","","","","",
"SSTA","SS TABLE FOR POLISHING (TP)","3,000.00","SHAHID","4/1/2026","","","","ae9f4ef5 , 9a5d0cb5 , cfbd1a1c , 96d14186 , 4d16c560 , 862fd027 , bc1f1749 , 3a7095bd , eef48b2c","c85d5a9d , 4ba1f2e9 , 2b3aa613 , 1f437893 , cf36ae9b , a071147a , e2dfbad9 , 6789ffa5 , 2ede3a1d , ad82dd10 , 7667f7e3 , a8ddf193 , da72e68c , 77abf7b2 , 7890a05d , e0b297b2 , 7cbd2356 , d079905c , fc4c5c5b , 585de4c7","0dd00784 , 047eafb9 , 0a1039c4","9043cc9c , 1ec687f6","c32f6fe9","",
"HDSS","SS HOOD FOR FLAT SERIES","5,500.00","RAHUL","4/1/2026","","","3a7095bd","c85d5a9d , 4ba1f2e9 , 2b3aa613 , 1f437893 , cf36ae9b , 211c6049 , 5bdb9cbf , a071147a , bf0e4ad9 , e2dfbad9 , 6789ffa5 , a8ddf193 , 4ce9f2ff , da72e68c , 77abf7b2 , 1ec687f6 , d079905c , fc4c5c5b","efd05c20 , 0dd00784 , 96d14186 , 4d16c560 , 6c1b6d99 , 0565176e","21e062ae","c32f6fe9 , 3c7c5258","","",
"WF30S","WET FILING UNIT","28,000.00","RAHUL","4/1/2026","","","9e3cb0f2","","","","","","",
"ICSSP","INSTALLATION CHARGES FOR SPP","1,100.00","RAHUL","4/1/2026","","","","34ebcbae , 5121fedb","","","","","",
"RFB6i","RING FOR HAND FILING BUCKET 6inch","880.00","SATISH","4/1/2026","","","352b9dd7","","","","","","",
"SG~75HK20I ( 20INCH HOOD )","DUAL SUCTION  GRINDING MACHINE","50,500.00","VISHAL","4/1/2026","","","fa985e6a , 269bc72a , 632786b8 , 6305a487 , 20eb948d , ef83d04d , 6a2ce5b9 , 854c73be , d2b2a532 , 761ca5d2 , 70ca82f9 , 42331a75 , e83cd6e5","711d2a6a , a0f6dfe6 , 70257b10 , ee4bf709 , 1cea0018 , 42e953cb , 9d5ddd49 , 90e19bd1 , 98005292 , b7b8204f , cdcc6872","272d8247 , 9ab6e6a9 , e2e2950b , f5f3ac2b , 562379df , 7dc86294","c02a5f57 , 807a567c","88f45aab , 6c1b6d99 , 0565176e , da72e68c , 77abf7b2","d9db4bbc , 6af013ea , 3efec621 , b6c70ec5","",
"SGW~50V","WET GRINDING WITH VACUUM","58,000.00","ABRAR","4/1/2026","","","","","","","","","",
"WOODEN PLANK BIG SIZE","MSB30","750.00","HASIB","4/1/2026","","","","","54a2ca52","","","","",
"UCMB24H","U CLAMP FOR MICRO SETTING (24H)","380.00","ABRAR","4/1/2026","","","ef581dc0","","","","","","",
"VFD3PH1HP","SPEED CONTROLLER 3PH FOR 1HP","10,500.00","ABRAR","4/1/2026","","","060f928f , 92a0b7eb","","","","","","",
"SMSP","SERVICE & MAINTAINANCE SP SERIES(BAG TYPE)","1,680.00","ABRAR","4/1/2026","","","","","f7b68dc7 , da2c1036","","","75460d22","",
"TP15~BB","TWO STN POLISHING UNIT","36,500.00","JAMIL","4/1/2026","","","","","","","","","",
"T15~BB","TWO STN POLISHING UNIT","36,500.00","JAMIL","4/1/2026","","","","","","","","","",
"FT~30BKS(DUAL SUCTION)","FILING TABLE WITH 0.75HP DC WITH SINGLE BAG(30inch Table)","50,500.00","ABRAR","4/1/2026","","","f31f0215 , 94795c3f","6e83162c","439b2bde","","","","",
"MS~30(30Inch Table)","METAL SETTING CUM MICRO SETTING TABLE WITH SLIDING TRAY","10,000.00","RAHUL","4/1/2026","","","1639fcc4 , 0adc5a4c , d95b664a , b7efec5d , c552f1c8 , 569be2cb , f52d8e4b","","","","","","",
"LC","LID CLOSURE","750.00","SHWETA","4/1/2026","","","","1639fcc4 , 0adc5a4c , d95b664a , b7efec5d , c552f1c8 , 569be2cb , f52d8e4b , d705b370","","","","","",
"VFD1PHR50","SPEED CONTROLLER 1PH FOR 0.5HP","7,500.00","ABRAR","4/1/2026","","","","","","","","","",
"SS TRAY(MSB30)","STAINLESS STEEL TRAY (30inch Size)","7,500.00","ABRAR","4/1/2026","","","","","1639fcc4 , 0adc5a4c , 0fa1d11c , f7fd0392","ae4d3e68 , 7bef7ea3 , c5bcc9d4 , 49a98753 , 71634298","42c2ae3e","e863e528","",
"SS TRAY(MS30)","STAINLESS STEEL TRAY ( 30INCH SIZE )","3,250.00","TAMANNA","4/1/2026","","","","","d95b664a , c552f1c8","","","","",
"SS TRAY (MS30)","STAINLESS STEEL TRAY (30inch Size)","3,250.00","ABRAR","4/1/2026","","","","","b7efec5d , 569be2cb , f52d8e4b","","","","",
"GP3420","GLASS FOR POLISHING(340X200)","75.00","SHAILESH","4/1/2026","","","","1fd405cf","","","","","",
"UGR96","U TYPE GLASS RUBBER (FT FB SERIES )","175.00","ABRAR","4/1/2026","","","72cce8c9 , ea2b4bfd , 43acb7c0","7ea36f05 , 8804907b , ab754cbb","044fb453 , b3c612cc , 090170db , b4eb3347","","","","",
"HRP1214","HANDREST FOR POLISHING (120x140)","140.00","RAHUL","4/1/2026","","","2e21895e , eca86b19","","","","","","",
"TCNBB","DISPOSABLE BAG FOR POLISHING","270.00","RAHUL","4/1/2026","","","99908979 , c8dcdb52 , 86f4f966","230bec4f , 4b2dc3ca","","","","","",
"MFB~24(24Inch Table)","MICRO CUM HAND SETTING TABLE WITHOUT VACUUM","15,000.00","ABRAR","4/1/2026","","","a9c282c6 , 5342259f","9ab6e6a9 , c02a5f57 , a6a5eb35 , 8f98f90f , e42d8bc0","","","9ab6e6a9","","",
"SW~50","SINGLE POLISHING UNIT WITH WATER","26,000.00","TAMANNA","4/1/2026","","","4e56f9b9","","","1639fcc4","0adc5a4c , d95b664a , b7efec5d , c552f1c8 , 569be2cb","","",
"C75D","7.5HP CENTRALIZED UNIT","75,000.00","HASIB","4/1/2026","","","fc7adadf","","","","","","",
"MR~30","OPEN MICRO SETTING UNIT(WITHOUT VACUUM 30INCH TABLE)","8,250.00","VISHAL","4/1/2026","","","dd696d3e","","","","","","",
"RMP3i","ROUND MESH PLATE FOR 3in","280.00","ABRAR","4/1/2026","","","","edb261c9 , b546a3c9 , 1cc94742","","","","","",
"URF24SERIES","U TYPE RUBBER GASKET FRONT","650.00","ABRAR","4/1/2026","","","945024aa , a5327d6e","a57fa872","","","","","",
"DT15CH3D8","DEMO FOR POLISHING UNIT 8DAYS","5,000.00","ABRAR","4/1/2026","","","048a959e","","","","","","",
"M~26C","MICRO SETTING UNIT","8,000.00","VIJAY","4/1/2026","","","73f08715 , fbb88a79","2d815264","","","","","",
"FL","FRONT LID(MSB SERIES)","750.00","VIJAY","4/1/2026","","","","73f08715","2d815264","","","","",
"FT~26K(SINGLE SUCTION & BUCKET.)","DONT USE","18,500.00","VIJAY","2/5/2026","","","3a4e9480 , dd5cdf0a , b880bdd6 , d9bb796d , fb6ece02","fcae2927 , 4f16ff2d","2e2841c2","","","","",
"T15~C2","TWO STN POLISHING MACHINE WITH 1.5HP DC","10,000.00","RAHUL K","4/1/2026","","","","","","","","","",
"FT~26K","FILING TABLE WITH 0.5HP DC(26inch Table)","10,000.00","RAHUL K","4/1/2026","","","976df217 , 6779dfd0 , 8ddc7f9e","5ece03cd , edb990bf , 46b3f43e , 64a87566","90654a7d , da29a905 , c19592f2","61360495 , 31e7599c","","","",
"F~30BK","FILING UNIT(DUAL SUCTION)","24,500.00","PANKAJ","4/1/2026","","","84c8e3f0 , ee86ea4d , 923f31e0 , 57c962be , 36ff194b , 53ccf917 , 2ad7362d , 8e6f7207 , 182a8196 , f51049df , 0b44b202 , 67dc6202 , 724c86b5 , 8ae24b6a , 3231b640 , f132fbd5 , b7b8204f","908b2777 , f99def03 , 0bea34d5 , 4f2ddf6f , baa45c08 , e7cc50de , 0152c6c9","efd57c9a , 4286788d","2b87f404 , 7e945e01 , be95fbd1","316cb2a0","","",
"BBD6x40","BLACK BOLT FOR DOOR (6Dx40L)","24.00","ABRAR","4/1/2026","","","3fa4e28f , 0e9fe60d , 7800c7e9 , 572a7a94","de2a94b9","","","","","",
"BF3iO","OPEN BUCKET FOR FILING (3inch)","350.00","RAHUL","4/1/2026","","","12b86666","","a2722273","","","","",
"F~30K(SINGLE SUCTION)","FILING UNIT (30Inch Table)","6,500.00","SATISH","4/1/2026","","","32676af1 , 6caa5e2b , c9208988","2d90ea16","8fe49911","","","","",
"Dtp150cfD8","DEMO FOR POLISHING UNIT 8DAYS","5,000.00","JAMIL","4/1/2026","","","5b8a994c","","","","","","",
"FB~30MSF(HOPPER WITHOUT HOLE)","HAND FILING TABLE WITHOUT VACUUM ((30inch Table))","16,500.00","RAHUL","4/1/2026","","","","e6acb54f","3fe28b2c","","","","",
"MB~26F(FLAT WITHOUT HOLE)","MICRO SETTING TABLE FLAT TYPE WITHOUT VACUUM","13,500.00","RAHUL","4/1/2026","","","e6acb54f , 3fe28b2c , f9e87857","","9e494e4f","","","","",
"GGW25B","GREY GRINDING WHEEL(150X25)","5,500.00","RAHUL","4/1/2026","","","0dae6f30","9043cc9c , 899599d3","","","","","",
"RMP4i","ROUND MESH PLATE FOR CH SERIES","425.00","ABRAR","4/1/2026","","","edb261c9 , b546a3c9 , 1cc94742","","","","","","",
"IHB(5HP)","IMPELLER HUB WITH BALANCING FOR 5HP","4,850.00","ABRAR","4/1/2026","","","a8009ecc","","","","","","",
"FT~30BK(DUAL SUCTION POINT)","FILING TABLE WITH 0.75HP DC(30inch Table)","50,500.00","","4/1/2026","","","458f3f2e , e35397fc , 29443655 , 0d3cbe1e , a57e9cc3 , 1487ac77 , 42fa0e26 , c6d47ca2 , 9856d329 , 75e17b0a , 940e0ae8 , b4dd1059 , 28aab9cb , 2c73eb76 , 295f6143 , baa9fb0a , 1277d3e3 , fe78b0da , 7bd7d6b2 , 9e5d3bba , e22dc2aa , fbb43ae3 , d689417e , a27e317a , cddd063c , d8dbe34e , f8d99df3 , d30c89ad , cafc5e86 , 62a21ffd , 8d30a8a4 , a0294210 , 9954f097 , 1df1e629 , 3ccb667a , 7902794d , 43bbeb9e , 3667cdf8 , ec7da107 , 492bc0a3 , 430bf264 , ff0ffa25 , 8cbde389 , 4f3126f0 , e522e2c6 , 76eb4a1e , ace1cfd1 , b26f4388 , 2521152c , d98f16e1 , d363a560 , 5b4faa3c , 80cbd814 , 3dec3f15 , 54087e5d , 653e47bc , df4d5af2 , d082ba94 , 78812b1a , f6dd6159 , 204be247 , 83a78661 , 2716cb24 , e0795b94 , 43167e7d , 841cd2b2 , 0eefa1d0 , 36f807a6 , 7382638e , be9588a0 , a26d766c , 44196f32 , 03c60f7d , 8adb33cd , beadbbcb , 7969ba3e , ef09ef86 , d0a19426 , 2935f85c , 4ea94a8f , 56c93c2e , ac5f9835 , 309d676d , 1cbd5fb4 , 22a1e66a , a3f5006a , eaf95e90 , d7c05e09 , 0e2b528d , 2840268d , f98abb3d , 33675ed4 , 79d1a285 , f7f9a044 , ca2bdd66 , abd1081e , 3e92139d , ab796053 , f8240127 , c61fc951 , fb6fbfbf , 22e92a9d , 78b5c139 , c7f8a317 , 0fc239b8 , 322f44c4 , ee0b7031","e69dbdca , ef0fa586 , 62930944 , dce867e5 , b221afcc , ecdb55ff , 09b0628d , de6178d8 , 6bf41767 , cabe58f8 , 07f3522d , 34b80f53 , f68e51e6 , fa6fb0c5 , 6d730bd4 , cd72dbe2 , af282160 , 6ffcef75 , aa2c5267 , ec01e842 , b6c6782a , 499f94d0 , a1764e57 , 512732bf , 4356c779 , f9630012 , db530b4a , ea9d6046 , 8e013ed8 , e4857edb , c55285ee , f3a2775f , 24b34402 , 81c79942 , 0f52c1b8 , 068db06f , e4d5db13 , 47fc436c , 83fcb1b4 , 0e790a3b , a1fafae5 , 5ff68665 , 80c1a7eb , 8bfa13fa , 6cf6464f , f7fc1628 , cdbbe18f , e3756045 , 86772a69 , abbb5a6f , c64481dd , f9ca98a4 , e1c144f1 , 5218fa7d , 3da19ea1 , 636b0f1d , c07ee7d7 , 3e1c8ad6 , 4c944554 , 27e6f9e2 , db71a55d , c4260470 , eac46da2 , b9bb15aa , 690cdd78 , b597cb21 , e37e7506 , 3e1d809b , 90a49cd5 , 45ce16b3 , b2ca55d2 , 2bf1d3d0 , a1644d47 , 9a3a8e88 , a1f5a35d , 90b53db8 , 107db151 , 394db335 , 66da1312 , 8fcb0e34 , bae1babd , d4b06ec7 , acd2b7d4 , 5999bcc8 , 00a78652 , b78eac64 , b6c70ec5","f6a80551 , 8300201b , 4f85c8e8 , d0b28ea7 , dfdb8856 , 73ea3412 , 8937f959 , dddeb7ae , a77c6067 , c6495b22 , 1a868322 , e6a9a0ab , 27826669 , fef95718 , c0b836d8 , 4deb8a31 , 3a4e9480 , f49ae216 , 2625a82b , 9577bb7e , b85d0d70 , a36a197e , c1c9c3d6 , 8e83e12e , 1a36e57e , 14f86fc9 , a51a5117 , 8ae83c76 , 0e0863bb","712483b8 , 0457338c , c50f1cb4 , 5785b76c , 9268efbc , 4639c513 , eec098ce , 3fe8a1a7 , 37bed553 , aa6efa22 , 491f9f67 , ad2ac0e7 , dc53d888 , 8aaa552f , e4dd5ce4 , 092f392e , cd380338 , 7b5be15a , 1cb1a7d5 , efffb200 , 9aa849f6 , ff04969c , b16479e7","82845d62 , 32d4e258 , f6e83576 , 6b5dcb03 , 6e9dd304 , 7b766b78 , a065378d","01c7a1c6 , fde67bcc","",
"18FEDDC","18 FOLD FILTER BAG FOR DONALDSON DC","7,300.00","","4/1/2026","","","84a169b0 , 325dfdb3","","","","","","",
"RM1i","ROUND Mesh (22mm)","105.00","","4/1/2026","","","fdc1da2f , fcb2e0cb","dccd64c5 , b250a6f1","4ec9c84a , 980d7317","","","","",
"L75D","LAPPING UNIT","12,000.00","","4/1/2026","8","12","9e558c8f , 91c64e15 , 0e3e8c02 , 721135d2 , b384dad8 , 8ac1b6d9 , 294fa5ad , d8ff0727 , 630437cb , cadf27cb , 06a03e9f , b1c3cc97 , 3ebe4a1e , d9509af2 , 08aa506e , 77c72499 , 2799fd6f , 247bbe7a , cd11b69c , 1d201712 , bbc2a641 , defa35a3 , 05d994b9 , 0c9e3f94 , 1ec0a4fc","aa4d93db , 26881c73 , c61a0649 , b6453cab , c51fedcc , 8cff7226 , 49541756 , adc44e0e , d800cadc , f1f68c12 , 13363f5c , 9bf15f6d , 4c83d0f3 , 5a114e0f , 52753a13 , 62bd90bd , 809c7ff9 , 98aeec12 , faa22e98 , 8d624c8a , 210ab9d3 , 1ff5b495 , f8e42d58 , c6495b22 , a7f2d86e , d5203ec1 , cc2ae91f , 8fe49911 , 7e945e01 , 680f18c7 , af7bd053","ad7aeb64 , 4e29cc2c , 2dcd9719 , 284c62c9 , 2fa599bf , 0606e37f , 1259ec8c , 270f0279 , a622866a , 4d38ef0a , e2a40094 , b653cb48 , 70a5b16f , bf5a409e , cbea7ae4 , d3472718 , b221afcc , 85401f8a , 276615c2 , d4f34b6c , 686ac0c8 , eb85fe56 , ab5f8605 , f5f22ed5 , c1dad1a1 , 9b173bba , a5546cd3 , 1c007814 , bf2ad080 , 11dad67b , 2d90ea16 , 36ff194b , f51049df , 2eb08ab3 , cc39b17e","954c84d7 , 050c0808 , 65c0dcd9 , de40fb28 , c37cc5b5 , c6ec3a3f , b19c4c6b , 8c8eb689 , 8f642d2d","2da69c71 , cde6e558 , 7a9c182e","cc2e53d8 , af2655dd","",
"FMRC50","FILTER MESH ROD","350.00","","4/1/2026","2","4","","80c53de3 , b1bfe338","26d9297a , fbaf8a09 , 66a05815","","","","",
"FM~11X15","FILTER MESH (SIZE 11in X 15in)","200.00","","4/1/2026","2","4","c77c4086 , 005522d8 , 88f330eb , 17180895 , be5aecdc , 2b01b417 , cbcb4b29 , a5ec4104 , f8ef2923 , 758af4b2 , 04cc42da","d325196f , 26d9297a , bd72a719 , fbaf8a09 , 8e0a749b , f7f0e2f7 , c68ad1e9 , 9cafd3ae , 66a05815 , a3ed62ea , 0a719743 , 136d29c5 , 7600fa7d , a3359845 , cbc907be , ed68e4e2 , 76ef8b4b","a2d993c3 , 47e77ad0","0957b875 , 29498b5b , 1f961a8e , ed9cbc47","f34d6278","fd8a0d5a , 6f833be3 , d87b3ec7","",
"PLC","PL LIGHT CLIP","30.00","","4/1/2026","3","4","","0c7c7126","","","","","",
"HRL","Hand Rest (85x230)","135.00","ABRAR","2/14/2026","2","3","f0d4a5af , ac2f2674 , 9654ad2d , 2846aa3e , 848166ea , aa6b5f77 , 041255b4 , b1ffd475 , fd63b526 , 7f8cb2c8 , 62b7b486 , fe400457 , ec7fa1ab , ab7e39ef , 0ebde077 , 235dcdc2 , c87cf0f6 , 220c2a26 , 5683fe01 , 7e2f9f99 , 914656a9 , 04d2c38f , c0dc9abf , 3f4b99fb , c90ecec7 , ebac194e , 932dbae7","28bc5d87 , 12e8932a , bbc0db1a , 8bef4631 , 7581f24b , c4014b05 , f28ea77a , 8e48a934 , ac988aca , eba4e25e , 74f154fd , d663fcc0 , 9c54dd9a , 87fa6a10 , 67e4d36b , 2492a7b6 , 2ec69812 , fedeedc1 , ac6d5aa4 , 64a1d9c9 , a1df3b68","56fde994 , 1fc0b87f , 11ff94e1 , 5275dc81 , f1a41dde , 7f3bfc6f , 13c2ed18 , 81c1a859 , 21234cfc , fdfaa8df , 47f9180f , 62e4b0ac , ca95e8f0 , 9bfc6aa0 , b874479f , 42892d61 , 9a95bbc2 , b3419d2b","a46ea7fc , 159ee3c9 , bce27c76","0ac0394f , 1aafb398 , 5a9a050a , ad2815ca","0c7c7126 , 50636b4c , d8edeb43","c2ceabeb , 67617819",
"HC3i","HOSE CLAMP 3IN","60.00","","4/1/2026","3","4","16a473c7 , 8662701e , caf301b5","f9ac9329 , 8ff2dc06 , 8f89ec48 , 1560ba34 , 1eaa236f , 2afc7cd6 , 64ca0917 , 48a66bfa , 6a1a5c62 , 88d0da99","0c7c7126 , 55449448 , 936a367b , 6230be12 , 8401c5e5 , b50a3871 , 9471714d , fc6e3313 , 3ae251d4 , 539c4caf , 9cd4d22e , cdcdd02a , 5c493da9","d8848d86 , 0964a7d5","1093b519 , 053afb98","e5e85419 , e7d7866f , 708f2bc5","",
"LCF","L Clamp for Filing table","32.00","","4/1/2026","2","3","","","","","","","0c7c7126",
"HRF","HAND RIVET","9.00","","4/1/2026","2","3","b16f020f , cefb4498 , 50277141 , fd5d45b2 , ee84976c , 029141da , 15723862 , 864b208f , 63df8e12 , 24a9a805 , 94dbc98d , fb701fb9 , 6044d0d2 , 12925867 , 30fc49a0 , f2f0518e , a5c03fd8 , 83793304","94c64f4d , 1ebb82fb , ec859809 , 67a794f3 , 0957b875 , 29498b5b , e9d28814 , 9dc85639 , 88a8d541 , ef6503a8 , 345a76a6 , cf36a1b5 , 5c757e3d , 089159c6 , e5a02b2b , 8fb69bd9 , c4246381 , b071367b , 9e385a59 , fbc1e035 , 5562f348 , 9430008c , 2046f9f6 , f66adb16 , f45ed36c , 749baac9 , e8d58ae8 , 009829fa , db6f9298 , 1f335987 , ef581dc0 , 06069a80 , 62129b18 , bcb3d47d , 176b6ddf , 42892d61 , 550a6248 , 8cdd34e8 , f716f039 , 4157c700 , 42c09036 , 2406ace2 , 15e53c2e , 00d0d3af , 3aa50428 , 932dbae7 , af3232a2 , 220f8743","515627a7 , 0dc030e9 , 4ef336d9 , 605e4ede , c6b7dc8f , 6d3ad48c , 6bc75294 , b0ac0d4d , 159ee3c9 , 17437a27 , b5a52de8 , 3398340f , 827a6337 , 99451953 , df376d94 , 87fa6a10 , 23376b34 , 786ca460 , 25a63b54 , 9a189611 , b0357f5f , f6380c61 , 5d227ff5 , 165e082b , 4cb78e14","4eda65fe , dd728954 , ca95e8f0 , bd610a43 , b874479f , 9304a91e , fde8d16d , ee010fb6 , 51b96af8 , ce0b5c45 , b5a93ef0 , ac6d5aa4 , 0ac9ecfa , 5f7aec56 , fecf77df , 38386833 , ee282d92 , 6ad944cb , 70c9f541","0c7c7126 , fdfaa8df , b0bc95a9 , d73d4dbd , a38162f4 , bff31063 , fed5568c , 72460834 , 9d0e7f63 , 8b3a0cf3 , 77cdebb1 , 036d28be , 9a95bbc2","0964a7d5 , 47f9180f , 625168d5","f63bbd3b , 6a502552 , ad2815ca , e81ada32",
"FG~560x205","GLASS FOR FILING TABLE","300.00","","4/1/2026","2","4","2acb6391 , 2e556efd , e9c3302d , fb754e88 , b2018d6f , 5db63308 , 992cc79f , 9cd3e50c , c4811642 , 0f5856e4 , 500a9a74 , 708602f7 , ec16a257 , 59edb88d , 40aff06e , 95ec6d80 , 80d9d4d1 , 54fbdf79 , 9c24268a , f8764797 , 5e9e54d2","14584897 , eebb9643 , 3333ae5e , 3df0bf3b , 5f791a21 , 6ae357ce","8308c126 , 21548939","0c7c7126","9654ad2d","","",
"DTSP","DUST TRAY FOR SINGLE POLISHING","1,120.00","","4/1/2026","3","6","36ab8d3d","","","","","","",
"WCB24","WOODEN CRATE","2,500.00","","4/1/2026","3","4","faeface2","457b2117 , 86602ec5 , 8b80ad88 , 93fd6d8b , 84f15af7 , ae7bc987 , 8603bab0","0544dc56","","","","",
"CDC75H8P","7.5 HP CENTRALIZED DC FOR 8 POLISHING","345,000.00","","4/1/2026","18","22","6b885330 , 837b43a3 , 45756a10 , eabd0424 , 65de343f , d54c80bd , 4acee4c4 , 5cb44a41 , 9ddf6272 , de95c6bf , 27b73506 , 5efde2b7","15477b16 , ccb63351 , 6d3c5d28","45756a10","","","","",
"ICDCF","INSTALLATION CHARGES PER SEAT FOR FILING","1,200.00","","4/1/2026","2","3","","","12b4d878 , f5e72c84 , 031706ff , 46d818a6 , d6025a83","a76547ed , 4141afdb , eabd0424 , 4acee4c4 , 000fde9e","837b43a3","","",
"ICDCP","INSTALLATION CHARGES PER SEAT FOR POLISHING","1,600.00","","4/1/2026","2","3","","b71f42c1 , 4da1fef0","a76547ed , 4141afdb , eabd0424 , 4acee4c4","837b43a3","","","",
"25FE","25FOLD FILTER BAG (ELASTIC)","4,600.00","","4/1/2026","2","3","53eb62ef , d9960925 , 9047c919 , 80336c2d , e8d3a332 , a856db64 , f5ee9e20 , 46b589d6 , 9bf857ac , b7a1f121 , 39b7e3dd , ea90b178 , dc887471 , 9f6ede6a , a928e92c , c994d71d , e84857cf , 45b4eaa2 , 2375d37f , 42eb40e1 , 915e679d , ed18d783 , b49f33d1 , e2b2ecc8 , 5411736d , 95319968 , b5f52dbb , 1bb5ff9b , e0b61e87 , fac442fa , f815b320 , 81182a52 , 0bd5d00e , 2fd95ccb , 47e42b87 , 950bbbf4 , 3a0b99f1 , afe0d1f0 , 5674b3c8 , d325196f , 11c3d310 , b9b069f1 , bd72a719 , fbaf8a09 , b71f42c1 , 8a86c445 , 4bcb4fda , 3ba0eac4 , f34d6278 , a83f8d0f , b5dae5db , a649d29a , ef96a729 , a81dd10d , b2443ee9 , 4b6fc83a , 8366d339 , a0c4a9e1 , 7ebf3bb5 , a3a8ecb5 , 4aaf7d2e , 71d07834 , 66a05815 , b1bfe338 , 72c32cbd , a1170877 , 1c70c189 , 36e494bc , 7fe2d743 , 0fa864c0 , 81738f54 , e7087013 , 059d0393 , a3ed62ea , 7079fbd3 , f459554e , eae96be7 , aa47ac00 , 2e038d2c , a33b3255 , 136d29c5 , cb4725e4 , 89c6600f , d98ba2f9 , 6eedb861 , 09f4c3f4 , 5651b60c , 6f65c600 , d0e573bd , 5d988c09 , 9ff99687 , 88bc3d25 , 3c098920 , 6686f751 , e4bfaf0b , 7422b5b7 , 7de83fb5 , fa96085c , a037bf26 , c89182f6 , bd0c2c0e , 4b24a900 , 52316f16 , d1699f72 , c28c91c3 , ca40d3e8 , d5a86695 , 7a189b16 , 7be082be , aae2e6f1 , 5373c11d , 82eebe58 , 5c728287 , 8fe35a1b , c87cecc9 , 9b2e9dfe , bcc9a236 , 1398f32c , f2efc39d , 7d575557 , 594cecdb , 438b7750 , 20f8bbbf , 6e2fe472 , da633559 , 55808473 , 84f9c2a6 , fd1a8b78 , 594bd862 , 35c0ed44 , 43e76ab0 , d05e1f48 , 5c84ac6a","e9b2dd5d , a20bb1f5 , 2c4123f1 , 209d9e09 , 59525034 , bab27dbf , 986b4cc2 , 7d3f7c74 , 6fa17c9e , a2d993c3 , ded69168 , 1b150026 , 49f624ab , cb21bfbc , 05a7295c , 47e77ad0 , 72044d7a , 5534baca , 7fa73531 , 047da836 , 70d886f3 , a07b78f3 , 85bbe8ad , ef85e154 , 3a3ee08f","c0cd1b79 , 80fff048 , 338adf2f , 28f1a5ac , f15a3b9a , c68ad1e9 , 9cafd3ae , 55c80715 , 89688969 , 40cca0ce , eff48d75 , a27d11e7 , c7c05d4b , 445d03b4 , e40cd1f7 , ab05f78b , 9679f9b7 , 6f959ac4 , 46e8dbae , 8672a219 , 244e1f45 , d1e4683e","d737936a","33dd88dd","","",
"18fe13","18 FOLD FILTER BAG  ( ELASTIC )","4,000.00","","4/1/2026","4","5","0167d61f , 1f55b5ac , be28e0c4 , 786a1e25 , 364a867a , 6d57cf46 , da68f9c5 , 5c54b91d , bfb38c16 , 70963516 , 4d88781a , 0d62e237 , a1088c07 , 0033f5e9 , 4d65c9b4 , fd8a0d5a , 6f833be3 , d87b3ec7 , 8e0a749b , ddb7dd81 , 243896b4 , 2f99d7c7 , 48aa88ae , fbbcb408 , f7f0e2f7 , 1d244e28 , 14f2641b , f683cc52 , e5e85419 , 0f1f01fe , f0d93591 , fea98e2f , 1a72977a , fcd3f50b , 19d6b387 , 11d8672e , fa55e083 , cbc907be , 60d3bdcf , 85bbe8ad , 3cc92ae4 , 02fb04e2 , 039ed78c , 3918ff71 , f2889efb , e9acaf1c , 25791441 , d4261f21 , 2cce7e9f , 475a5220 , 759261b7 , 74d1bd50 , ed68e4e2 , 4b999292 , b70f1e78 , 130ae5e4 , cb1d7bed , 147ede69 , bbe28e1f , 3ed3115e , 49172a4d","49d501b5 , 7a0d8890 , 5b1c94a5 , f34d6278 , 4217a90f , f69443fe , fcc1e1b8 , 9679f9b7 , f4399878 , c6a2c56f , 884725cd","950bbbf4 , d8edeb43 , 0957b875 , 29498b5b , 3e0b3216 , c0f47b03 , 36a6b009 , 1fea0fcb","3d3a3821 , b46c7db6 , c2ceabeb , 67617819 , b59c66df , bf26101d , 5b8733fc , eb4b5da0","7a0d8890 , d9d8f709 , 1351cd5a , bf0e9fdb","","",
"DRPT15CH2","DRAW FOR POLISHING","950.00","","4/1/2026","11","12","cbb420ca , 7ba31a73 , 1be947bd","","","","","","",
"BTMT15CH2","BOTTOM MESH ASSEMBLY","400.00","","4/1/2026","9","12","","cbb420ca","","","","","",
"18fe11","18 FOLD FILTER BAG ( Elastic )","3,600.00","","4/1/2026","5","6","a3c6cabf , e46d743e , dcbc9341 , 0e22c721 , 8e4239dc , 40a363da , 65d08f9d , 9f73a7e6 , 24e5cba7 , cd60bda3 , e0667048 , 526089d9 , 0b28ed0a , 828187a9 , 9582203a , d6281e60 , ab26a3bb , b737d556 , bce7978a , 0a719743 , 8ef99ee5 , 1548d7f9 , d321970e , 3381f07d , 8ef8ba63 , ccc3a4eb , 9679f9b7 , 047da836 , 44daf624 , 9085b33e , e283a321 , 526fdd6a","950bbbf4 , 0d62e237 , 2f99d7c7 , 0382d20a , 7079fbd3 , eae96be7 , aa47ac00 , 6eedb861 , 09f4c3f4 , 5651b60c , 9ff99687 , bd0c2c0e , 384518ca , 1f961a8e , ed9cbc47 , 7be082be","0167d61f , 1f55b5ac , a20bb1f5 , 786a1e25 , 209d9e09 , a7de9635 , f34d6278 , b6286123 , 1c70c189 , af989132 , c89182f6 , b59c66df , 4187aad4 , 08ae7e5e , bb853406","be28e0c4 , 338adf2f , a7de9635 , d8edeb43","80fff048 , b46c7db6 , c2ceabeb , 67617819 , 59a182c0 , 50c31ddf , bf26101d","7a0d8890 , ffdfe609 , 28f1a5ac , 55c80715 , ab05f78b , 1351cd5a , 8672a219 , bf0e9fdb","d9d8f709",
"FF~C50DC","FILTER FRAME FOR 5HP CENTRALIZED DC","4,500.00","","4/1/2026","7","9","","527fe7ee","","","","","",
"FM~20x26","FILTER MESH ((Size 20inch x 26inch)","450.00","","4/1/2026","8","10","527fe7ee , d8a266ea","","","","","","",
"FT ~ 30KO ( SINGLE SUCTION POINT )","FILING TABLE WITH 0.5 HP DC ( 30inch Table )","43,500.00","","4/1/2026","20","30","c730870f , 734b2cac , 5b76bcb4 , 118761ae","3f802c80","","","","163556fd","",
"28FEC75DC(28w x 26h)","28 FOLD FILTER BAG FOR 7.5HP CENTRALIZED DC","12,900.00","","4/1/2026","7","9","8467bc44 , 896cd237 , 8094decc , 26a5e38c , 0716fd92 , 1889e20e , db8a6bb7 , 905e3c00 , 9686ed82 , ce323187","","","","","","",
"TCKL","DISPOSABLE BAG FOR POLISHING","320.00","","4/1/2026","2","3","fbb85845 , bacb0706 , 7ec5361b , d89c8742 , b6474a29 , 13be5e60 , e70353ba , 87f75a99 , 8316e0a3 , c49272a2 , 57fe55a4 , 0c8f938c , efbd7a40 , 2166ef2c , a1d0c395 , 9afcc732 , 4a354af4 , 8bc670ca , e17af013 , 0d812380 , 7f2bdd47 , 2ad36990 , d7b32977 , b8068c4c , 2a379c68 , b44c9a3a , 0dad6c87 , 7f16d18b , f700fad5 , 172590c4 , 3fd25848 , 37c1cea8","50d57746 , 28482c16 , ca8f78f5 , c46396d8 , c188d18f , 78f1a40e , 6fbe5903 , ffd83d8e , af12fcda , c4a6d854 , 86f4f966","cbb420ca , f51da305 , a8bb0236 , 63532fcf","0b513316 , 833387ce , d8d23f8b , dad11057 , a9bb4950 , 3344cce1 , 4332567e , c10017d9 , ff503a09","","","",
"SG~50HK~17i ( DUAL SUCTION & SLOPE TYPE HOOD )","DONT USE","50,500.00","","4/1/2026","20","30","0df6d4c2 , 32c0f73c","a883ffaf","","3d3da464 , 65ec9240 , 4f16ff2d","","","",
"TCN","Outlet Filter Bag(Nylon Washeable)","300.00","","4/1/2026","2","3","0e7a47fc , 738c3b5d , a5037196 , 1dea4a56 , 49006ea6 , b0bc2dbc , 5848ceaa , 16f1a8d5 , ad94c672 , 6345bcdc , b7be19b8 , b8f0a8d4 , c6869ff4 , 0a6b8b03 , aed474b5 , 81868fd6 , 7e141b52 , 54ff9c26 , 943f9dc4 , 4dc5bed4 , 67c60d55 , 08d97d55 , 43e0fc2a , b6ac868a , a5bb043d , 1e7ed088 , 71c47036 , 479a28dd , 6bb91307 , 346263ec , 6475c68a , c3302f01 , 5908edef , 702c18d6 , 11abb955 , 3c0155e5 , d0c92d6d , 890d63da , b874479f , 794caf9d , 1d805db8 , 3d25f1d4 , 39e3fc15 , f04ba486 , 502349f4 , 857c0df5 , ad8f3889 , 4ce5877b , 6f033da8 , f50d86ce , 768f723d , 60d3beca , 7686b6fe","cbbf53c1 , fb975a35 , 21d4a3af , 1f55b5ac , be28e0c4 , cdba7503 , 605c173a , 05d6f8ab , 121573d9 , a46ea7fc , 81db9ad3 , d10266c3 , 4d6aa6af , c7af2606 , b98a4fb1 , 49415171 , 3a66d12a , 3d88777b , 03eba0a5 , 14668378 , 4c2916d5 , 62e4b0ac , 8c7bbd1a , 9bfc6aa0 , b8ce6a60 , 529a6ff3 , 07e1e1e4 , ddf55169 , 2cce7e9f , 1d606957 , b44c9a3a , b84a1981 , 36e0924e , c61f24e0 , 45ddd091 , c37fc327 , 9ed98e92 , 2ff577d7","35f93e75 , d68e31ff , f64fa309 , ac4dd434 , a0b6a214 , 5a99c3ee , 17c9ebe4 , 2f84b4ea , 3b45c6da , cf85b966 , 712863ed , 12b41153 , 981aca72 , c80cd929 , ceed84b9 , 8347ff44 , 51804396 , 3f3ff473 , cba58692 , bf0e9fdb","7e72f2a2 , 88bc3d25 , 76ec99e5 , a07b78f3 , a36b74bc , 8964554d , c9ca5ba1 , 405d219b","d8edeb43 , 3f5ca57c , c89182f6 , 72015fbb","d9d8f709 , c2ceabeb , 67617819 , bf26101d , f63bbd3b","5dc69d7f , c99b4002 , 1351cd5a , f39200dc",
"OM~26in X 8in","OUTLET MESH ASSEMBLY (26x8)","980.00","","4/1/2026","2","3","056f327d , f13ad616 , 85836a61 , e84bfe9c , 93d4152c , 986cebd3 , 542fc6ee , 47e77ad0 , 7600fa7d , a3359845 , 5c6cebc6 , 9a1dfc87 , 562a870a , 941047b5 , 41280a05 , 1b870d46 , 00442f1a , 72f92b13","","2fd95ccb , 136d29c5","","","","",
"LFT","LENS FOR FILING TABLE","1,300.00","","4/1/2026","5","10","5b9303aa , fe7c37cf , a5197ced , 58a7b760 , 4a6a3947 , 66b57d59 , e34bc6d9 , c08f2a85 , 0aacc8a9 , a3997b8a , f72a426a , e134b55b , 33bea0e4 , 0e5f3040 , a06c6b85 , 8681ddb8 , 55a303e4 , e0090917 , 967fcd46 , 47813f36 , 8d4c7d06 , 30c5c788 , a03d19cc , fd449089 , 201f5e1a , 8fd5c0f0 , bbe85f0d , 349ec75f , 7b9a5fee , 15c9541e , 9006b426 , 0aad16e1 , 7a1b4406 , f49aacf6 , d2b7519d , 8bb6c0f1 , f13e6428 , 5e1aed6c , 70d91234 , 8ad38a4f , b9693ac6 , 85b05058 , daf450fc , 3ca65af0 , 915f241a , a9e48725 , 5d95575e , 2d6b701e","84a1650a , 2edec49d , 7f0f75bf , d86e0a40 , a6b670ea , e2eb8bda , 3e46e5db , 682779ed , cd021983 , f677463d , 0f9ca205 , 5e7d7a59 , 7f8ef5db , 6fa8ff57 , 5c7e91b1 , 6589c7d7 , c566ce71 , c25bab60 , 39b0f00b , bd291e21 , eeba622d , 5fab80a6 , 1f2f91cc , b7ec6f3c , 6dcab698 , e2fc88c0 , c9899734 , 8138c1c5 , 3359b812 , 9dd28b65 , efb627a1 , f8988cc6 , 060f928f , f6a52755 , fe62004d , f229b9e1 , d0a19426 , a9d25107 , 46b5581f , bac8720e , 22a1e66a , e7d6ee15 , b6a7b873 , 2f47a582 , ed8c8fba , 7c300a4e , 24b1f5e1 , 10ec9fdc , 2f0ef191 , df486d20 , 507a2789","9816f334 , 28c7bc38 , 5a269f02 , 32e5a903 , f4d666b9 , b7097fa9 , 3184c36a , 4492a11e , 875f9b59 , e8112a6b , dde41ba6 , 5c757e3d , 85846d5d , 6fe5d9a6 , 204a6f87 , c7a774f2 , 6a9cfe05 , 46ed87f1 , c744e800 , 854c73be , b52c7f00 , 761ca5d2 , 7de38aea , a1649cbf , 60c065bd , 4cc5e322 , adba5ac9 , d5b88f04 , 45fdc97c , 34b02183 , ce023483 , e84946f8","179972c4 , ffe247b6 , cd71d2bd , 3a1bf94c , e315512d , 986ca191 , 448e430c , f51da305 , 61d5ab76 , 29b9e860 , 9d95ba39 , 2840268d","3cbe4873","81f32d05","",
"FPHG","FRONT PLATE FOR POLISHING WITH HANDGLOVES","1,050.00","RAHUL","1/12/2026","9","12","80a44850 , 2edec49d , 7c1bdcc2 , 3969b462 , 3b2388a9 , 04a8b2f3 , 6acccc04 , 8608ebd2 , 2d28a5b9 , 0123aa8b , b73fb174 , c4399529 , 24f75dcc , 9a3f7fe5","11ff94e1 , 71c47036 , 834a602a , f914d430 , 02ec3e1d , e7d7866f , 708f2bc5 , f0791a37 , 92cc7138 , 1fea0fcb","f7d084d0 , b321be0d , 908d4391 , 2ec486da , ca047941 , e55c2f13","","","","",
"5IN CAT","CARTRIDGE FILTER FOR POLISHING (ROUND)","430.00","RAHUL","4/1/2026","2","4","bef25cd2 , 016272b1 , 72c19c9a , 81db9ad3 , b3d41b63 , bf1f011c , 8325975f , 67455f33 , 8ac75dc4 , 19643759 , dd72757f , aa36348d , da575615 , 217ecc83 , 0b34f592 , 9adebe63 , 56fb4b87 , 3445f40b , 2c6610e7 , 499d0779 , 6fd78ea7 , c05bb592 , b760a917 , 332e18c8 , 61c0690d , 3dc43142 , 6db94be6 , d44073c8 , d3aa4ed5 , 703df953 , 5ac9bba3 , d4dce6d0 , 3e6e8918 , e0b66b3b , 13d8789b , 69f3c87c , b7fc3930 , eabf12d9 , d0aa362b , 8f550eee , ded69168 , 1b150026 , a994ba5e , 0ffa7546 , 8e80f3a1 , bdd34a1a , b29026d9 , 49b4291e , 8320a433 , ce39c274 , b727e6b7 , cc187aae , 0f5ab08b , fe80674f , e1cc89f0 , b38ea1bb , df00605b , 3956f865 , 21cbbe66 , fd3e842b , 6e8c0855 , 81ced421 , a63bd83a , 3296cf51 , c30a66bc , 68e80d75 , 6205f1d1 , e9bb7a62 , 221f9c47 , df42deac , e9305c9f , d30bc600 , e8477622 , 0c46f6b6 , 5863eadb , c7b644f1 , 95ddfb3e , 3ca3c300 , 2eb0b26b , a664ca0f , 0920c0aa , 0ab567b9 , 0c5cb137 , 8f868323 , a47b16fd , 17ce9601 , 983f9c45 , f666ce5e , 286938a3 , c6bd9843 , 19048bc1 , ab82894b , 871ef0d1 , 17d0c244 , c9a220e3 , 7b0cc9d5 , 8a02b853 , fd042242 , 3ffc17ad , 1f6775af , d07f39e8 , 33869005 , bb5c39a4 , 05f284a1 , 136bf540 , f3eb2514 , 20eb96cc , 6155538e , 83690425 , 6bc35d90 , 9678f3e7 , 06c29c0d , 14668378 , 62e4b0ac , 3b6af97d , 32c3e5d0 , a45afdf1 , ba840df4 , 1ea68108 , 3319d253 , 9bfc6aa0 , 3b6a543c , 161a12c9 , 85aecc92 , 557c462d , a2cae042 , efa580ee , a13c1f32 , 62b783e5 , 6df01783 , ce7c8ebe , 643347c3 , e3ed8efa , 9695f13f , d2d4f6fa , a53cabcc , 9cd221ea , e150148c , cd280e00 , d11128bb , a751a7c9 , 2b7534eb , cbf91543 , 2ab93dd7 , 46e8dbae , 5e09c042 , 0fb167fd , 5f5204e0 , b100ef82 , d39e5ad4 , 9ec02d50 , 813d5908 , aaf70853 , 1d606957 , 40b24f46 , ebdac99c , c0e02497 , 7807f5cf , 5a74a3d6 , f8573f0e , ecbd2f2e , b1fc35d3 , 437d20a4 , 15cd0826 , be03cd6a , 5a9a050a , b89550d6 , b6248680 , e421a6b1 , 03ce2739 , c143d276 , d96ac16b , f699ca5e , db82bbfe , c4d188aa , 33dd88dd , f071aa6f , 7842b31d , b44ca3a3 , 47414399 , ca92d72b , 8f842584 , 11029b4a , 7acb4a93 , 2541ee0b , fd9d23d8 , 379d3a50 , 877bd43e","766a6b7e , beecb87b , 0d9a00c7 , 5070a478 , 8778b4d2 , d942555b , e0acffcc , ed69a946 , 5eee6bd9 , 7e72f2a2 , f031a16c , b6802f1d , 6b0ed401 , e0128094 , 3317c00b , f6991482 , c08f2a85 , 4bdd3cd9 , 8d854fe7 , 028cdcc0 , f941d0d1 , 403f918e , 7b87740f , 7d1a5167 , fd4d1fa2 , 2c497e5a , 4ef336d9 , 605e4ede , 74522c8a , c6b7dc8f , 6d3ad48c , 6bc75294 , a5141204 , ab73e25f , 2ec486da , 11c71db4 , e73b7952 , 3b38c9f0 , 7671bbe5 , fdf04d52 , a28042cb , 7175b38a , 5891d40e , 182f45ac , a6bf54b8 , cdcec36f , db0865b6 , cf85b966 , b19ef8db , dbfaa658 , 845ea5aa , eab17ab3 , 4d9ee8cb , 354a06ad , 0cec7a8a , c5b6eb49 , 0fc897c0 , 802814ee , 6a806fb6 , 583ef791 , 52c349a8 , 06ebb78a , e9f92372 , e40cd1f7 , eaa75758 , 027a796f , d8cdd47b , cd0e7764 , e4c82a90 , 2e8a876a , 966b5d8a , 9971ba26 , 6edddd8e , ecb618ee , 800b28c4 , f307dc55 , 6c39490b , bc6b5541 , 90dd2cae , d73d42c1 , a1f461ec , 56ffbe29 , aced8797 , 3f9317be , b7ed5a19 , e9918928 , 0876c906 , 516aace0 , 6e4d353c , 05c0e0db , f5dcea63 , 76aed28b , 09f6fbfd , 010e579c , 31317106 , 7435c157 , 532f0970 , 5a14846a , bbdda1f0 , e463b926 , 8cc9c5da , 8a3596cd , 8ea9aa48 , 88c972ce , f865b565 , a10cb10d , 4b999292 , c9ca5ba1 , 126426bc , 2e5749b3 , 9b1ab6b3 , 819c4f9e , cfd7c52a , 5daaeb56 , 1805923a , 0d7ffc51 , 7ccbe7ee","a46ea7fc , 3baa9324 , d4aee036 , 0915dd85 , 5dc69d7f , c99b4002 , ae2fe5c2 , f833545e , 053afb98 , fe00636a , 8a7276c1 , c00aeefd , 0b10d23c , 3d6f2081 , 2c095f1a , 351b8f4f , a36b74bc , 7a959e63 , 8964554d , 5a4d7f01 , 0fef0bb1 , fef2f309 , 625168d5 , 51c14eea , 93146bc6 , d616ce3e , 4bd61295 , 29b9e860 , 405d219b , 98728da7 , b826b4e0 , 37d04655","14796f29 , 3af7c479 , 25eeefdd , b0bc95a9 , d73d4dbd , a38162f4 , f233153b , e7d7866f , 708f2bc5 , 6fcc6ec4","","","",
"SRP6i","SPINDLE ROD FOR POLISHING","1,100.00","","4/1/2026","2","3","53fdd555 , 9631ab29 , 4f849278 , da0a922d , 801fd656 , 2a4598a9 , 0b816572 , 189f0fc9 , 460b5c64 , 7e0a190b , 93270d88 , bb2abc0b , af439427 , d3c8f457 , 0a70bed3 , ed4735cb , a9a613a0 , 309b8055 , f1beb230 , 96ff278c , cc98f876 , 5a10b711 , 7d1c1d96 , 5c729c20 , 1a7e122f , aea1914e , 5931d9e6 , a9ba513b , 596b4e81 , 774c4170 , d56da734 , 08c4638b , a9b54237 , c09a0ae3 , 01423a45 , c2ee4bc4 , 49fa8a3d , f0918807 , fb9a2de8 , 15a1c459 , 5044708a , 60cc89ba , c56534c4 , 278833f2 , cbd34e73 , ccd912d8 , 37c8d638 , 2a133523 , fc5f1cad , 2002c167 , c95cae21 , b3e00ddc , 6bbdfdb3 , 2982e04e , ccb7066f , b647db04 , 46747568 , b4d41eed , da19934e , 0ab7b2c2 , 4db3fdf1 , 01f8db82 , 8dbae81c , 1831faee , 3ee79d0e , dc4a08e7 , 69af1f86 , f8da1715 , f15d1664 , 1cc250ec , c4e7f5ea , b0fea3b7 , 8a5ad04f , 5a54921b , c102ab5c , b8f64dfc , 49ac4713 , 074d3d29 , b8208569 , dfc2b00a , eda061c7 , 9b9475a5 , 959b9cfa , b434ba57 , 881aff20 , 0919e4ac , cb84bbd5 , 74b5cc24 , 3f9317be , 24b29fdc , b4cca8ed , 4cb2bf3a , aad02864 , 3dcd92c3 , 9ff4deef , 2b5c4ba2 , d4405036 , 4a65a7b5 , d942e829 , 9709bbc1 , 2f9f9d91 , a4256efc , cef16765 , cc0d8bd9 , 0a683d86 , 8f267894 , 0f264169 , aa005009 , b91cc21d , 3e2491f9 , e2ecd05e , ea9d51c2 , 725157dc , 9ffa1d4c , a3b13ba5 , b01c6343 , 4b57349f , 27835b83 , 13c40897 , 24972a2d , e2098f5a , 6230b5ea , 7d928af6 , 71a84bbe , 52b4c98d , b9c94b5d , 04dce81d , 97edbde6 , 6285e77d , 95a499d8 , acc668cb , abb832a8 , a02fcacb , 1fd405cf , 276ba1b0 , 2d8b9ed5 , b757faa8 , c1d3e470 , c66312f9 , 64a1d9c9 , c675a73c , ce605e1d , b6ad5000 , 89cbfd88 , 9fd130cb , bf3620da , f0791a37 , eb38e8e7 , dddf679a , c9c29d30 , 0792db03 , de1238da , 9269afb7 , c29f241f , d8ac7ab4 , 9f0c3bf2 , e4ce1aea , 7bb4fb4a , 8ce452b5 , 7802a3fa , bc2bf753 , 7fca12f3 , 64192766 , e78a027a , 72fc052f , ae78e31e , d2cf72dc , a4ad2b2f , 4ef65dbf , b53cfecf , a4ecfeff , 04c24296 , fd4f8b03 , 5e1d9c17 , 314380c0","72c19c9a , cfaed6e4 , 526089d9 , d2a2f494 , c7d05046 , 17c9ebe4 , 37e1c7d4 , dd54877e , e8112a6b , ef37208a , 2082dbc0 , 870f1ae0 , f459554e , d41557d0 , 290c8bfc , 6ca46499 , 751fc561 , c9a220e3 , 10429fb6 , efa580ee , 62b7b486 , 4f90fd46 , 741fb0e7 , ee608dda , 088c3658 , 279a5407 , 9ec02d50 , eca86b19 , bde74978 , 13a14b56 , bf275fbb , 6c68a5ad , 1f53c0e5 , 79fe9af6 , 4b1958b4 , a8e0ff85 , 5e1f63e2 , be91d4f6","f9c78662 , 60fda3d4 , e049b8ad , f6215b43 , 71c47036 , 2653dca0 , 3fdbef5a , 86f2a112 , 1473175e , 4ce5877b , 17671a15 , a8c15307","6a36ced1 , 9196a96e , c5b6eb49 , 7d9b613e , f0e3b62e , 1805923a","","","55c80715 , 38047f4f",
"25FO","25FOLD FILTER BAG (BOLTED)","4,300.00","","4/1/2026","2","4","1898c360 , 8e79b1e4 , 9330f697 , aebe1d15 , e44f42b3 , 9ffed651 , e7fa7ffb , 51fd715a , 9d43c3f5 , c3483cc3 , 68ccd628 , a020ef58 , 4406bd62 , 338eecbd , e9b2dd5d , eddda7b7 , 1bea1427 , ad869063 , a20bb1f5 , 49d501b5 , 7a0d8890 , b46c7db6 , 2c4123f1 , b0a7136b , c5b61ae1 , 209d9e09 , f583a6f3 , 59525034 , 93c14c1e , 86b27361 , bab27dbf , bf3c1110 , a360f7e9 , 986b4cc2 , e2c993e2 , 6b1e5aaf , 1ddc5bf6 , a7c52550 , 853a00c3 , ca7ea09d , fd05521d , 7d2c56af , 037cf19d , 98b1a6ee , 04e3ea78 , 7d3f7c74 , 73be56e6 , 79521820 , 209ff72b , b1303549 , 04cc34e0 , e0acffcc , 6fa17c9e , 26d9297a , a2d993c3 , 3c840721 , 08012b20 , 40dd69f1 , aea1d31a , c7d92daa , d0d84d88 , 4da1fef0 , 28014adf , b0260a90 , 529c8dd2 , 978b1ae0 , 443f9f0d , ae2fe5c2 , 4a46ddc7 , 8c01ddf4 , bc47af47 , 49f624ab , 47fe20e6 , 95d98d74 , a32a69c3 , 166f5d0e , 90178539 , b32437c6 , e2ab5cfc , f0a5ced9 , 9016661d , ca7e1ad1 , 8b302169 , 9278ae30 , fd627fa5 , 70d886f3 , 3cfc7933 , 74cae078 , cd436ac8 , fd4516ba , 2e6a4d09 , 1a10b909 , e793569e , ef85e154 , 81682d00 , a431a94c , 19b99c9e , f2cc032b , 144c868e , 76ef8b4b , 7ed1421f","a3374976 , 2cae91a6 , 25db228d , 14a2b825 , 80336c2d , 80fff048 , 338adf2f , b7a1f121 , 28f1a5ac , 7b03abdb , e0b61e87 , f815b320 , 81182a52 , 2fd95ccb , 71d07834 , 72c32cbd , 1c70c189 , 55c80715 , ab05f78b , 3c098920 , 59a182c0 , 4b24a900 , 50c31ddf , 8672a219 , fd1a8b78","f5949608","c0cd1b79 , 9679f9b7 , 33dd88dd","","","",
"14FO15i","14 FOLD FILTER BAG (BOLTED)","2,900.00","","4/1/2026","5","6","a662cbcb , 6ab58e51 , b4c922ff , 4a761a30 , e578c53b , cc476567 , f8fddbcd , 9b63944e","b1303549 , 04cc34e0 , 01f683f4","2f99d7c7 , 59a182c0 , 50c31ddf","","55c80715 , ab05f78b , 8672a219","","",
"LPT5i","LENS FOR POLISHING TABLE","1,600.00","","4/1/2026","6","8","084ce942 , cb1c41d1 , 0fe3dba3 , 7a3a912a , 3220ae6d , efadd55c , 0aa7fbf0 , b2bceb2b","0e5f3040 , 58116e3c , 967fcd46 , 47813f36 , e46e6c44 , 2e2ec732 , 0b6b194c , a7ad94f2 , ebaee47f , 91b7b6db , f0cc6de3 , 601347dd , 0f07fa18 , 4e5bba2d , 0a7a3219","5aad8276 , 62458f4a , 991a0a53","","","c528f338 , 3b2115fc","",
"LPT4i","LENS FOR POLISHING TABLE (4inch )","1,000.00","","4/1/2026","9","10","1b70f261 , 7c45f507","084ce942 , afde062d , 8832f5e4 , 7c1bdcc2 , 0aacc8a9 , 19566c59 , 0fe3dba3 , 9e1ff7af , b86ed700","2edec49d , c23ca59c , f6ede6c0 , f677463d , 990e7b90 , 6629feec , a0638428 , cd71d2bd , 03017be7 , 0da92e37 , 9c64a0d5","","ffe247b6","","c528f338 , 3b2115fc , 81f32d05",
"FPL18W","FILING PL LIGHT 18W","750.00","","4/1/2026","8","10","76210526 , cbd6c773","708602f7","cab25018 , 38047f4f","","","","",
"23FEC50DC(25x25.5)","23 FOLD FILTER BAG FOR 5HP CENTRALIZED DC","10,900.00","","4/1/2026","4","6","9defb63f , 626f63f0 , 80c53de3 , 56ce2592 , 2d29478c , feb58aea , eb685d87","e1b7fe8d","527fe7ee","","","","",
"OM~ 18.5in X 5in","OUTLET MESH ASSEMBLY (18.5X5)","1,800.00","SHAILESH","4/7/2025","2","3","","f7bd6933 , 75460d22","","","2fd95ccb","","bf0e9fdb",
"GP~ (150X165)","GLASS FOR POLISHING ( 150X365)","250.00","","4/1/2026","2","3","f929194a , dc374d06 , d387b71d , bb01497b , c0407f6c , 475d1c4e , 5cf8f315 , 4fbb8cde , 458b9bc9 , 22d3a18f , 39389a11 , a44dbfce , 1260e3ac , 2aa22082 , e3c25f44 , b7a06f8a , 601347dd","e9c3302d , 1f434209 , 8308c126","69d87da2 , c031df6b , 05fbf0bd , 88cb192c , 14576908","8b0915ad","","","",
"F~28B (DUAL SUCTION POINT)","FILING UNIT (28Inch Table)","15,000.00","","4/1/2026","20","30","3c6ed075","","d75daf6b","","","","",
"FB~24MSV","HAND SETTING  TABLE WITH VACUUM(24inch Table)","16,500.00","ABRAR","4/1/2026","20","22","faf35cdc , 90bd01d7 , 299742a0 , 6c1eb735","65ecd937 , 4fbbd927 , 546e70bd","8cdc8af0 , ddd82571 , a788a143 , 9ec50265","586c7be1","2dd88b26","","",
"P & F","PACKING & FORWARDING","400.00","","4/1/2026","1","2","","1a20a909 , 6ab47316 , 64118b09 , 66e17d9b , 2ffab475 , 75aa89c3 , aec810f3 , fd40c357 , a1088c07 , 4c6d2566 , e0c0e899 , 8869c697 , 8af454ff , 2dc05667 , a6bfaafe , 960b63e0 , 21b97e08 , 88bf931b , 8eae605e , a83f8d0f , 19876295 , cc251d38 , 1a48ad67 , db871799 , 844559cf , ab9029be , 8205820b , 4e00ed94 , 41bcc264 , b4a8598c , 5bedec4c , c522be60 , b2443ee9 , a9ba513b , c35c7b91 , 7232dc6f , 75d75ee2 , 96489464 , e7b81737 , 4de70fc6 , 9daf55e3 , 8ab45b44 , 54d556fa , db4d2054 , 8d4ac602 , 69f3c87c , b5a74093 , c5322d56 , 33d5e482 , 4110782d , e630fc0a , 0694cc36 , 3a03a5cf , c1fa076c , 204c5817 , 4b3ab9a8 , 323e285c , a948c157 , 2d41b3e8 , f6249385 , 771cc785 , 554b665f , 64af507c , 593a983c , 8366d339 , a0c4a9e1 , eabf12d9 , f215d326 , 1c50b3db , 58b6c675 , 88dda0c6 , 9d6e9429 , 6c314b81 , 4279a0d9 , 10661ea8 , 8f550eee , f0b7906c , b9201b5f , 076cd826 , 49fa8a3d , 28e876f8 , 78cedbde , 871c6f23 , 397d3683 , 154e3a3b , 48fc5701 , 3b580803 , 71763a42 , ba721ad8 , 6a3062ed , d34f9aed , 98a47ff9 , 468a1a4f , b1488e41 , 0f95f1fe , 682d6858 , 83585adb , fb931833 , e98d0a43 , 94b0e5e5 , 70eabeb3 , 4463b07e , b4ed451d , 89bfdaab , d480c773 , 00f7b63d , cc187aae , 0f5ab08b , 87121270 , fe80674f , e1cc89f0 , 44db2a09 , 90dce55f , 421e7f71 , 53461873 , 943f9dc4 , 4dc5bed4 , e49da50a , 64471dea , 1c792adf , aa196cd4 , b93542d8 , 6ffdd314 , 7bc6a3cb , c50fe9e8 , 80e741ce , 7369380c , 58bde657 , 61f2c0be , 1945dd0a , 2006150a , c0296643 , 5577c7de , edc7cef8 , 7f5a773f , 835abfc2 , bf2c698f , fc6fe746 , 18cd39ed , ce3e058b , 54a9f820 , 21cbbe66 , bc665deb , 49de0bd8 , 84e0e86b , 8d8cf170 , 967ab295 , 398c3cef , 50b02b5f , 50bb1c7c , d1ee38e0 , 3f5fa504 , 24ff237a , dd184025 , 3e19ed3c , 151d0ed9 , 08d97d55 , f7f88ed0 , 99fc71cb , 50e437c3 , b0d47fd8 , a63bd83a , d22bdc24 , 3d6d7532 , b04b129a , 383c57fe , 01b6961f , 3296cf51 , c30a66bc , b3e00ddc , ef9e087e , 9b1dbb56 , 9490b9dc , f68c14e3 , 6bbdfdb3 , 59c18eab , e371cebb , 6205f1d1 , 1bdcf1fc , 7bfe984f , 416fb927 , c22d9128 , 75eae985 , 9961fe9c , f46938a9 , 66e5e4f3 , 8691fa6a , c0b408ec , 801a72b8 , 01bccd87 , e9bb7a62 , fcd67af9 , a63d5374 , 131de9e9 , a25538c6 , 8316e0a3 , 7b8a5824 , 8f62a772 , 668a19f2 , c19656c2 , 221f9c47 , 308140dd , 0ce12bbd , 525bcdb8 , 1f6e3953 , e1b39524 , 13249802 , a664b176 , 5ffc2392 , 19edafb4 , 724fb4c7 , 953fe693 , e7d50653 , be2af3bf , ac198eee , 55865315 , 9597baf1 , 51fb1f1b , 1162067a , 4ce774d1 , 808b5508 , 6445f103 , 06b79aff , 3816cf94 , f8e127cb , df42deac , 699ccea4 , e9305c9f , 40383400 , d35d936d , 90957cc5 , d24f6f4d , d26c92f3 , f527cbf2 , acb7c154 , 65dfbae3 , 0c46f6b6 , ccb7066f , 4f80f872 , 13275bbf , c65d55da , c96c64b3 , c22efcdf , 7e21f84b , b906c26e , b52ff61f , 1b34dbc0 , 1253553 , f2172936 , a7efa67f , 8f8ee175 , 5760d229 , 43b6d4b1 , d488aa65 , c7b644f1 , 95ddfb3e , 066b368d , 47fe20e6 , 32dce2cc , 3e0ebff7 , ce4045b6 , 0f6f4104 , 15549aca , 0b6c37a2 , 3b2c9a67 , 6dc4845d , f00b2d01 , a9eb93be , c05081e1 , f160442e , 5c02aba1 , 1d1dfb9f , 3230164d , 2af4eb42 , 61a28ac9 , 6c31756b , 5d72841d , 09ee11bb , 0ece1ed0 , dc64d168 , dd4f707a , 95d98d74 , da19934e , a664ca0f , 0920c0aa , a3f24bcb , 7ba28cf3 , 9085f78d , f4fa6e25 , 00b6ddcb , 5eb95949 , 347cd241 , d189474f , 8eecf481 , 0ab567b9 , 597f0d49 , 3873e31d , 01f8db82 , 48e49f54 , e9e3a19d , 3d6dbcc8 , 182eb962 , 681da6e5 , 1831faee , a32a69c3 , 0f45438e , bf7e3325 , c9022c61 , 8badab5f , 08fb4d15 , 14d377b5 , 27a3a154 , b6ac868a , ae7c525a , c0558e1e , 7dd44aa5 , 8d749a76 , 34c56b5f , 4902aebc , 0c1196eb , 602819a7 , 2d50338c , eaeb7c6d , cc18275d , a3e19b1d , 25d286b0 , 4a9a4cc3 , c2c99267 , f13edca1 , adad22d5 , 589cf99e , a804fb02 , dbd1a4b1 , 3ee79d0e , 08b9a8b5 , df155705 , b05bddb6 , 626202df , ddcde42b , 89dd870a , 7681a42d , 2166ef2c , a1d0c395 , 015ddab7 , 9d89f274 , f15d1664 , 7725f91d , 1e7ed088 , 18245a36 , f0504b06 , d0f3c645 , 74fdfc1d , 286938a3 , 37b54904 , 8e5267f7 , 1d827523 , 32e93acf , 4995f922 , 8a5ad04f , 17b2baf9 , 4de8cf5a , bdccb55d , fb4e476c , 4ab331e9 , 95408d61 , 3224b380 , ab82894b , b9accfa2 , e6c3480b , 35cfa9cb , cb5e666c , d1c1c74b , d9ba93bb , 5e8ed36b , 0ba85c8c , f22cb01c , f0df3168 , 06db5ed0 , 78dd25d3 , ccc3a4eb , d13b9bdc , b4bc4050 , 44a9262f , cefa1a9f , 8d503c27 , 036c7ebe , 7a479e33 , 1397f72e , c99f414a , b1bb84ec , 479a28dd , 65600412 , b80b7cb6 , 9d7bcb13 , 86ebbbb5 , 3952f759 , bb33380e , 8a02b853 , 47421b10 , 5677fe94 , db20852e , fd042242 , fea98e2f , 4f7a1e9b , 2463c62c , 637707f0 , 0fde6e0f , eb6554e5 , eed06515 , c3b33ee0 , aa57815b , de651af4 , afb746ec , 2a51a64e , 960caa30 , 0489f148 , ef4863bc , 2101a3ce , 7a8bdd13 , 2f665a43 , 90178539 , d07f39e8 , a80c1cb2 , 09e92be1 , 62a08792 , 00ccc1fa , 3bdbf0a0 , 31e5a8b7 , d52ee225 , 4ed307b4 , 8d4c7d06 , 7f19ea87 , 010356be , 6652119b , fcd3f50b , bd9897ef , 1bc38953 , dd7e28aa , 9b9475a5 , 16309bc7 , cbcb4b29 , 869bf6c7 , 959b9cfa , 05f284a1 , 6686f751 , 50f173b9 , b63bc72a , 9999ef18 , 5f103eed , e3c92ffd , bccd171a , 04dd3ac3 , c7c921a4 , d87d2021 , 35c95e70 , 33f6e984 , 9678f3e7 , 3420da0a , 25220fd8 , cc316698 , ba820d9a , 88456a31 , 2b44ff5b , 0b8be9f8 , 68540f52 , 172ade85 , fd9a6ee6 , 0919e4ac , cf4a4440 , 75735874 , 75a0a77d , cfc84e95 , b8e5d4ce , ece5c51d , 3bfebb50 , 4591778a , 11abb955 , 57d65afc , afa357ec , bac21718 , 511d5123 , 9138d4b6 , e3e4a85b , e7f0cbf2 , d44bbe57 , abd4bd6f , 662abf9f , 2270acdc , 5369fd38 , 5b5994f5 , 812ba31c , d6287272 , 91d0f5de , 85ca5433 , 6c23bc7a , 38172442 , 17d6c093 , d868008c , e6f63e1b , 489a9544 , 2864c0e7 , 253756ef , 12a1fb5d , bf25d61d , 49c3dc4d , 2e2c92c5 , eacc3ee9 , 5398cbaf , 878ca04a , 3d6078d2 , e17af013 , 85e1810b , 3c0155e5 , 32c3e5d0 , 3d21b5f4 , ffa18f35 , cbd6c773 , b95b8ada , 4574a0f9 , 24b29fdc , b6be4e74 , 44daf624 , 92838b08 , e178ec0f , 14198043 , b4cca8ed , dccc066b , 77f137f1 , e86dd3ee , 665cc608 , 9278ae30 , 0d5b075a , 32f212c9 , 8fd5c0f0 , bbe85f0d , fdefd249 , b4f6f3aa , 19fffdc9 , 5bf43a7f , aad02864 , 543900ae , 8d9bd23d , 55682083 , 8dc25ddf , fd627fa5 , 1be9c0bd , 9ff4deef , af638fe0 , 06c80793 , 57c53fdd , 3cfc7933 , 3013bb3e , 7def406e , 162252bd , 2b9ed028 , b415602a , e5218d0d , 2b5c4ba2 , 1181f5e8 , 23832ee2 , 7a7a5f0f , a2893bee , d4405036 , 6621d78a , 3b6a543c , 68666307 , 629fa2a9 , 61bfa810 , 9b07b19e , e02e3d16 , 7867a1ef , 60d3bdcf , 85aecc92 , 7245ce10 , a8e498ee , eb9018f5 , 758af4b2 , 9307e16c , 9709bbc1 , b8a15b3e , 6c553ea4 , e76a1f2e , d67159cc , 6a460ea4 , e283a321 , 8744bad4 , 66fd4955 , 557c462d , 73837cf9 , 0e6dc7e3 , 3de7726b , a2cae042 , 077ab14a , 6bbb8b52 , 70c04f01 , 57bffbfa , fdc1da2f , 7b9a5fee , 3a3b6ddb , 24b9ae19 , 74cae078 , cd436ac8 , 757e1b52 , fd4516ba , 320b0a98 , cef16765 , d1c72182 , cc6061ce , 62b783e5 , 74da5f30 , cc0d8bd9 , f29f8697 , e5380d52 , 70c01786 , b2454fd0 , 1b870d46 , 6535326d , b3c38e80 , 5e994fcb , 8ba2ba00 , f86d7d7d , cc3f01ff , 9c13e253 , f0f2ea3b , 4def9286 , b5986f9f , f70f32c6 , 0f264169 , 0c9d8019 , fd4bb7a5 , e583689b , 2e6a4d09 , 7f8cb2c8 , a125d0a2 , 18e89b03 , a0ef0f99 , aa947f4e , 5eb84dbf , fe6d4909 , 67523c85 , b91cc21d , 0e114ce4 , fcb2e0cb , cf9bcff7 , 99e4421f , 8f4beb76 , 0123aa8b , b5137082 , 3220ae6d , 1a71281f , 81062bec , 82230390 , ed0c96d3 , d981831a , e4af264e , c44edc3a , abb702f5 , efadd55c , b2f2ee56 , 8037b8e1 , b5beb9d5 , 05e78e26 , 405b88c6 , 67dc39b1 , a4a6fdcc , 1640d9d1 , 6ebfe562 , 33ab14ea , 1558397d , b1d5f151 , 3cc92ae4 , 15c9541e , af8fc6af , b7c97055 , 2ff9cc2a , 9ffa1d4c , 50ba1d39 , b9d6752e , ec770d63 , f8097426 , a3b13ba5 , baee9f1b , 52316f16 , 5a4dad49 , b244b3f5 , 20106168 , fe20be19 , 1486abb2 , cc2ef62f , 82912c34 , 9035af79 , cd621586 , 5d3f50f7 , 8b9d0deb , babb8848 , f21fe640 , 013b89d8 , 5dac27ee , c7fa795c , 2fddf514 , b5fdb51a , 74b0decc , 715c9edc , da30cc01 , d2a8456d , 1686cb0c , 0021bfac , d4b25083 , ecbbfb03 , 1e4ce238 , 02fb04e2 , c28c91c3 , f4989cf5 , b5fbe7b4 , 0499112a , 1b4c0422 , a6886ebf , 9cd221ea , 658347bf , 4b57349f , 27835b83 , d0548f62 , b0bd3669 , e0980d45 , 039ed78c , 5464e1a1 , 1755b2c6 , 4a507abf , 149e47ef , 18fbcef1 , 7c71ce07 , e30226d0 , 5b4b69dc , 0cfa930a , c06989a1 , 22acff09 , f08623b2 , c4cc4de0 , fcb1f6ca , dfdb2c6d , ca40d3e8 , e1902d8d , ee93193d , b413fc5d , 21eac77f , 8b6089a0 , 352b9dd7 , e7fec688 , 1e065bb6 , 4ab9c059 , fc986131 , 547b322b , d487c230 , d413f3b7 , 0af50997 , 6cf5756e , eb8b0f17 , b76ac16f , 281334b6 , a441c2e2 , d5a86695 , 7a189b16 , 89d4b42d , 2d9ff90e , 4ca8dc03 , ffdb6ae8 , 8cde308c , e22c19ec , 292ed76f , 107bf03f , a42210b0 , 93cb9bdd , 34b731c2 , 3dcacf5b , 6eb12db9 , 6bc61a2b , 13443ae5 , 1055df63 , 37efd286 , 1f3a1b40 , 1a51d7b6 , e68979cc , d32dbfa7 , 98c3038b , c87cf0f6 , 1e489d91 , 4d2c9ef3 , 607798fe , 4cee4e77 , c8dd02d5 , c52a9a7d , edc705e3 , d6e40843 , 3d4055c7 , c0c7c920 , d78e2817 , 277fc3dd , bdc95ac4 , 203494f2 , 2576102d , 96cb4d9d , 794caf9d , a2e97aa0 , e4d6abd8 , 351d8e73 , ce6ea25f , 605cb1da , 26ff2874 , f4143be7 , 82eebe58 , 4ec7e222 , b4c9e454 , 9ec77cc2 , e9af9922 , 4a4782cf , 6d41b5b2 , 52b4c98d , e29e46fe , b9c94b5d , 3da3a249 , 8d0d1237 , c7b62772 , a7b9fbac , 4a8edeed , 35a7bcb7 , 76c9832b , 7132bdc7 , 3fa4e28f , fd964038 , 04dce81d , 107aa448 , 8945fd59 , 764b5fba , b4c9138c , 40365d4b , 5ec2330c , 0a9d1ba8 , 44b0881d , 4f5a504c , 97edbde6 , a4d376d8 , 3ea3feb2 , 8fe35a1b , a0bcec60 , 6cc1744d , d5fa7942 , 81682d00 , a431a94c , 6a9616bf , 6f45ec3d , 9b2e9dfe , 1407f983 , d4168c9b , 0dae6f30 , 17e8c083 , 33e38e25 , f05d2395 , f2889efb , e9acaf1c , 25791441 , bc33341e , 75d08452 , 21b6bf75 , ecd30bd9 , efe63ea7 , 0aa1a644 , ae5f8461 , 1832cef5 , fdc009ed , a741953b , 261896ad , 25f5105b , dc9f7e2b , 1198d035 , fd788dcf , 1398f32c , acc668cb , 1c157a23 , e52e3be3 , 5683fe01 , 1ec738ef , b064298a , f0e62165 , 116fbe73 , 4d186526 , d51037c1 , abb832a8 , 74da1260 , 1db9c027 , e5735ae5 , bad4a9d5 , 51b94637 , 5663acc2 , 0876717f , 994e151f , fa3af06c , cfa78974 , ebb59045 , 4bb89ac7 , 181594b9 , 119a7860 , dbba1a6f , 28b32bc7 , 47258524 , 46870846 , 12b86666 , 17d28ce0 , 97a86524 , 29992743 , 88982d4f , 2de57dd9 , d950165a , 3906cb23 , 051b4ceb , 65048fd4 , bec1de09 , dc62d350 , 6c6472df , b9c06882 , 3897b2ed , 28521d10 , f64011b8 , fea28b48 , 94b94b71 , 812cc9aa , 12925867 , 30fc49a0 , aab0b3ee , 98d19984 , d80b3c50 , 32e689b8 , 70f608fb , edcc3db6 , b757faa8 , 40b36ad1 , e6b08f7e , 2b3bd24e , 7f51c6b8 , dc494144 , 66bda862 , 21993be7 , 6b08977a , c675a73c , 61141a6c , e7064996 , dc812b85 , a9c0e7b1 , d78fa27d , 759261b7 , 74d1bd50 , 636c916e , bb63a28c , a8ad823d , 83e25d3b , 50034a82 , a3caa493 , 43a178ab , 437d20a4 , e835afcb , b6ad5000 , a4f7af1b , 0a2d021b , dce9afc9 , e7dbda71 , 0bc10b6d , be03cd6a , ff14574c , 7c12fb2d , 23ae3603 , 5ba220ec , 594cecdb , 05fd2a1c , d7c51e0e , afc648f4 , 67715b16 , f66682b7 , 438b7750 , 682f459e , c1f78dff , 9c636d5d , f40a22ba , e27bb9dd , ce75c76f , 2a3997ab , c952ee91 , 7bd4096b , a27149e6 , 70ba07a3 , ea45d879 , fb641b75 , 4b61c4de , 031cd8bc , 5990fb24 , 3f45808d , eb1a8154 , 9900e9a4 , 3dd2d81b , 4b308eb4 , 5c8eef9b , 0e76e772 , 6eaad84f , e3f588d3 , e75fc324 , eb38e8e7 , 0d1bf9c5 , 9fe2c2df , 2abfeaa4 , afed2771 , 9f1beccd , c7f4cfaf , eb8aa8c5 , 4484a3ee , caf301b5 , 0006bc42 , 34ecb399 , cf8217a8 , 21111f78 , d6cc9071 , 857c0df5 , d894aeee , c41bf552 , f9cf6dde , c0a1c3d1 , 6914defe , cd8a4d8d , 47cdcffe , 3d4c49a7 , 865b721d , 5e1aed6c , 9f0b9ff9 , 9046dc23 , c99e128f , c7df9473 , fee7ab29 , c8a41da3 , f699ca5e , 36df0ead , 68d99f1c , 7a5e2627 , 2d6514fa , 14576908 , e904d857 , 41ea93c9 , d9836c16 , 6b9e7d61 , b6c43436 , 8ec8b071 , 3fd570e8 , ce9f1a86 , 88172c08 , 38220ff3 , c301e272 , 6ffc1912 , f071aa6f , 1be06f2e , e20f4ffa , c9c29d30 , 7842b31d , 099fc5bf , e8d61730 , 54774969 , 6c8d3de3 , 2194b0c6 , f8b85009 , a5bac057 , e55ee7d8 , e194f6f5 , bc244141 , b44ca3a3 , c8099398 , b808ea45 , eaf0fefc , f3d4c17c , fe1ff3bb , fda4fc32 , 76c097c0 , 51a1c6f2 , 975fa381 , a0fc87a8 , 4d73caa9 , 98421154 , b309d22b , a19f9edc , cc8b0bb1 , 08cc02d6 , aca1b12c , 726da069 , 8d22a615 , 78f00d95 , 74a1d57f , 31470bf4 , 675fcf3f , ba13c8a2 , be6f5237 , 47414399 , daf450fc , de1238da , 2f6019d4 , 3d9cabfd , c05abece , ac21fb1c , 0ecb940d , 802d8a89 , 53bf91f2 , 11ca192f , 9db59c2e , 70d440db , f29933d0 , ca92d72b , 7109f3cf , d831632e , 0ee668d2 , e944f492 , 0735a6f7 , 29472f29 , 22773f85 , 52ba2212 , cde9f9ee , 6f033da8 , b7aeced8 , f50d86ce , 7a7efd68 , 0290fdcf , 870e7a22 , 778e65cc , d8ac7ab4 , 4c861dbe , 541faef7 , a117d5db , 21e973de , c40d5a7f , fe9ffc7c , d9da75dc , 38de381f , 768f723d , 88ae2c2a , 2929db0e , 883db09a , 99650f8b , e3a60e43 , af27f2bc , 8fff444d , ff3e75dc , 639185d4 , 9dfbd76d , 8a1277a1 , af837896 , 7bb4fb4a , 538d9614 , 178ea112 , 06a27b9b , b5c420ec , 73abd2c6 , 406eedf0 , 051a415c , a390c94e , 35c0ed44 , b4b7cba7 , 58f69732 , caf098fe , a539c46a , 144c868e , 326a70c8 , f9686f4b , 09aed175 , 073b7efc , 1a2d825c , 52f4c501 , a9e48725 , 834a49be , 56dad0cc , 474f5ef2 , 82393dbf , a89073f0 , 52a75982 , 776d89fa , e33aec13 , 15f7af9c , 7c385cdf , 66819226 , 2dbef2b7 , ff343c18 , 7368e9af , 474c1c60 , affb5451 , aedc5de5 , de3ce5c9 , de3a06f4 , 2321fcdf , c90ecec7 , 179b432b , ed1688ed , 11a5d93e , b7567b8a , f2f0518e , ceb94d0b , 3feebd41 , dad66a7f , 77a4de8f , b32387f8 , b0385dd3 , 02b2d970 , d173c161 , 627014a5 , f162c9c4 , cdad7e41 , 7df92782 , e574b9dc , b4771a50 , 95a018f9 , 2d6b701e , f8d29fa3 , 6c18e7e7 , 72fc052f , c266789e , 49a27c3a , b5f2e44e , 04bb2bae , 4e2ece2c , f2fb5124 , f8a73a5c , a4ecfeff , 1f168f4d , 07d78f4d , 767d8a07 , 83793304 , 9c6367a0 , ed2a851c , 43e76ab0 , 344066b9 , c283f82a , d05e1f48 , bcbc1ba9 , 9028cc21 , 4d652fad , 8c82be29 , 98e84b16 , 6618a9a3 , 40472877 , 4afb6fb5 , e3e1fec4 , 43acb7c0 , d13db57f , b365070a , f987a2d0 , c6fc8ee4 , 30668478 , 29a89d76 , 40eeac89 , c31f734d , 4dcdc9f1 , 846143b0 , 5e1d9c17 , 2a6d04aa , c16da19e , 36d6a5ea , 572a7a94 , 314380c0","a56cc631 , 07b6e060 , 8d854fe7 , 5ac9bba3 , 403f918e , 7b87740f , 177886ce , 7bcff791 , e1b5d4f9 , b9f058b7 , d209dce5 , dd67882f , e51d49be , ae88fccb , 20b6641d , 4b3043bc , 3acc3b2b , 9ea21f96 , a8355139 , fe76ac51 , 9390c963 , ec8d7be5 , ac56f4f6 , fe7acbeb , 116f5c23 , c2dc0774 , ab73e25f , 256e388e , 0ba4ab0f , 1b150026 , 8aad9de0 , 37e1c7d4 , dd54877e , ef37208a , 06059d31 , ee2cc7c9 , 3c0028b2 , e3aca854 , 2edc2ce6 , 30f2564a , 6af1069e , 9aefb6ee , 699e44ea , 9f0dd659 , 3b38c9f0 , 8194b743 , c6f3d650 , e17d8fca , 55e3c501 , 6654b29a , ca83f389 , a028fd46 , 076043c8 , 2fe34bb1 , 911b6d9f , 8e80f3a1 , bdd34a1a , 06a63773 , d9f6b077 , fdf04d52 , b29026d9 , 49b4291e , 3093d071 , d5d061f0 , 582bd471 , a4915285 , 2bfb7352 , a5759850 , 49415171 , b4bd5314 , 0d33ec51 , 30427c22 , 31214650 , 6575bf2b , 3b6b71b9 , 2082dbc0 , 8dd3c72c , 81f9a8b1 , aa5d00b9 , e5a1c6cd , 8e48b4c1 , 17bb20c1 , 3848a86d , cbd34e73 , 3956f865 , b84df5f7 , e95372db , b73fa90b , e7643299 , 46b14bf6 , 0f6501cd , c04cd8f4 , 7aee53a4 , b19ef8db , 72c2bdb0 , 791e9f73 , 5c0d9ca8 , 91899c5d , 63215e5d , 201a5c4e , 04ad3755 , 428c9a6b , 57ae8fd0 , 39b0f00b , 2296d30c , ecaf45b4 , b737d556 , f1a3bb2d , 11d91096 , 8c7a0371 , 131d1078 , 845ea5aa , 58ca4bd8 , ca7d6f5b , fa2ab411 , bb7eb4b8 , 7c9d76a0 , 896691c3 , b157b709 , be8a2c57 , 4d9ee8cb , caac3bbd , 219cf39e , a9481cb6 , 539a1279 , 63a2e830 , 4d2ca4e2 , 25c26154 , 822e5c3a , 88cb2289 , 6c18e58e , da79c4a2 , ab630f61 , 48a1c576 , a3ed62ea , 57ae2694 , 40fbd76f , 55db320d , 24976bce , 8eae1a5b , 3aa8a3cc , 345a76a6 , b2e0c022 , 136c7c5d , 31b52f72 , ee49f641 , f1f15fd6 , 0b3583f4 , e2742599 , a232aa72 , 5a55089c , c4acbd69 , 5e7ebe99 , e818725f , 13dd6645 , 3ca3c300 , c60eee35 , ab05b324 , 81a810e2 , 6e0f16ea , 6e8f0b1e , 9e143d4b , cf36a1b5 , d23330ad , 1eaa236f , 2455c31c , ed5250bc , d23a9c4a , ee8b2bdb , 323d7cf2 , 0e63417b , 6fce229b , 67dd4f11 , 4ec51954 , 6cfd2a86 , ce423b3a , 5ff109f9 , a4dec9ef , 9438cdfa , 77625679 , 290c8bfc , 48d292ca , 43795f48 , 089159c6 , 7309835a , 583ef791 , bc2071ac , b61e1387 , be114909 , 52c349a8 , 55fa2e41 , 9e3b7ab8 , 15dbe279 , 190fde90 , f7f42d67 , 976b7b08 , f554f591 , f666ce5e , e88f2bc5 , c6bd9843 , cd0e7764 , 6f113e44 , 4798d65e , 6eedb861 , fb0731dd , cf89bf6a , e5f33c92 , fbe3ca65 , 3a07c2d5 , f823adbd , 9e17fe11 , a6fedca9 , b2ac90bc , edd7af8e , 2e8a876a , c3563604 , 383a48de , fcd30b72 , 80febe99 , bfc7827a , f9ed29dc , 7b0cc9d5 , 15723862 , 864b208f , 63df8e12 , fc134963 , d0e573bd , 6c39490b , 71c7ab89 , 18054923 , 01d36069 , b17dbe07 , 3c5ff464 , 234084f7 , 79ab9953 , 9e385a59 , b9256cbf , 5e5ae388 , 3c098920 , 511cd571 , 304957ef , 1de9aa86 , c188d18f , 50ead0c5 , 136bf540 , 6155538e , 60d4076c , 3ef384c4 , 24058458 , a509b5ec , 76dd9a3c , 6ec57147 , 09547e8e , 86f3663e , e6e4b82b , 3d88777b , d57f9bbb , 38da5183 , dbf599b9 , 23167118 , ee7b7fc3 , ef5093ff , 4592a3b7 , deea0e07 , 627cd51e , bf14245c , fd266e42 , 9c88a4bc , a45afdf1 , 29249c9f , 41a9d99e , 91f5d3e4 , 356ee821 , df500859 , 58887252 , c78d7934 , 1b24607b , a12960df , cdd040c4 , 31281830 , 8c7bbd1a , 9dc6b1e3 , 1c8e4cb3 , debf8ab6 , 0c137813 , aca7d313 , 10429fb6 , cc3a957c , 6ac836f0 , 03eb4a05 , 581f0feb , 1260e3ac , 2d52151f , 749baac9 , 25a1d882 , 562a870a , 941047b5 , 41280a05 , 0f897992 , 64d4e777 , f7703a1b , 6f82f6d8 , 817c7c30 , e2568cd9 , 4ee8d4df , 982faec1 , e0e4b6ce , 0bf9d966 , 6df01783 , b7b02820 , 1fa59611 , d59dfe3b , f4399878 , c8a36224 , f8887e4e , 6fdf4be9 , 09f6fbfd , c3470997 , e3ed8efa , 33ebaf95 , b250a6f1 , d0136e68 , da51a104 , cc725dfa , a33ce15e , 9fb83a68 , 5d9370f4 , 8a3f4143 , 3fb3c69d , aceda010 , c69a1c36 , 9dc41b12 , 6c0af1d8 , d2d4f6fa , d0e392eb , 009829fa , c006d0c3 , 898a2477 , 8c2245de , 0a8b2502 , 31317106 , c0414c2a , 85f2aa9c , 4bf4f69f , 86b43135 , f0c685f9 , 60997856 , cc7fa45a , e9b670b2 , 01f15ce9 , 384518ca , be1c6d3b , 6a6dfae9 , 7435c157 , 09f30186 , a88248fb , a8fee83b , 04a0421e , 5c317769 , ecb1de1f , 0b9e6a5d , 00f99739 , 0267ddd2 , 5a989cd2 , 8d3b00e1 , 54cff2d2 , 5a14846a , 529a6ff3 , 4de9970d , 01f683f4 , cd280e00 , 9f2f76ab , 06206d92 , 9ca59d4c , 4f22f5c6 , 4e80743f , ea7dd2d4 , a4eb72f5 , a751a7c9 , 2b7534eb , 7d38a9f0 , d2cd248f , 8ed97fc2 , 4d3fc1ba , 1022e1ab , 82af5e61 , 446ea784 , 021d9afc , 2ab93dd7 , 62e9002e , ed01f330 , 1dfda7cc , 5e09c042 , 46eeca1d , ae525963 , 6421d6ac , aaea69ce , 158d711c , bc95992c , 600bd185 , 0cff8389 , c598dcff , 03f52878 , 62129b18 , e40a8358 , 0e56a6e5 , db368ad4 , 91db7355 , 107c192a , 3918ff71 , 95a499d8 , 279a5407 , 88adc8d3 , 0cc9c144 , d74774b8 , f054dbec , acc1d6aa , c06490e3 , b546a3c9 , 1cc94742 , f129f1de , 1c9ae42d , 220c2a26 , e032f954 , 8c2a3eac , 0f0a1f35 , 85046ab8 , 20898cf5 , fc5fdc59 , c034cddd , 5aa85130 , 0c4838b2 , 9ec02d50 , c183a70f , 22b37d33 , 2ec69812 , 42632df1 , 100e25e8 , 1988891a , 9ad5c167 , 1d606957 , 8068aaba , 464c1b34 , 1b2ae9c1 , 967f115b , 475a5220 , 8ea9aa48 , b6e781a9 , f28a9414 , 1402924b , 6d797e28 , 65e6eb28 , cb0fe1bf , f04ba486 , a554edc4 , 89445596 , 381f80a8 , 550a6248 , 7eac468e , 6e92fc58 , 2ae22ee4 , 5daf8c9c , 255656dd , 2b63b361 , 8612f9d0 , f716f039 , 1bfd7248 , 4157c700 , 6c9300e0 , f4767d2a , b3842ed1 , 9c44dda5 , 46f70ad6 , 305d64cf , 09a11d2c , 15886e8e , db294237 , f4473714 , d5c8f125 , 89cbfd88 , 06bbb28e , 9221d218 , 4b75f6e1 , 9a3fed2f , 3cdfd197 , f229b9e1 , 1f8895b5 , 391a2d30 , 6ef4ef67 , 5b36f054 , a445f354 , f701d61b , 53f1c75b , bf275fbb , b84a1981 , 722422df , 5a4c2f77 , f13e6428 , 480bbad0 , 876f0b1d , 75d510ae , d1fa8709 , c3349da3 , 720015a1 , 9139c637 , ce896e3a , 566234f9 , a137291a , ce07caed , 0df63941 , 6c68a5ad , 268a568e , 6b0aac5b , 1f53c0e5 , 2406ace2 , f5305e7e , f21d9b20 , 3094af73 , 89a355a5 , 8c919cb1 , a901cbb6 , f4dc39fc , 807d6364 , 1ab761a1 , 97ee7bfb , b9693ac6 , 804b5710 , 02b46296 , ad6b59a2 , feaa0185 , 7aebd14a , e1467a06 , 92c6fad9 , 84bff6b7 , 082d2fef , fd1a8b78 , 6e1dec67 , 412624c4 , 6287ea65 , f5be2f1c , 9f990068 , fe1a842a , 3f197214 , 079c9b06 , 00d0d3af , b266fdf3 , ada1842c , 1856e45b , cbf6d201 , 2944a0dc , 88ecde1b , 9a0bdc91 , e31a5d69 , 79a7cc57 , 7bccd887 , a78283f6 , c9538e90 , f53c003d , 60d3beca , 24fac614 , 458ddf68 , 444fccd2 , 3b230ed3 , 2d2de678 , 882e685b , 5aee471a , 01eb333b , cd4bde12 , d466d126 , 7acb4a93 , dde84236 , 4ec773d5 , 3aa50428 , 5a7fcc9c , fe10f28f , 409df502 , 5ff128a1 , 2541ee0b , 6038a56f , 2ab4fb1a , a8e0ff85 , c37fc327 , e23397d5 , ebac194e , 884725cd , 217c1401 , f7ebbbda , 92dae72a , 81b1b5e7 , c4a6d854 , 74824d51 , 07cf6eee , c9a22bc3 , bc1d716c , e6778645 , 6f9b4040 , e695bb80 , c6eeba5f , af3232a2 , 1dce6ba9 , 76ef8b4b , e67d407f , 7f7d9ac0 , 7658dafe , 2695f229 , 3eec10ea , ece9fb66 , dc36b083 , 771c8896 , 5c84ac6a , 1eac6382 , 9bfde9d3 , d5572008 , dc3fe875 , 86fc0a64 , c82db35d , 8ea22f99 , 56b0db57 , 0ca3333f","ad677bd8 , 107532a5 , f941d0d1 , ddb7dd81 , 5275dc81 , fd4d1fa2 , 2c497e5a , 4ef336d9 , 605e4ede , 74522c8a , c6b7dc8f , 6d3ad48c , 6bc75294 , a5141204 , f1a41dde , 7f3bfc6f , 11c71db4 , e8112a6b , 3dcf1e12 , 848166ea , aa6b5f77 , 0ffa7546 , 8f89ec48 , ebb942e8 , f5b8fde2 , 5b01951c , 8320a433 , ce39c274 , b727e6b7 , ace5d03d , ab97f71f , b514a77c , 1510b3cf , 91231d83 , 1560ba34 , d7d6ce1c , 9105724d , -482130 , a437df24 , 429095ee , 1f7970e5 , b98e85c8 , 6a99a29d , c72a3b9e , e1118879 , 585fa6f0 , d41557d0 , 60fda3d4 , 712863ed , c77ac717 , e049b8ad , ed875412 , ef87d578 , c594cdce , 9f24546d , 12b41153 , 8afea807 , 5c757e3d , 8ef99ee5 , 1548d7f9 , d321970e , 3381f07d , 8ef8ba63 , 39a97daa , 69d87da2 , c031df6b , 0fc897c0 , 985d4486 , cdcb0dd1 , 92db596b , 0f880185 , 479c3949 , e9f92372 , f6215b43 , 027a796f , f8e19fdf , f2cf33bb , 6b95afcb , 71c47036 , 06555b60 , 27ee0e72 , 1b233761 , 1f9b4fb0 , c00aeefd , 966b5d8a , 6edddd8e , ecb618ee , 800b28c4 , 90dd2cae , 2a0411d0 , 325c02ac , 7422b5b7 , 102b3fbb , af989132 , 1215444e , 47f4a0d9 , 2c7e8b50 , 65fcf937 , ae18215a , 8a1c6af0 , 791f4b84 , 9cd4d22e , 4592a3b7 , c80cd929 , ceed84b9 , b9a452ab , 3f9317be , b7ed5a19 , 8ba9129d , 4a454936 , 0876c906 , 516aace0 , f5dcea63 , ba840df4 , cdcdd02a , df376d94 , db58d9f1 , 76aed28b , 59613f12 , 9c54dd9a , 3d6f2081 , 8347ff44 , 8f49a03d , 6f3369d2 , b239f756 , 90597ed9 , 85bbe8ad , 49f2050f , 77b2af2a , 7902794d , c7a774f2 , 6a9cfe05 , ddc61ec9 , 4187aad4 , 24edd152 , 2653dca0 , a1270223 , 341fb7f4 , ab02215f , 5c493da9 , d11128bb , 0df69c30 , 6230b5ea , 9a189611 , 1f335987 , 2d927f63 , acbbabc0 , a0ba3363 , f21b2546 , 152a7fae , 176b6ddf , 22b37d33 , fedeedc1 , 7d575557 , fea28b48 , ae37eb01 , c0e02497 , 0c8f83b0 , 5a74a3d6 , a9d2ba52 , a402311b , 15cd0826 , c3be2b41 , 15753366 , 09827d58 , 1b82a975 , bc8ba58f , 20c5eb48 , 1473175e , 6759618d , 7c7ddc5e , 51c14eea , 2d10d83d , a0a4cc7e , 1df22df0 , a10cb10d , 229b3423 , b4fc9f1c , 138fcd38 , cd6a2314 , 3c0c58b4 , 4ce5877b , 43e11c61 , 3453bf75 , 736d5202 , a60bc791 , 39c7493d , 15e53c2e , e01ca2df , c61f24e0 , 2e5749b3 , 10657047 , 210a5fc4 , db4f26b6 , 5af31f8a , 719d27fe , 14b2e61c , bbe28e1f , f6efbb63 , 73a089ef , 3d7564cb , df486d20 , 1593fc2b , d1e4683e , 3480d7c0 , 1ff82126 , 0c6d9713 , f13f6778 , b3419d2b , 99be889b","0b513316 , 833387ce , d8d23f8b , 3b45c6da , eed397d0 , a81f0ed2 , cc622482 , 00af1a62 , 72ca60a3 , 298817a8 , c5b6eb49 , 4fb385a6 , ad163249 , e8ff227c , 3ae90975 , c1e8ffed , 378cea28 , ff9c941f , 7fa73531 , f233153b , cfa852c3 , 815bb229 , 6e4d353c , 05c0e0db , 76ec99e5 , eaa1b39c , ba951365 , 106bfd37 , f51da305 , e423c38b , 201d4dae , 8cc9c5da , 9304a91e , fde8d16d , ee010fb6 , f0f6502b , 7d482d47 , ef4c9de3 , 9df6b315 , ce0b5c45 , 8964554d , cdd8ca5b , 0ac9ecfa , cf56ecb5 , 9306ed20 , 206284ad , db82bbfe , d7937efb , b52c7f00 , f484edff , f8acef92 , 83a82c8d , 45ddd091 , 5daaeb56 , 4bfd048a , d5b88f04 , eb4b5da0","9ff5f961 , e8b16d9e , ffdab1d1 , d976bbc8 , 57518e4d , cd71d2bd , 7175b38a , 5891d40e , 182f45ac , a6bf54b8 , 8be0c089 , 20b0e9ba , 5b7f021f , 8118a20d , f9def510 , 66b75c98 , 3af7c479 , 1fc2a599 , 25eeefdd , 034f9ed2 , 094fbd7c , 09f4c3f4 , c3d38a72 , 0dd3f14c , 3dd36fc4 , 5fa6d616 , 16b1a603 , 1a7c4509 , 11d94eee , 4b1774ab , bd019681 , c2c0c17c , cac57082 , bbdda1f0 , e0a5a219 , bff31063 , fed5568c , 72460834 , 9d0e7f63 , 8b3a0cf3 , 77cdebb1 , 036d28be , d39171ca , 9dea2191 , 9a95bbc2 , 93146bc6 , 1c61e0c0 , 7d9b613e , 29b9e860 , 3cbe4873 , c9ca5ba1 , 490e3bf2 , e213fff3 , 8f842584 , d142bd4e , 72015fbb , 130ae5e4 , cb1d7bed , 1805923a , dc44160a , afa08a0d","2db00c88 , 3b7fe1f3 , eeea5d8f , 54b4a059 , 1aafb398 , a2e36737 , d73d4dbd , a38162f4 , 3f5ca57c , 47f9180f , 4eda65fe , 28d5ac42 , 62e4b0ac , ca95e8f0 , db932b7f , a36b74bc , bce27c76 , 625168d5 , d616ce3e , c3f1dcd7 , 8e64fd48 , 147ede69",
"SMTP","SERVICE AND MAINTENANCE TP SERIES (3 MACHINE)","4,400.00","","4/1/2026","2","4","1d452af3 , a88e198c , 852e1d86 , 26e9c863 , be485afc , 2a14e34f , f0dc0a92 , 5163c3f4 , 576e26fb , e229e787 , 779a161b , 489ab6a0 , 5dca29ca , c995b364 , 40588b32 , a2068708 , 85b90825 , d05dd9b5 , 73555934 , 5a8932ca , 3dc3603e , 1a410c35 , cec2ab6b , 359397f1 , ffb58850 , e6c8b6f0 , 36ecbf53","bf1f011c , d2894e8a , abb81007 , 6a8971aa , 0291b7c2 , cb3726e8 , c58778f8","1beb8083","5b3649ca","","","",
"SMTP1","SERVICE AND MAINTENANCE  TP SERIES (1 MACHINE)","2,200.00","","4/1/2026","2","4","1b27c932 , a2b17821 , 7af7134b , 5fff29e6 , 0101cf32 , 3563d8ba , 64df3c25 , c80aee0f , e1345336 , 9d13d35f , 239fbff9 , 09d7a3ad , e1779d9e , d2894e8a , 768456ee , fbcaaebb , 5d58395b , ac5d8eb2 , 662c5a27 , 42673c95 , abb81007 , 3c833cb0 , a5c10cca , 6a8971aa , 493aa554 , c0d11689 , fc698658 , 1c85f52b , b9420c17 , 1035cd90 , f576aadb , 2fd4ece8 , 1fa0beff , 76fd5c6d , f2bf91d0 , 8c6638ac , 01492c05 , 985d4486 , 255cb062 , 19f7cc57 , 520cfcf5 , c58ee31e , 6f305963 , 968d4e1a , 3d145ce9 , ca761201 , 634f5992 , 48098557 , bbc474fa , a67e0ad6 , 4bba3293 , 029feb0d , 1c88fa4f , 8f9cc950 , 30cb9107 , 7e98a491 , df491c80 , 2cc25d75 , 1ddf5500 , 6a5782ae , 8f468b22 , 4634833a , df118254 , d41444a0 , d00d6b46 , d3076b26 , fe5769bc , 950d70ea , f9460969 , 53d851e6 , a9bb4950 , 3344cce1 , 4332567e , 2ecfdd5b , 3ae4d322 , 9c296a20 , b0a3aa18 , ab2e9f7b , 38d80018 , c4d107f8 , 2a3c0fa2 , ff3ce72c , 142a12fd , c6dc78b6 , 327c6cb9 , ba9cd938 , 712d888e , fc8384ee , 80bdf27c , 7efad798 , 91a8719d , 1e1eb192 , 7b2c81f6 , e22c505b , fed18033 , 775c0320 , 99062988 , b43e3934 , b9a815de , 9afd9c55 , 99a0043e , 13a14b56 , 127b8e83 , 05f05184 , ff13c0c4 , edeba22e , 7c2a7300 , 9f3e2b8d , 9d309df8 , 485eb49f , 607874d7 , e954f9dd , b2990c08 , 32749031 , 45fcbf4a , 129376a9 , 81bc3e10 , 806ca0e4 , fc7ba688 , 21a87eaa , bba2846c , c7790aa4 , 1039fc4c , 2681e1da , d72e33f8 , e49cca13 , 886a4cca , 325d98e7 , 1f25d020","3a0b99f1 , b6346048 , 0430e90b , 845b0c58 , 2c457340 , ec075c97 , 063a1a40 , da633559 , b70f1e78","85836a61 , e84bfe9c , db0865b6 , ca50db3d , 1f657952 , a6e128a5 , ae7ab461","136d29c5 , 7600fa7d , 3a7095bd","47e77ad0 , 75460d22","65d36843","fd8a0d5a , 6f833be3 , d87b3ec7",
"FB~28OMS","OPEN HAND FILING TABLE WITHOUT VACUUM(28inch Table)","16,500.00","","4/1/2026","20","30","56061613","a1007ece","","","","","",
"CDC75H6F","7.5 HP CENTRALIZED DC FOR 6 FILING TABLE","270,000.00","","4/1/2026","22","24","2dc01ad1","031706ff","37df29d1","","","","",
"CDC50H5P","5.0 HP CENTARLIZED DC FOR 5 POLISHING TABLE","247,500.00","","4/1/2026","22","25","37df29d1 , 5c1d3ecc","f5e72c84","","","","","",
"M~30","MICRO SETTING UNIT(30inch Table)","16,000.00","","4/1/2026","12","14","34a5560d , b666cf4c , be95fbd1 , 930b9ad6 , 7bf659fa","20b5309e , 631a8f32 , 316cb2a0 , 2ad7362d , 8e6f7207 , 3b729177","65c0dcd9 , 73ddeee6 , de40fb28 , dbb40edf , 381af9f1 , f481695d , 1a245d2b , e6d7c50c , 91d4c627 , 3b729177","70a5b16f , bf5a409e , cbea7ae4 , 763c5a1e , 892837f4","","","",
"PM~75","POLISHER MOTOR 0.75HP 2800RPM","11,300.00","ABRAR","1/1/2026","3","4","2290945e , cfaed6e4 , ef237025 , 2cc0a543 , 6f36f32e , 3a0cdc23 , c594cdce , 5ff109f9 , fda9b17e , d19758dc , 4902aebc , 0c1196eb , 602819a7 , 2d50338c , eaeb7c6d , cc18275d , 9fe620e7 , 386f96b9 , 839381d8 , f67a5850 , d8bca26c , 41a9d99e , fe6d4909 , b90916cf , 563ba02c , 3dcacf5b , 026787bb , 107aa448 , 764b5fba , 40ee2ada , bc6f496c , b6ce55fe , fe1ff3bb , 449d12a8 , a4bebd57 , 4ce9f2ff , 6c18e7e7 , f2fb5124","9c523765 , bef1839f , 4ab4d89f , d60e5651 , 38047f4f , 38b9db78 , 89cbfd88 , 0ffefba0 , 6fdb2d26 , f2f49e81","68e80d75 , b0ac6a1c","50636b4c , b52c7f00","bd8ed36b , 29b9e860","","",
"GM~60(ROUND BAG TYPE)","0.5HP DUST COLLECTOR(DOUBLE SUCTION)","23,000.00","","4/1/2026","12","14","6679fea8 , d9011f17 , 59b9569c , 12c1ef79 , 72ddf436 , 69805cfd , 391b7c34 , 47d13cde , 2cac7939 , 1ef629a1 , 3abc4d8f , c09e7a5b , ff30cffd , f7c19bbf , 89688969 , 40cca0ce , eff48d75 , a27d11e7 , c7c05d4b , 445d03b4 , b711e807 , 5c8dce6d , c4b71fba , 8eca8328 , ed4e5e29 , d9c85850 , f699c3ca , 81497ea4 , 79b8218f , b50587fe , f2632398 , c536e0ea , 07460e5d , 1a904c59","4d14d5f5 , e581e3b2 , 1c6c3270 , bd8ed36b , 0b601135 , d5d25dd1 , 8c433594 , 0818c2c0 , 784344bd , c01a7621 , c4164de9 , cf16244a , 4fa81e0d , 896071a9","50636b4c","00d40afc , ba66678d , 795cf0e2","2cd4ea17","","25f81db9",
"RSP","ROTOR SWITCH FOR POLISHING","350.00","","4/1/2026","2","3","bd976ccf , 299bb5a0 , b6b54a79 , 4049633e , af4d123b , 53733941 , f9ca2103 , 95602fa9 , 14b91a4e , 0d207148 , 88cb192c , dbc36d63 , 20898cf5 , d6cc9071 , bbd49afc","dcb78449 , 3e6b7257 , 6a36ced1 , 9196a96e , c594cdce , a88248fb , 35c3db5d , 8ce452b5","6a99a29d , 1aafb398 , 6f3369d2 , 13a14b56","","38047f4f , ab3e609b","","",
"1PH","1PHASE CHARGES","900.00","ABRAR","1/1/2026","8","10","8e6fe78c , e98ae803 , c3d85505","974921c4 , 4a0a60d2 , 6bf2f598 , 3bdc1f76 , acaa10f2 , 8f639bd3 , ebac9536 , 90052996 , 58788ec5 , cded1ceb , 3a1bf94c , e315512d , 72b1c8a0 , 83a0e5d4 , 6cf4466d , de4414e4 , 3daa8f88 , 76ec8d4b , 8878d1b0 , 4dabc010 , 0fdb15a2 , 73c530de , 43e3dfc0 , db7c4f50 , 859f72c7 , 7bb1a806 , f19edca9 , 49abc33b , b958aaf3 , 1ed2394c , 0e41cbc4 , 7c44eb3b , 95a6456f , f1a469e3 , e3265d00 , 54f0ac07 , 172aca2a , 4e3548b1 , e71eda2e , a661bd04 , 5c0f0286 , 53a8ca1a , 556389cc , 50c251ef , 829a6acc , 2b1a9562 , abb01e7e , 489d7e15 , 5cde9092 , 969f735e , cdfac9bb , 9eb5baff , 2fc4d727 , 2193df1e , 44d4e34a , 0cbed48b , 07e4e587 , 52f7bd2d , 223c4881 , 8dd780b0 , -379085 , 2be53fe1 , a5bdedfb , 9e3cb0f2 , a0526897 , f434cccc , bc3bcb2c , 26b2ca1a , 7c9dbe85 , e8257996 , d89d1162 , cc6bdf37 , 513a10c1 , 94326a65 , d852b270 , d9bb796d , fb6ece02 , 0046667e , 4bcdae45 , a654ff03 , f4b7c581 , f1c806b6 , d21bb942 , 3fb71e1c , 2071b2df , a681ca2f , 1779046b , eb7b280a , 0e0b0804 , 19bc89f9 , 81947561 , 1ec0a4fc , 628c6d01 , b32b2696 , 50a67d28 , ab6ccabe , ec93185c , e1acdb35 , 66402afb , 34b02183 , 884b8963 , e84946f8 , 9e80b319 , 86fc0a64","46eb5ca2 , 9bb9935f , b3a2d6f4 , b3123eef , 00db8b76 , 3ae8ae9d , 16ab2ee1 , 55fbca9e , b2f168db , 4ff1a5f9 , 315fa30d , 557180d3 , 50b1ac94 , 1eb15d49 , b786462b , fe4138df , 3a7095bd , 410bac78","de4414e4 , db7c4f50 , 859f72c7 , 95a6456f , 2b1a9562 , abb01e7e , 969f735e , cdfac9bb , 9eb5baff , 2fc4d727 , 2193df1e , 5e72c411 , cf36ae9b , e8257996 , 6c4365d7 , f1c806b6 , d21bb942 , 628c6d01 , 5e6379f5","974921c4 , 3ae8ae9d , 55fbca9e , f1a469e3","2b1a9562 , abb01e7e , cdfac9bb , f1c806b6 , 628c6d01 , 5b0612f6","de4414e4",
"B~28~MS(WITH MS TRAY)","HAND FILING UNIT (28inch Table)","5,400.00","","4/1/2026","22","33","46449aeb , d23db8c7 , d1c035d6","","","d0b28ea7","","","",
"HPG2i","HOSE PIPE GREY (2i)","450.00","","4/1/2026","5","6","0c9d8019 , c7b5372d","f38d7095 , 936a367b , 6230be12 , 60d4076c","1de7bb0e","1093b519 , dab8e9d0 , 8f842584","","","",
"FTW~50","DONT USE","56,000.00","","4/1/2026","20","30","bdabf7e6 , 1397f5db , 4c161116 , 10b6c5c9 , 0a7d7793 , 160cc64b , b59ac241 , fed65dd1 , ea8d0614 , 5b17fc2b , 46418034 , 39d4a547 , 840e14bb , cb814f82 , 3035314e , 30580a73 , b2073104 , a20520f6 , dbbca134 , b2c89755 , 8041ecd4 , dd06e129 , 0bf85623 , 71a7ac1c , 3df6ce01 , a6a7cf9c , 7aba5e01 , c1566901 , 668a0810","f7175fbf , cc6f2454 , 343b1ef1 , b658cea9","51d74cfa , 3260ad93 , b762901a","69896281","","","",
"HRC","HAND REST COVER(85x230)","95.00","SHWETA","4/1/2026","2","3","810b63f4 , eeb57727 , 9529679b , b3b28f9c , ba8eec75 , dc944975 , a8abba17 , 14f27fa8 , 1510b3cf , 7581f24b , a63d5374 , ede23dd4 , c4014b05 , dfcb5924 , 72ac72fc , b5a52de8 , 3f601b97 , a957f705 , 14198043 , f1c2888b , 5e994fcb , f5386f04 , fbc62eec , 25d6ee9e , 21eac77f , 141cb31a , 1dfda7cc , d51037c1 , fea28b48 , 9221d218 , 676700ae , 0463fe9b , 9b1ab6b3 , 819c4f9e , de5880dc , a3a86af1 , deb80ece , 7d1394a3","9523637c , 9654ad2d , bccdbab0 , a111551a , 5275dc81 , f1a41dde , 7f3bfc6f , 13c2ed18 , 2db00c88 , 3b7fe1f3 , eeea5d8f , 041255b4 , 0a0cc28b , 1736ff7c , 5c550709 , 54b4a059 , b0ac0d4d , 2eb0b26b , 39a97daa , df2b2858 , fbe3ca65 , 1fe480b7 , b1ffd475 , c03bab4c , 5e5ae388 , ca95e8f0 , ee84b332 , fb701fb9 , 6f959ac4 , 5ca0f25d , a4eb72f5 , 2173239f , 9aa1b387 , 7ee62e08 , 0e9fe60d , 48a257e3 , 41f17577 , 2d10d83d , 9415a232 , 801660ae , 822eb0b3 , 2562f6e9 , 3094af73 , a3ae15a6 , a893ad3a , 210a5fc4 , 3f4b99fb , f6efbb63 , 4525502d , b3419d2b","8bef4631 , 0dbe12e2 , 916556d2 , 3a04d582 , e9d28814 , -482130 , a437df24 , 429095ee , 6a806fb6 , 8e48a934 , dd728954 , 90597ed9 , 3dd36fc4 , 5fa6d616 , 16b1a603 , 1a7c4509 , 11d94eee , 4b1774ab , bd019681 , 6deba2a8 , 2492a7b6 , bce27c76 , b5a93ef0 , ac6d5aa4 , a9d2ba52 , fecf77df , 38386833 , ee282d92 , 1c61e0c0 , 482e8bc3 , f484edff , 8e64fd48 , a1df3b68 , 50bd6943 , c5786466 , dc44160a , 0d7ffc51 , eb4b5da0","56fde994 , 4979adac , cf85b966 , 47f9180f , 827a6337 , cdd8ca5b , 42892d61 , 10e0d97c , c3f1dcd7 , 749d1b79 , 6d6a2add , bf0e9fdb , b5040c49","d8848d86 , ed88cab6 , 8be0c089 , 4eda65fe , 0dd3f14c , b874479f , 9dea2191","0ac0394f , fdfaa8df , 80513a76 , a18ef397 , ad2815ca","",
"CDC75H","7.5 HP CENTRALIZED DUST COLLECTOR (HOPPER SERIES)","155,000.00","","4/1/2026","20","30","f434a2b8 , 878ec663 , 5534470b , c1abcca4 , 34de8674 , 955f22a2 , ce2b9d8a , 1a182940 , d4506f4d , 94aa8e61 , d92d9bed , 52407559 , 54921d7b , e8d59c80 , 38984429 , 12b4d878 , f5e72c84 , d60e5651","5534470b","","","","","",
"CDC50H","5.0 HP CENTRALIZED DUST COLLECTOR (HOPPER SERIES)","130,000.00","","4/1/2026","20","30","a190a144 , 93944082 , 5b2958b4 , 468b1023 , 97f0516f , 6d3c5d28","","52407559","","","","",
"FT~30KO (SINGLE SUCTION POINT)","OPEN FILING TABLE WITH 0.5HP DC(30inch Table","43,500.00","","4/1/2026","18","25","fc859c87 , 51c9bc83 , eb6d5d4b , b3ec46d5 , 19e0cae0 , f4d666b9 , 51216039 , 4fd2e899","","","","","","",
"SP~50U ( U TYPE OUTLET )","SINGLE STN POLISHING MACHINE WITH 0.5HP DC ( Single Suction Point )","45,000.00","","4/1/2026","18","20","49293cfb , 3c1503ec , c8c29f36 , e92bff2a , ed96e557","fc859c87 , 51c9bc83 , 4bf07880 , b5fa3cb1 , 439b2bde","734b2cac , 5b76bcb4 , b1194b4f , 51216039 , 43167e7d","cd021983","f4d666b9","","",
"HGOF","HAND GLOVES FOR FILING (OVAL)","185.00","","4/1/2026","3","4","9b79f487 , 57302a69 , b19e5bd9 , 56fde994 , a6b66b41 , dd010fb1 , 498b978d , a39685b3 , deae78c6 , fd964f6d , f941d0d1 , c35c7b91 , 7d32f605 , 1fc0b87f , 5229e1c5 , 11ff94e1 , 5275dc81 , f1a41dde , 7f3bfc6f , 13c2ed18 , 1ebb82fb , ec859809 , 67a794f3 , 0957b875 , 05c6447d , e9d28814 , f2ae8b73 , 9dc85639 , 39b0f00b , 131de9e9 , 0ce12bbd , 525bcdb8 , 1162067a , 74fdfc1d , 8e48a934 , ebee09a5 , c99f414a , c4246381 , eb6554e5 , 3c5ff464 , b9256cbf , 3bdbf0a0 , 5e5ae388 , 514d223d , eba4e25e , 74f154fd , d663fcc0 , 159ee3c9 , 17437a27 , f767f8c7 , 9430008c , 9cd4d22e , f66adb16 , 4574a0f9 , 32f212c9 , f45ed36c , 19fffdc9 , ffc99b95 , b415602a , 23832ee2 , e8de6e4d , 3df0bf3b , 87fa6a10 , b4bc0c6d , 1554fab2 , ee84b332 , 6fdf4be9 , 786ca460 , 868e4e27 , c4f2d864 , 0021bfac , 8154ea7c , 24edd152 , 5c493da9 , e852a525 , 66fa3688 , 89ce8f5d , 4d872d81 , a42210b0 , a4eb72f5 , 4cee4e77 , c52a9a7d , 605cb1da , 543d8ff1 , 9aa1b387 , 06069a80 , 6f45ec3d , ecd30bd9 , 1c157a23 , 2b05e05a , de99c72c , 42892d61 , 9a95bbc2 , c4a368c3 , 550a6248 , a9d2ba52 , f4767d2a , 0a2d021b , 05fd2a1c , 48a257e3 , 3cdfd197 , 2a3997ab , 09f8c0d6 , 55d4f76b , 449d79f3 , 5b58ef7b , 5b36f054 , 5990fb24 , 41f17577 , fecf77df , 38386833 , ee282d92 , 9415a232 , 482e8bc3 , ce07caed , 772e4cc3 , 62c32ace , 2562f6e9 , 0c4a50ad , 844a888c , 1b52b3a4 , 56595abc , 3453bf75 , 15e53c2e , 00d0d3af , cde9f9ee , 870e7a22 , 6c4837a5 , 7bdc3230 , 9edbd82a , 444fccd2 , 210a5fc4 , 52f4c501 , 834a49be , 067bdf29 , 3aa50428 , 79c09de3 , 6a884f00 , d9c579f1 , a8e0ff85 , 2f0ef191 , df486d20 , 4e2ece2c , c9a22bc3 , 34443a0c , 1fff8607 , e6778645 , af3232a2 , 3480d7c0 , fe65e0d6 , b3419d2b , f8e7fb2c , 120c00e6 , 4cb78e14","810b63f4 , 8199a1cc , a9fc5f93 , 047ada22 , b925da77 , af47e4f1 , 984d75bf , e1b5d4f9 , b9f058b7 , 0dc030e9 , ed88cab6 , 23c71b25 , 4fb385a6 , ad163249 , 81c1a859 , 21234cfc , 80513a76 , c3d38a72 , 15723862 , 864b208f , 63df8e12 , 3f5ca57c , c1e8ffed , 378cea28 , ff9c941f , 827a6337 , dd728954 , 0dd3f14c , 58887252 , 522c05dd , db668403 , 9e3b33f5 , 99451953 , 8f49a03d , 0b9e6a5d , 3a436cdb , ef0ff1c2 , b5a93ef0 , 464c1b34 , 6c9300e0 , 4b262b4b , 1659647c , 0df63941 , f484edff , 807d6364 , e7a411f0 , c0dc9abf , 5d227ff5 , dd36eab3 , a3a86af1 , 1dfded0d , e932b0f0 , 6fd9256c , 6d6a2add , 50bd6943 , c5786466 , a9bcfe28 , bf0e9fdb , eb4b5da0","0ac0394f , c2572bd9 , 8ff2dc06 , fd4d1fa2 , 2db00c88 , 3b7fe1f3 , eeea5d8f , 2f6d320e , 1510b3cf , 1736ff7c , 54b4a059 , c77ac717 , 06555b60 , 27ee0e72 , 1b233761 , 1f9b4fb0 , 034f9ed2 , 094fbd7c , 48a66bfa , 325c02ac , 4eda65fe , 28d5ac42 , cfa852c3 , bd610a43 , bbdda1f0 , c1d1b401 , 1f335987 , 201d4dae , 51b96af8 , ce0b5c45 , fedeedc1 , 0ac9ecfa , 20c5eb48 , 5f7aec56 , 206284ad , d7937efb , cd6a2314 , 70c9f541 , 73a089ef , b5040c49 , a1842edb","d976bbc8 , 57518e4d , 20b0e9ba , fdfaa8df , 14668378 , 3dd36fc4 , 1586a5f3 , d39171ca , b3842ed1 , 3e8d9c3b , 625168d5 , 93146bc6 , 1c61e0c0 , b2bceb2b , a18ef397 , 6a502552 , 8e64fd48 , e81ada32 , 6dd29bac , d5b88f04 , afa08a0d","ffdab1d1 , 5dc69d7f , c99b4002 , 47f9180f , 16b1a603 , 1a7c4509 , 11d94eee , 4b1774ab , bd019681 , 6fcc6ec4 , 749d1b79 , dc44160a","a2e36737 , ca95e8f0 , a36b74bc , bce27c76","",
"HGRF","HAND GLOVES FOR FILING (REC)","185.00","","4/1/2026","2","3","c46ac15a , 134d1660 , 2d8a4b19 , 20607fbd , f38d7095 , 85ccefb2 , f694966e , e4c05b56 , 94c64f4d , 7b53ebef , e2456e22 , a25c8382 , 0b978b42 , 3f709e9b , ab9029be , 7b12853b , 850223af , 8bef4631 , 7aa57dc5 , b7dca1c8 , bcc38712 , 3920b20a , 7ad2802f , 8745472b , bdf9b70a , e97300fe , c5322d56 , 33d5e482 , 35ce4b47 , 48fc5701 , 09d36bef , 536934a2 , 94b0e5e5 , 00f7b63d , 29498b5b , 68c8ea78 , a7bc0be6 , ae8368e5 , be0ba229 , 696ed1d4 , b84df5f7 , 0382d20a , 8fc9d212 , 4093c5e8 , 91231d83 , bb43a0fb , b0ac0d4d , 179c014b , fc5c68fe , b6d4fd29 , dd184025 , 3bd56d54 , 201a5c4e , d53556d5 , 383c57fe , 0eb6e00b , 4348a911 , 2a4213e2 , 801a72b8 , ef6503a8 , e7d50653 , be2af3bf , 6d0c3ca5 , 2ad6feaa , 4dec37f3 , 8f8ee175 , 3e0ebff7 , cf36a1b5 , 0a4735dc , 5c757e3d , d60c5226 , 3fe5c974 , 9a096a84 , 290c8bfc , 089159c6 , c0558e1e , 632d2cb4 , 8597bc51 , a4a91017 , e5a02b2b , 8fb69bd9 , 18245a36 , 0efb9b7b , e44f147c , 4de8cf5a , df2b2858 , fbe3ca65 , b9accfa2 , e6c3480b , b071367b , 288a0907 , 9e385a59 , fbc1e035 , 010356be , f2619bcb , 05fbf0bd , 5987fd60 , eea184a0 , 97d9c269 , 47b5bea4 , 6b3af77b , 5562f348 , 2046f9f6 , 5b5994f5 , 91d0f5de , 489a9544 , 641464fc , 1468c173 , 878ca04a , 665cc608 , fc5d53bc , b4f6f3aa , df376d94 , 749baac9 , 9c54dd9a , 757e1b52 , 259bdcb4 , e2568cd9 , e8d58ae8 , b2f2ee56 , 45ee65ec , b7c97055 , b3b98b5e , ec770d63 , 009829fa , 3fbaeb00 , c3fb96fd , b9b07c32 , e64b2d99 , c7a774f2 , 6a9cfe05 , d2a8456d , 1686cb0c , f2ef94d9 , db6f9298 , 0b9e6a5d , 3a436cdb , 107bf03f , 2576102d , abbeb9f0 , 62129b18 , 9304a91e , fde8d16d , ee010fb6 , 683eef26 , a6f73f41 , bcb3d47d , dc9f7e2b , 1198d035 , fd788dcf , d8eeddaf , 176b6ddf , e52e3be3 , 28b32bc7 , 4052de7e , 7ee62e08 , 40b36ad1 , cde4fa3b , c45044a2 , 2b63b361 , 40c969ab , f716f039 , 046ab74b , 4157c700 , db294237 , f4473714 , d5c8f125 , 4b75f6e1 , 42c09036 , f229b9e1 , 3dd2d81b , 1f53c0e5 , 2406ace2 , 3094af73 , 807d6364 , 138fcd38 , 11ca192f , 15f7af9c , 165e082b , 3feebd41 , dad66a7f , 602b9ba5 , 4d928db6 , bf0e9fdb , c80acf8a","2e71a7af , 56fde994 , 515627a7 , dbc1ec20 , 9011a967 , 6a851af9 , a5a97650 , 2846aa3e , b760a917 , 0ac0394f , 48d5c21b , 1fc0b87f , cc05e8ca , 28350d56 , f2ae8b73 , 7aee53a4 , b10869a2 , b92c2b6f , 13ae8352 , 6a99a29d , e2742599 , 12b41153 , e3b904f9 , be114909 , 3c5ff464 , 159ee3c9 , 17437a27 , b5a52de8 , cfa852c3 , 3398340f , 6fdf4be9 , 6a6a8af4 , 95b8eccf , 5c317769 , 63b82be9 , 5ce9c751 , 25a63b54 , b874479f , 4d3fc1ba , 220c2a26 , 9a95bbc2 , b0357f5f , fecf77df , 38386833 , ee282d92 , c3f1dcd7 , 1afc0e8e , 482e8bc3 , 0c4a50ad , de5880dc , d466d126 , ebac194e , 1593fc2b , 6f9b4040 , 1dce6ba9 , 1ff82126 , 2ad9c3fb , f8e7fb2c , 4cb78e14","37a228e2 , a9fc5f93 , b7574e9a , 69805cfd , 391b7c34 , 047ada22 , ea84261d , d01111fe , ed88cab6 , 312f2492 , b98e85c8 , 92bb4174 , 4fb385a6 , ad163249 , 027a796f , 1fc2a599 , 80513a76 , c3d38a72 , 791f4b84 , 32a8b560 , 0dd3f14c , 85bbe8ad , d11128bb , 5a74a3d6 , 5314efb7 , 15cd0826 , a10cb10d , e81ada32 , 2e5749b3 , 5daaeb56 , 64192766 , 932dbae7 , c49474a7","8199a1cc , 150326f0 , 2db00c88 , 3b7fe1f3 , eeea5d8f , 2f6d320e , 1aafb398 , 48a66bfa , 6e4d353c , 05c0e0db , 5fa6d616 , 16b1a603 , 1a7c4509 , 11d94eee , 4b1774ab , bd019681 , e6f6cb04 , 201d4dae , 9dea2191 , ad2815ca , 45ddd091 , 130ae5e4 , cb1d7bed , 147ede69 , dc44160a","539b3df9 , 0964a7d5 , 81c1a859 , 21234cfc , 62e4b0ac , 9bfc6aa0 , bd610a43 , a36b74bc , bce27c76 , 625168d5 , 93146bc6 , 1c61e0c0 , 490e3bf2 , e213fff3 , 8e64fd48","54b4a059 , e81ada32","",
"CDC50H6P","5.0 HP CENTARLIZED DC FOR 6 POLISHING TABLE","270,000.00","","4/1/2026","18","22","f63f34c3 , a76547ed , 4141afdb , fc09ffb0 , 63c60f3c , 64242c88","","","","","","",
"CDC75H7F","7.5HP CENTRALIZED DC FOR 7 FILING TABLE","287,500.00","","4/1/2026","18","22","","f63f34c3 , a76547ed , 37df29d1 , 4141afdb , 45756a10 , 5efde2b7","","","","","",
"FTG24","FILING TABLE WITH GRINDING WHEEL(24inch Table)","55,500.00","","4/1/2026","2","3","bef48ee8 , 6d1d3164","","","","","","",
"OM~ 26in X 8in","OUTLET MESH ASSEMBLY (26x6)","1,950.00","SHWETA","7/15/2025","2","3","bc45c85c , 2c6cf200 , 4f7a1e9b , eacc3ee9 , d7c51e0e , cf238d47","bc45c85c , 2c6cf200","15753366 , 09827d58 , 1b82a975 , bc8ba58f","2fd95ccb","","","",
"HPT3i(GOLDEN RING)","HOSE PIPE TRANSPARENT (3INCH)","800.00","","4/1/2026","2","3","8d9f9d8a , c3f5faea , 323e285c , f6249385 , 771cc785 , 554b665f , 64af507c , 76941859 , 034ba2d8 , c96482ea , 115b8dda , ab05b324 , 8d749a76 , 48a66bfa , 036c7ebe , 6785125c , 6a1a5c62 , 31e5a8b7 , 6b4a47e2 , 24f24444 , b8e5d4ce , 9fcb368f , e76a1f2e , e4d6abd8 , 88adc8d3 , 181594b9 , b2643717 , dd916fea , dde55374 , 4b61c4de , d9836c16 , e8d61730 , 2194b0c6 , 53bf91f2 , ada1842c","34dc64a7 , 342d030d , 383a48de , 722422df , db82bbfe , c4d188aa , d5c85938","112e08cf , 0964a7d5 , 966b5d8a , 800b28c4","6a806fb6","","","",
"14FO10i","14 FOLD FILTER BAG (BOLTED)","2,600.00","","4/1/2026","4","5","7c0da321 , 01f683f4","11d8672e , cc476567","04cc34e0 , c143d276","55c80715 , ab05f78b , 59a182c0 , 50c31ddf , 8672a219","","","",
"HMM~230x77","HOOD MESH METALLIC ( 230x77 )","1,000.00","","4/1/2026","4","5","37e1c7d4 , e8112a6b , c7c79212 , 1a390fa7 , 076db8da , b5f8c567 , 9d985dd8","","","","","","",
"HMS~230x77 (SS)","HOOD MESH STAILNESS STEEL  (230x77)","1,300.00","","4/1/2026","4","6","2f66f4d9","c7c79212 , 096f352b","40dd69f1 , 4b1958b4","","","","",
"HMS~210x109 (SS)","HOOD MESH STAILNESS STEEL  (210x109)","1,700.00","","4/1/2026","5","6","28bc5d87 , cb46a80b","6f65c600 , d0e573bd","","","","","",
"HMM~ 210x109","HOOD MESH METALLIC (210x109)","1,450.00","","4/1/2026","4","6","","","","","","","",
"CDC75T","7.5 HP CENTRALIZED DUST COLLECTOR (TRAY SERIES)","135,000.00","","4/1/2026","20","30","7acbed8f","52407559","","","","","",
"CDC50T","5.0 HP CENTRALIZED DUST COLLECTOR (TRAY SERIES)","110,000.00","","4/1/2026","20","30","","a190a144","","52407559","","","",
"SP3i","SPRING CLAMP 3IN","80.00","","4/1/2026","3","4","8badab5f , d120dcbb , 49650f6b , 53255a71 , 78cc5b48 , 9fd6c6f1","55449448 , 88adc8d3","dc374d06 , d387b71d , bb01497b , 8f89ec48 , 1560ba34 , ed875412 , ef87d578 , 4b52afb3 , 6a6a8af4","","","","e5e85419",
"FB~24BMS(WITH MS TRAY AND DUAL SUCTION POINT)","HAND FILING TABLE WITHOUT VACUUM(24inch Table)","16,500.00","","4/1/2026","20","30","2fddd85d , 0ef07b9c , e2e6c5fb , d86e0a40 , a6b670ea , 465690a0 , 6794dc2e","65b3befe , 6b74ea4d , d461b822 , 3bb6f621 , 2d1846e5","4b36e889","f346f21c , e9d92540 , 368836f5 , 98f97196","","","",
"FCN","DISPOSABLE BAG FOR WET GRINDING","195.00","","4/1/2026","2","3","5c8dcddf , 60ed3b67 , 85c9ed8b , 48acd7fb , 23d71819 , 4355c0e9 , 0b8c720f , f1c305c3 , 874d1d5a , 016ff352 , 2bab588e , d2e4af94 , 33fb3502 , 71eb650c , 2c6d6cc9 , 73bcf6d5 , 6b87e812 , 80dbbd9e , b3bb64d0 , f292bb54 , 39f61b02 , 3103d632 , 18335778 , cb046398 , 64118b09 , 6c6d60ab , 6f4f6003 , c1fa076c , c3912778 , bc665deb , b3c71e17 , e958086d , b04b129a , 2296d30c , 58ca4bd8 , ca7d6f5b , fa2ab411 , 19edafb4 , 248a3074 , b906c26e , 6c31756b , 5d72841d , aa7232fc , 182eb962 , 8ae3c4a5 , 1ac3f9f1 , 0ba79126 , ad4715db , 6f113e44 , 4798d65e , cf89bf6a , f823adbd , 3d8072ff , cefa1a9f , a951afb7 , 2d097327 , 00ccc1fa , c188d18f , 319ab7a5 , 96e0a412 , 154fd7d3 , 47f1f7c5 , 17d6c093 , 3d21b5f4 , 9c88a4bc , 7def406e , db58d9f1 , b8a15b3e , 66fd4955 , 25a1d882 , 1640d9d1 , 77b2af2a , 5d3f50f7 , 3bb4efda , 1e4ce238 , 86b64958 , b578e5c7 , 203494f2 , 446ea784 , 9e50d52e , 21465165 , 374ca49f , f0f6502b , 7d482d47 , 6a9616bf , 1407f983 , 152a7fae , bad4a9d5 , 22b37d33 , af94bd2d , 6b08977a , 1bfd7248 , 5b8e8b34 , 34ecb399 , 1afc0e8e , 2c0f8731 , d2605047 , 38220ff3 , a2722273 , e20f4ffa , 7b6d76ef , ec4a5ac4 , 52ba2212 , 21e973de , 79a7cc57 , 898fe788 , caf098fe , a539c46a , d466d126 , 7fc782b2 , 6f9b4040 , 6a8866c3 , 0f133284 , 98e84b16 , 4afb6fb5 , 2695f229 , cf8c7c6c , ba5ff062 , 56a65f5a , 99be889b , 8ea22f99","0544dc56 , 1d5bed50 , 60509860 , 1b54a91f , 26e9c455 , 147f71e7 , aeb31446 , 8ffafa8b , b3a68afc , 0e3fa9f1 , c2f033e2 , 241f7bb4 , 9c42bc1d , 112e08cf , ac56f4f6 , c6f3d650 , e17d8fca , b0fb28a0 , e7643299 , 201a5c4e , 7c9d76a0 , 3ca3c300 , 6e8f0b1e , 0ca9e728 , b0bc95a9 , d73d4dbd , a38162f4 , 76dd9a3c , 2731b380 , 627cd51e , bf14245c , c9a9fbf4 , 23376b34 , 15274080 , b239f756 , ddbc8e97 , 890d63da , 4f22f5c6 , 0cc9c144 , 20898cf5 , 0c4838b2 , ca292e94 , a0a4cc7e , f5be2f1c , 83a82c8d , 5c84ac6a","7b5a748f , db936d5c , efc0633b , 363f899c , 88f1416b , cd28500d , 13b17087 , 0d95e118 , d976bbc8 , 57518e4d , f83c1eaa , d7d6ce1c , 20b0e9ba , 9f24546d , 1bcb3d5a , fb5a0b41 , 8afea807 , 34b72c58 , 71298b7a , dd079c1d , 2dec7dfc , 8f49a03d , fb701fb9 , d39171ca , 9aa1b387 , 1df22df0 , 229b3423 , 6ad944cb , f8acef92 , 6dd29bac , 647caa1b , f8a59ca9 , 32d868ef","9565b1db , 53bfefc1 , ab3e609b , c429fc6b","784954c8 , f63bbd3b","5dc69d7f , c99b4002","",
"DOOR GASKET 16x20","GASKET","120.00","","4/1/2026","2","3","d4b7ab85 , 638bc1ed , 691e681d , 6055c002 , cf8f5822 , fdbbbdc6 , b5986f9f , 6b9e7d61 , 3b230ed3 , daf3e861","5c65796c , f1f15fd6 , 166f5d0e , f5949608","f7f0e2f7 , 2eb0b26b , 03ce2739","b9693ac6","32a8b560 , 35c3db5d","","f8573f0e , ecbd2f2e",
"SP~75 (COLLECTION IN TRAY)","SINGLE STN POLISHING MACHINE WITH 0.75HP DC & WITH FILTER BAGS","46,500.00","RAHUL","4/1/2026","20","22","a6854064 , 39de07b8 , 0f7c2887 , 64c181a7 , d654e9b9","bf8a60bd , 9077b6f7 , 7a659360 , 5cd97621","203d373c , b9a384e4 , 3a4000e9 , 3d3da464 , 9efade52 , 2ad7362d","a5990a8b , a2f200b7","b10500dc","","",
"FB~24MS (WITH MS TRAY)","HAND FILING TABLE WITHOUT VACUUM(24inch Table)","16,500.00","ABRAR","1/1/2026","18","20","3efa1990 , 457b2117 , 86602ec5 , 8dddc74b , e4980a1f , 8cdc8af0 , 2846325d , c3f56b73 , 59f9a4c3 , 4b36e889 , 5c428833 , 9b09041a , 7144ae2e , cd0e4246 , 92d423eb , c1e3e805 , 93fd6d8b , 66e17d9b , 2ffab475 , 3ebaa140 , 5441f9c9 , b303a372 , 72402241 , 40a98bb0 , 694805b5 , 74903f38 , 641059ba , 7f0f75bf , 457d9ddd , e2eb8bda , 6fe9a09f , 06f4afd6 , d4eae2d0 , 5e3a0269 , ee5b2eaf , b5f6efc9 , ae7bc987 , d86ea011 , c2f1d519 , 733368ba , 63dec683 , 856910af , d02e114d , aa0da6a2 , ce888ab4 , 4a015c6f , c1f19f8f , 3e32df63 , acff75ed , 0ef3a500 , 3c520c6b , 1c353bfa , c3ba1ce1 , 6bbc9153 , 56e517ef , 3160cee2 , 60a2eb5d , d25ca48a , 19095ba2 , 8012bba9 , d86b3c24 , 88bfcfec , 3620d29b , 410a9b2d , dcbca22b , 9202f572 , 13f7c59f , 4e02e86b , 96e16db0 , cd4a113e , 61d54b71 , cbaa440c , 6589c7d7 , 25b7f377 , 62930944 , 86a6fbbf , e7f83af8 , 5faea8a3 , 31b970a3 , aacd6516 , 8666c47a , c23b062c , 975f914d , d064ccf0 , 1a8e5076 , 6159a675 , b0981f3e , 4b31b216 , 200757b1 , 9f190a71 , 77f2dbda , 4b5b1245 , b875b4f0 , b9287819 , 6e3af04f , e111fe4f , 1d2df256 , 8340dbd9 , 2baefa91 , b54aa25d , f8c4cc94 , 81c1a859 , 21234cfc , 4cb928fe , 6e78ad09 , c9e0492c , dc54e6b3 , 1d5ed453 , f2406437 , 26bc5bcc , 594023d9 , 5c13f3e7 , f73e1eb2 , 8761c7b3 , fac415c6 , f56dd500 , bacf8930 , 11b7eba7 , e0ec7294 , ec74c0f9 , 9e3b222a , 4dbfa79d , 9856a689 , 53acd2fb , 5d0944d6 , a72fa1c5 , adfeed53 , 7e889c63 , 26a1423d , da9b48f7 , ba6726eb , d3a17b26 , 834bffab , b33cf5d2 , d5ee7e3d , 08dc6818 , abc0069f , 0cdea8f7 , 89722306 , d4467455 , a61aa5f0 , 4c7d2f17 , b3247ada , c4164de9 , 97000094 , 8ec2a64b , c8613a24 , 0697854b , 5b804bb1 , 1fe232a4 , 505397fc , cf16244a , d6da8a1a , 204ee586 , 0c528848 , 266dceab , c0be1734 , e86de7cd , 2d443d77 , 502bdf0d , 295f4883 , 52c9204a , d2c6e398 , 8d22e98b , c293f189 , 5912adba , 49d764c4 , 50f6ff31 , dbc0ac3f , 64b6f32b , ee712619 , c47efbd7 , 82a57c4d , 2e2a97a7 , 9ae88966 , dea0ea3a , 06bf25db , 87b7e831 , 2bbd6d15 , 873826bc , 49de856e , c0b3dcc0 , e5c3fa6f , 374de579 , cff9b80e , a951ec9c , 2feb63d4 , d3476dde , c125c120 , 3e01fa61 , dafdccee , 17db44e7 , 9c02e7bd , f3a22d1c , e0177c74 , 65724cc8 , ad0fa677 , 412a2ecf , eb67bc96 , 26a2745d , 2d1846e5 , e31622bb , eba177fa , 04ecfdf8 , d3e53b2f , 1f2f91cc , 848f037a , 3ff53b33 , b5a18900 , 67d2b026 , ef604a16 , aa7413de , c3c7818c , bdc89b3b , 9660f3fd , e5486c5c , 0959df52 , e37ff9ab , 5f1d06d0 , a5ebff1c , f4070e5c , a7ffcec4 , 0b1efd2e , 4cb5882b , 65cc36dd , d727f5f9 , 4b826b63 , 5413d41c , c00ee605 , e6223195 , 07e05b0e , 55c27f51 , 965b0839 , 4639c513 , 7486d22c , c1930774 , 13480ec6 , 59e6996f , 5e3655e4 , 1886b0bf , 6761efbd , 093c529e , 1c60ed3d , 4e49e101 , 8afd1e41 , e3ea5e9b , 77b208a1 , f231e37e , 72f79fd0 , ecd27a5a , b4d63f75 , c223408b , 77934152 , c284942e , be20dbba , c24c7233 , 427b224d , 68cf3f33 , d56e64fe , d7e1e13a , be8f860a , 8a80405e , cafd2c1a , 091d7dc5 , a43e6a21 , a68b0ecb , 9d1bc7ea , 67606cb6 , 7c509a76 , 56c03d98 , bc89605f , bc2d82c6 , 8de2e1fb , 745c3203 , 0d572410 , 8eeab7ea , c0351e6f , cb0234ac , 75094b9c , 5ad7919b , 3ce14078 , 404e6e01 , 4ccc757b , c4f82169 , f7fe8c3e , fc632252 , d6f204db , 2bc10e6e , 2a112d77 , d77dda60 , 7f5549ec , 8c99a7cb , 8232554b , 561db54a , f8733344 , 6ea0fda0 , 467f93d8 , e46370f3 , 77a20aba , af74f387 , 146244b2 , 149ab2c3 , 50455c26 , e5e94ed2 , 3229429f , 2d5b37ab , f5dd475b , a4d46afe , 4e706b27 , dc158511 , 0ce7fe59 , 4b54f652 , 2b25736f , 1ec3fd3b , 4ba82781 , ee799e8e , 44b4f3d3 , 13be98ec , 8dde10c5 , 0e90147f , fed18dd7 , b666ce8f , 1d3c4164 , 028a738e , 085b3d27 , f26474d0 , 6442be20 , 011a2c54 , f75d016d , 4be80d1e , 736e9d6d , edb990bf , a78b9941 , 9f546320 , 50d84ab8 , 591197ca , 63d8931d , 01b80739 , 91f1b196 , 928f87b0 , 36a8ba55 , 9eab398d , 7e55cb79 , fff8a54f , a3a467c0 , 13fe799c , 08b5f219 , cf3519a4 , 6f8c8b23 , 86fdcba3 , 826db29a , 2b40edcf , a536f257 , 34f63e2e , 0681bbd9 , 7265d251 , aae6254e , 79b40b9d , b38d8380 , 2706c0eb , efb627a1 , bd93a571 , 6031cdee , 49369515 , f890a44a , 340b4ece , 7bd830ff , cc0408ef , f6a52755 , ebbfad17 , fe62004d , e24083bc , ab3b8e8a , cf4dd621 , bad07f93 , 406b562b , f9416ec6 , f644885c , 0b73c27f , c24b3096 , 7ab4fc4e , cfa3e86a , 60d93afa , 3f7052d7 , c7381eb2 , c77b55de , c07ba7a4 , 385c3e20 , 580a4bd9 , 222a0ac4 , 82c27d92 , 47e471a3 , a515dadf , 812aa4e8 , ceea1352 , 7887d05d , e7e1c624 , 3e7bb90f , 8debadb2 , d51b648b , 59001fb7 , 9aa849f6 , 4d12f575 , 995ca69d , 8363ff0e , ff04969c , 3d5e634a , e0999e82 , 4aaaece7 , 4fdc860b , d120d7ed , 1d25d211 , c23c30d8 , e62edac0 , 84450083 , 5b49ca9f , 338a65c9 , f5d5544f , de14a9e9 , f2d86b0a , 4084773a , 83bc0bbc , 023284c4 , 92e9bffd , 9091ecc3 , a2dbf64b , b2a6f4da , bac8720e , 9060a58c , cff89689 , f26d8341 , 9c3b04af , 24812d6b , 240f9b14 , 9703b78c , 6cb36fd5 , 3fa6f399 , d0daf3ff , 9bb4da81 , cc5f58cc , b2480944 , 0d207fde , 86173794 , 55bff595 , 9a2e0bb6 , d734a7f2 , 01d8af47 , 806ae33b , 24dae984 , 0b4cb911 , fdd86c1d , ec6ead06 , 75a2debd , f4d24860 , 5bdf1426 , ec86f139 , afd5da55 , a752caf0 , dc2f15f1 , 833182fc , 2b99a939 , 439db94d , 4a928382 , 65f007fc , 349f4b7e , cb48a613 , 877cc255 , a8f2b6bb , cf1df9cf , e98fcb54 , 10ec9fdc , 028104d3 , eea581b5 , f5571817 , af96c0b0 , 93b404b7 , cf98726f , a842f0a6 , c98b870d , 5122981a , e8e668b4 , 07b739ca , cfd2db37 , 0a1039c4 , 64848bf6 , dfb534eb , 2bcf1f3d , 6caf6368 , b7d815f6 , cdbc7965 , d28710f7 , ae62d1cb , 9b054f93 , d07c58f7 , f5858b35 , 4d7d615c , 827cc5a1 , e194c0a5 , e5e97afe , da7e032c , 41560b3c , a65fd301 , 9ae3de94 , 9b4f3f83 , 63427b1a , 3ef23dff , 1e2baa6c , ed3d60ba , a16bcb38 , 3ab017b2 , d2a9765b , 47cd7390 , 4060dcbf , 9b04e89a , 39905d67 , 4ebb47af , d67b8129 , 547d05dd , a065378d , 9670272a , 270fedf0 , c14b9839 , c552f120 , 84d9ec1e , e4f95a27 , ac7511cb , 16291837 , 754466a6 , d7149ec9 , d9cf31d2 , 2fa859a4 , 658a6a32 , c3dadda9 , f1753fa5 , 603f3e8e , 2365f708 , 0dba6202 , 49ccc738 , 74c21d0f , 4c4f61f5 , 3dac6667 , 75e153b1 , fa53621c , 64e9d708 , 38dbd15d , 1b9e31cb , 4e2cc027 , df7d6c91 , 6136b9b5 , 43f460e7 , 7f6bab94 , 33946026 , cad6f227 , e7eb2ebd","9f415c4c , 62290fa4 , 0a78a8cc , 6b885330 , 837b43a3 , d6395fe0 , 7a5d8a5b , 93944082 , 5b2958b4 , 468b1023 , e6aa815c , e971a5ee , e0253bcc , 1f0289b1 , 0dfe3dae , d23fc468 , ca2c9e3d , 6b11a9d6 , e4f95fe5 , cc022943 , fd2bd159 , c93df093 , 5a623a1a , f993da5b , f1b59086 , 6b3e1756 , 801a7f57 , a2900ea1 , c418ae6b , 8b044a0a , 3b2ab271 , dc932ce6 , 6a8d7629 , 8beb8d2b , a2c204c5 , f15d2aae , 81f32d05 , 6e5512b5 , 030c5d56 , 997a4991 , c44e427a , 3e8b9721 , 99e0cbe4 , 2c941348 , 747c8160 , ce6f7954 , 5bc111be , d789e56e , 360449c6 , 6d79a0b5 , c4a02919 , ff240cdf , 62b84c0f , 15ade2b3 , 1264e3ba , 7112b837 , 732f3e94 , 52bf56fe , d0107d4b , 2478e7eb , da1a055e , 5262ab0e , 20466fa3 , 6a498da1 , 3b6e76dd , 691e93ec , 20d20cae , b39a3d47 , aaaea39b , e4ae6b13 , 87a021f7 , ef9b6584 , e6ef6e87 , 8937f959 , 3bdd3f3c , 6634f0b6 , b761b01f , a47f481e , 9ed14390 , 9a100975 , c6042bce , 09ce7e99 , da33e92e , 9c3b9117 , 78e0b0ff , 3a97093a , dd1c3cbe , 862d47ac , 866365d3 , 177b20bf , 303043a0 , 9f459ab1 , 7789f5c1 , c1521d75 , b2e922c3 , a1985cb8 , 977f16b7 , 1944947f , 7d6474cd , 2e76c2aa , 2b921f6a , 5cd42b8f , bf46bfa3 , 1b6f9a0f , 09ee3087 , 26d970f0 , 2faf0628 , d5ea419d , ad62a692 , 04c9cb17 , d0ca2634 , 12692fc3 , 8048bdab , bc6f63ce , 3e83f297 , 39828525 , 5f7d6834 , 62827697 , ac5c523b , e3401dc1 , e241edac , 54f445fd , eb7364a2 , e8cf3799 , 1f250fd4 , 163e2c60 , 849000fb , 43ae2ffb , 4b5ff513 , 332a973b , aa9db804 , 6752195d , a6e7b137 , 52ff4a47 , 080f83e8 , ccfdd5af , c6ba1e36 , 77fc280b , 13ca0bd3 , 30fa3032 , 544f4608 , d0a4f57f , 51264b31 , f2304b7a , a7481ccd , 7e91be82 , c588d762 , fcb17804 , 71d090df , c36f5c8e , cf78b4c4 , 5cf4bf34 , 014b121b , b762901a , 49f55de5 , 8128765e , 8ded8b5c , e485ea06 , 0a4b273f , 04507f64 , b2dace5d , 8569f629 , ee607b32 , 7bfdf400 , c6f0861b , 6f97e716 , 97ca2db0 , 91f40bc7 , b2f7c5ca , 8014486f , ada544c3 , e1c53b8d , 523cfc5b , 458feca3 , 9ffbe3ea , 5fdd2e8d , 2dcbf0e7 , 470798da , 9bcce0de , 5e6ac304 , 7d704e3b , 14d3e289 , c727ee21 , e55eda36 , b6e5529b , 33edb38e , 2c588b14 , 32870622 , 546beaa9 , 9cd7dd34 , aa4214fa , 580a22af , 5daf94a8 , 6982427a","a5cc2459 , 2d8e75f7 , 7efc37d4 , 4587598c , c0c595bb , 2dd88b26 , 95949b27 , 42660bf6 , 933c144e , 12c31dc2 , 591368b4 , ef7bfe2f , 1f10299f , 1d5d5afd , e99eb724 , d0523565 , 9e2679ae , 93f7f39a , cf960c60 , 513d4a2e , 30be7e2d , 7ec03996 , 124dae4f , 2a097afc , f099f40b , 918a4c6b , 863cf9b7 , 4807975b , bac83a15 , a603ed8c , 55d18ef8 , 86ff5170 , 0190bddc , 07f3522d , 2b706045 , ed3b479b , 33b306dd , 79af8bb5 , 079cba37 , 220fff9e , e9b8d3ae , 666cf161 , 0c44290b , 52a6fe6f , 7b83cce7 , 9fcf2b7e , 67248554 , f10031d9 , 208f6399 , cc04a926 , d54de34e , d083f092 , 5839519d , 9866e16c , b21dc52e , ef16e00e , a068106a , 1a2c5804 , 3b8e4733 , 6de56905 , e26e91b1 , 5973343e , 7ff2fe31 , c828f9c3 , 08a15539 , 60560c40 , f01cc22a , 6cf8d70e , 7fb5ffae , 29a196b3 , bc3bcb2c , f8314e03 , e4d04dcc , f67928b7 , a2660d1a , fde2917c , b4cd7483 , fb5066c9 , 5f6a5c40 , 634bb2be , c73b9895 , 1d199bd1 , d49cf891 , 0681cb4f , 258b829a , 31f2d4e0 , e6ba576d , db71a55d , 578ad05f , cb4c608f , 8ddc7f9e , 2017797d , 7bfdf400 , cc9ffb0c , dc935d69 , 5789e2f6 , 895f7df6 , 039a4a1c , 949df88b , 91e49a55 , 98f97196 , d6f3e6e3 , e9668b6a , 40101174 , 5a75bb0d , 1741e82a , 32ad3a9a , e83cd6e5 , 82a92a70 , 8b92ed09 , 9c401b36 , 75b35237 , 8ddcfd90 , 7f13b67c","f1ebe328 , 6e6e81ee , 8332ff78 , 463f3e07 , b8b29863 , b0084c4b , c42bf83c , dbbfab0f , 2fc41e3c , bfe51b1b , 6e991b42 , dadb32f3 , dfc917b5 , dfdb8856 , 34b80f53 , 4a51f0ea , e8436dcb , a5e772a5 , 986b6789 , b536620d , bf54e2bd , df89b5cb , dba7540b , 17907a06 , 26725c12 , b0970330 , 120b0775 , 5d57b732 , fc26e9fe , b2d36e71 , 1fcfc374 , f7576a65 , c92e37cb , 5ff397ab , 8f261741 , ad6ce30f , b8df3291 , e6d7c50c , 8e289bf9 , f6b2f409 , d8e1cf10 , 8e83e12e , 46b3f43e , 8922b0e4 , c0b035cc , 51fde1d2 , bab979a6 , acd2b7d4 , 93e68c35 , 79c06754 , c6350a8a","0ff637bb , c483eda4 , 0543df67 , b43f1bdf , f4e2f7af , 74a11530 , 4ca8cc9f , 8a50486c , 6922287e , 4b4c8d29 , eec098ce , 2fd1220c , b3d4f668 , 78f59c9d , c0f195ac , 4deb8a31 , 54087e5d , caa77470 , 56492a1a , 2cb088fe , cf8a1d24 , 0f1528f8 , cb39a416 , 77bcd61c","9f273677 , f2f805ee , 4c13485d , 16a4e1b6 , fa5025ad , b3ebf329 , 9e68a090 , 6ff5575e , e2a3a9c2 , b9cf88a4 , 2a38d7c3 , bd5a22b7 , 3287b7e6 , e9668b6a","b982aaaa , 73ea3412 , 123bf2cf , ca9e3860 , d3f82c79 , fde67bcc , e1cdfbf8 , 9262eaa1 , a416aa2e , 097300f6",
"FB~28MS (WITH MS TRAY)","HAND FILING TABLE WITHOUT VACUUM(28inch Table)","19,500.00","","4/1/2026","20","25","ea28afe6 , ab41347a , d6a44963 , 79b013d8 , 8b80ad88 , fb922405 , b4a31a67 , 4006ce83 , 563dbec3 , 1f8b972e , 42535d2e , bf4c18ce , d7b4052f , 5a93fb83 , 5d46222b , c8d6ff4c , 5568eac1 , 8e4976b3 , 213e8c2b , 7b8d01d0 , 42354428 , 51ecd0aa , c3990ab6 , 31f5687f , 41f44e97 , 95dc2c71 , 4acebf11 , 74b304bd , ea3008b5 , dfbd3b7e , 4d2eb833 , 2f660885 , f7329c79 , c566ce71 , 0451fe1e , b7650ec6 , 12176c6f , 2ae1f47e , b3078087 , 1e81ad36 , 278a8013 , abb5dee7 , 353ed8cb , 6cc5d31d , eeba622d , 4def4a42 , a7a553d9 , 3ce1c73c , 404f666d , 22508b04 , 29ebe1ae , 18b05855 , 80099628 , 0c5d686a","2721110b , 4b36e889 , 5c428833 , 6b57af2a , 9b09041a , 6acda0c6 , 7144ae2e , 373cfdf2 , 3ebaa140 , 72402241 , a2beb2bd , d4eae2d0 , 5e3a0269 , aa0da6a2 , 545fb251 , 4a015c6f , 3e32df63 , 1c353bfa , c3ba1ce1 , b2c89755 , 51d74cfa , 88bfcfec , 8c61f1b2 , 13f7c59f , 4e02e86b , cd4a113e , cbaa440c , 25b7f377 , 56d76a14 , 31b970a3 , 9f8a2df3 , 8dc3ff45 , 8666c47a , 9f190a71 , 71423642 , 6e3af04f , 8340dbd9 , 8761c7b3 , 03ae25fb , 08dc6818 , 4c7d2f17 , b3247ada , d2f890fe , c9f74d60 , 8d22e98b , c0b3dcc0 , 04ecfdf8 , 5413d41c , 0b4c266f","610071c4 , 6b885330 , 837b43a3 , 7a5d8a5b , 836d5b06 , 6b57af2a , 13b5087d , dd6118d2 , 6e6e81ee , 1388193b , d47d65e6 , f854ae58","ac4dd434 , 7efc37d4 , 2dd88b26 , ef7bfe2f , 1b1343f3 , 76010ed1 , e99eb724 , d0523565 , 9e2679ae , 513d4a2e , f099f40b , 2b706045 , 220fff9e","9f273677 , f1ebe328 , de4414e4 , f6b2f409","c483eda4","",
"FB~24SS (WITH SS TRAY)","HAND FILING TABLE WITHOUT VACUUM(24inch Table)","22,000.00","NASEEM","4/1/2026","25","30","e4efb000 , e0c604e6 , d80d8aaa , da006686 , da0e5ccf , 1fa01134 , fb768af3 , 75fabe87 , 849cc5a0 , d489e5b8 , d01a8c6b , a1aeca89 , 53d09c7d , 45f4b6ef , 5e7d7a59 , bd335b3c , 890d0364 , d3e30ab2 , a614c99a , e7c393c6 , 336ca8a7 , 6073d92e , 410c40ca , 9f1d6573 , c25bab60 , 2a4d4f58 , cd5f2930 , 58b693e2 , d8049e52 , d6dc1888 , 6fdc50a5 , 5b62baa2 , 664498b8 , 4a22c3ea , 45639ab1 , 42bffb49 , 21f4e87a , c31dcda6 , 2910bc78 , 18cc09d4 , 0b4c266f , 5e5aa4cd , 2cba7102 , 58a71224 , 57cae75a","f083781f , c1e3e805 , 9ce8c52d , c032f31a , a6a7cf9c , d25ca48a , 410a9b2d , 690ba5f3 , 7b65cdc0 , dbc0ac3f , e6a9a0ab , 67d2b026 , 35df9dc0 , af74f387 , 50d84ab8","8db30456 , 473a825a , f1b59086 , c528f338 , 3b2115fc , 75da4aa1 , 3242f53e , 012df0a4 , 30684107","","","","",
"FB~28SS (WITH SS TRAY)","HAND FILING TABLE WITHOUT VACUUM(28inch Table)","27,000.00","SANDHYA","4/1/2026","25","30","25596cc3 , d6c22de6 , 0e7377d2 , 2bc38cfe , c9ebd606 , 277bc82d , bb7095e4 , 96f2a3e1 , 23d547c2 , 6f4e4ba2 , 06fe9807 , 0688d7bd , dde41ba6 , b7d91fd7 , 63754dce , 683cd77e , 6a39b010 , ce193821 , c01a7621 , c0acdff8 , 388f9a78 , 0607edc1 , 2338ff8e , 2c377eba","f52f5727 , c2b04f71 , 8e4976b3 , 7b8d01d0 , d5d0bdcd , d489e5b8 , 74b304bd , ea3008b5 , 4d2eb833 , 136fc9f4 , e7c393c6 , b5f8cabc , cd5f2930 , cfb951de , 58a71224","b81af201 , c64dc964 , 00d40afc , 2281b777 , 4a3759d6 , 04f523f0 , 39c725df","e4ec930e , 057b3668 , 2e2ab621 , 8f720244 , 05f258c7 , d5d0bdcd , 8b2ef37a , 87dda0d0 , 34b5b294 , 3242f53e , 394022c3","eafcd6be","","",
"MB~30 (FOR DAILY ACCOUNTING)","MICRO~SETTING TABLE WITHOUT VACUUM(30inch Table)","21,500.00","","4/1/2026","15","18","c673114f , dd7681d0 , e157e211 , d160bff7 , 7efc37d4 , e6c9a53d , e6b87fb7 , bef7a9ae , ae1a6ebf , 6332d5ca , 89a61ba3 , 9acce72d , 831a9b07 , b0a430f1 , 16f81cf2 , 3838f56e , ba1981b0 , f346f21c , e9d92540 , 368836f5 , 569ae0bb , 40e4dcfd , 1786a4b7 , cf3d8fac , cdaf47ee , 9835b615 , f8e94cbc , f1b59086 , 4c200727 , 6a35a60b , 8b424eba , 6abcd54a , 241faaa5 , f9d387d7 , dcbb157c , 3db5f0b0 , 7231385a , c57ba393 , f5e51720 , de6798a6 , af180ba8 , 5aacc7b9 , 227025ca , 990dc213 , cf1355fd , 6d79a0b5 , dbec2676 , 2b416b3d , 458ea573 , a1ffa921 , 600f31cd , 1b12c016 , 9df0cf2e , 7edca8f0 , 9d5b9ecf , 3460892e , 800143f2 , 841a4e31 , f5391e1f , d464bc7c , 3ad7fed7 , f68e51e6 , 20e1dcac , 5e3898c3 , b0ac6a1c , 57d4f659 , 942439f8 , 864398a1 , fd6c4a81 , 9870a882 , 858cb6ff , 95b1cd7b , 65470740 , 9c3b9117 , f4d1af4e , ced94248 , 67e1145d , 6b95aedd , f98e3602 , c22418cf , e8962526 , d1b211c9 , 9cc6ab12 , 0ed3daf2 , f92230dd , bdc9555a , 7b73efb8 , 33b26676 , 84bf1d9e , dbda34e6 , 0d80044d , 5973343e , 768a021e , 3fe8a1a7 , 4afe37f0 , f461d11d , 984c30b9 , 534fc90e , 6296a277 , c0011b1b , 83cdfb79 , f01cc22a , 3a123e20 , d91de6d4 , 3df4ee66 , 540b7954 , af6ffa64 , dcd89f55 , b812f26c , 6d718cd3 , 9a389ecc , 68a7b016 , bf3bcd01 , 9372cae7 , 8fe89760 , 8f261741 , 1de8e2ae , 3b92f169 , e0787bec , 78319e5a , affef2f3 , 972f9f50 , 10f28401 , ff6d0623 , aac58767 , a93b6f2d , a121227d , 2e0e3d99 , ed44e4ba , d6b42772 , e1734cb2 , ae615940 , fa8f1e46 , 9c6d3c7d , 1e25dcb7 , fb5147bb , 3b6923c6 , 6469ceb7 , cafa50b0 , 7891fec4 , efd78786 , 5c7ac851 , fafaeb4c , 56b67675 , cc47c58c , 769f0182 , c6d30238 , 6f97e716 , a149877c , 9bc8b64f , e18694d0 , 47f56dca , c69f23b5 , 15f6a04c , 23b8f085 , 31f7fa67 , 18a9985e , 4cdb58b1 , 6d9d07d3 , 8957a8c7 , ce6aae2f , 5c5f39ed , 3069acb9 , bef55d5e , d5a2be94 , a1bd5ae0 , 605ab264 , 783cc4e7 , 5a8e1cbb , dc45bdbd , ea00e8c4 , e21f7cbc , 4dc373c5 , 84b88d80","905644d7 , 0e2a365e , d0ed16f2 , e8e19ce4 , 3c520c6b , 56e517ef , dde41ba6 , b7d91fd7 , 63754dce , 4cf7817e , 9b52343b , 513d4a2e , 2ae1f47e , 3ed8c5a8 , 133a44e8 , 1388193b , 8c6fb5bd , d7862a3b , 849ca4b7 , d0cd3796 , 3510ad4f , 3fc0d543 , 50dc8a49 , 85323406 , 1d2df256 , 28d590e8 , c4070d89 , 1d5ed453 , 594023d9 , 5c13f3e7 , b19c06c3 , cccf1895 , 9856a689 , b43ecebb , ba6726eb , 4cb44047 , d3a17b26 , 41292b29 , 8ec2a64b , 5fa34415 , d043cf11 , 71c43d0a , 2bbd6d15 , 870d807b , bbead275 , a9d08d31 , f3a22d1c , bbe6b79f , 76a08077 , 0a85f775 , b50dc068 , 24580181 , 12c45e1c , a068106a , 26aa26b7 , f2ed6988 , 25a0780c , 30da104e , 3628f9bd , a68786ae , 8af17375 , 120b0775 , 7ff2fe31 , c828f9c3 , a3a9daa2 , e2c73868 , 538b4502 , 1dea0245 , fc530310 , 24c2fa3b , 3b4f8dd7 , ef83d04d , 6dc5bff4 , a8f07327 , 54c14fea , 55136a0a , 5f35350b , 15e59ded , 7679e92f , 7bc65fd1 , 2ec7d7b1 , 4d5d62af , f2fa764e , adbdc657 , 3206a1ce , 3d5e634a , 888a7dfb , ad40c867 , 16b58d14 , bd7428b5 , 36d4ce1b , c30dcd1c , 8aec58c9","c7268484 , 6acda0c6 , cc9ea0be , 7b54b9c2 , e4ec930e , 057b3668 , 2e2ab621 , b01e423c , 4632807a , c3ba1ce1 , 40a2cfec , 6b11a9d6 , 7aba5e01 , b06c025b , ba5e2823 , ca52d5e9 , 997a4991 , e111fe4f , 8629a5cb , 565aab2d , da1a055e , 36107a91 , 46a8cc97 , 89722306 , 6a498da1 , b39a3d47 , e4ae6b13 , ee82d713 , 28aab9cb , 13c0dc56 , 374de579 , a5ad5102 , 5a9bad8b , b19c4c6b , c8f3b581 , 7b5f3608 , c1521d75 , e22dc2aa , 884e89a1 , 4a61cb98 , 4b4c8d29 , c55285ee , 901ac9a4 , dc32db99 , 0ec5ba32 , 5ff68665 , 7c92ad0e , 2a55c821 , f8692e46 , 179578a2 , 77a20aba , fe26849a , bc8d22f8 , 48126814 , dde10730 , 7f67bb3c , c0088912 , 1ac6e35e , 6e71459f , 3afc0715 , 7e96b4c2 , 19c35e3f , a65e504f , 9bae9705 , 5d01589e , 2ce666c5 , 6fec6eca , 8d811196 , d8785d13 , 26181ecb , 3ddd3328 , c6350a8a","c130413c , 8cdc8af0 , 836d5b06 , 6b57af2a , 899ebf4a , c3bb04e6 , 490b2537 , 12c31dc2 , 9e3b222a , 5d0944d6 , efd47030 , a1df5d79 , 07f3522d , 71cbee74 , f9e9631d , 17702a80 , 21ae3b87 , a951ec9c , 8164c8de , 873c3d9d , d0b73d5e , a068106a , 7ff2fe31 , c828f9c3 , eb9dfc5c , f6927f79 , 04a1c3fb , f1225720 , 8e6da56c , 6383a966 , 3514d0a1 , 4df2afc8 , 6a4246bd , 2335dc44 , 9393d952 , 1869ff6d , ba9f613d , def878cf , f3081457 , a1f5a35d , 057aea68 , 1cbd5fb4 , 46037233 , 6423b218 , 0b747ec6 , bf935cdf","a5c22e49 , b0084c4b , c42bf83c , 2a097afc , 97a275fa , 86ff5170 , dfdb8856 , 34b80f53 , 79bddda8 , d16a9e29 , 0c44290b , c922c308 , 5fdd6dd3 , 787280f0 , c805192f , 5314ccd7 , e26e91b1 , 006579c3 , 6afad050 , 60560c40 , 5b8021c7 , 71b6823b , 945bcca9 , 3a4e9480 , d5b005f3 , 61555a8f , 2f5b0f8d , d167e243 , b9faedef , 2e2841c2 , d734a7f2 , ca8df3f8 , 8374cc31 , 28449cf9","c7888605 , 0ff637bb , 2dd88b26 , 2fc41e3c , b982aaaa , 986ca191 , 20d9183f , ab10902a , 82845d62 , 947f90cb , cf09453c , bf54e2bd , 0d64819c , f2e30602 , 2e05e79d , 8aaa552f , 9bf10e43 , fcfbb465","37df29d1 , 8a18202f , 56ba0055 , c34a37d7 , 6f9a92f0 , e2a3a9c2 , 2a38d7c3 , 414ed853 , 0b688162 , 477de352 , cbf7d827 , 0d207fde , 5efde2b7 , da29a905",
"MB~24H (FOR DAILY ACCOUNTING)","MICRO~SETTING TABLE WITHOUT VACUUM(24inch Table)","21,500.00","","4/1/2026","15","18","7edac1a7 , 616ac17c , 545ebc78 , 9efea8f2 , 9a67e0e5 , 9f71b2c5 , 2ca9b99b , f1a50025 , 6e6dc840 , 4294e6c2 , 5d519568 , 50ec467b , 8f565aac , 513d4a2e , efb0bdbd , 3ed8c5a8 , 133a44e8 , 8c6fb5bd , d7862a3b , 849ca4b7 , 50dc8a49 , 608887ac , 25c653bc , 0d52fbe3 , 46e6f48a , 710b1a49 , ea59ac87 , 946209cd , 699dba7a , 15ade2b3 , fcc9ea73 , b43ecebb , d1bde8a1 , 3b2f2b9d , 348e537c , 8937f959 , 78e0b0ff , f2943002 , bbead275 , 09aba389 , fa30bf62 , ea2faf05 , d98bf779 , dc1c24d6 , 3dbddc1b","7efc37d4 , e6c9a53d , bef7a9ae , 40e4dcfd , cf3d8fac , 17c0c9c7 , bd335b3c , fbe540f8 , 7c2c4926 , 31303b90 , 73be1fa0 , 8b424eba , 241faaa5 , dcbb157c , 3db5f0b0 , 7231385a , af180ba8 , 5aacc7b9 , cf1355fd , 96834ae0 , f8c4cc94 , 565aab2d , 5dbf91be , 458ea573 , dfcf0e0c , 9df0cf2e , 7edca8f0 , 20e1dcac , 57d4f659 , 942439f8 , fd6c4a81 , 9870a882 , 65470740 , f4d1af4e , df7fc9b7 , e8e57416","f8987181 , 89a61ba3 , b59ac241 , aa0da6a2 , 7f8ef5db , d15091c9 , 28d590e8 , cfb951de , 03ae25fb , 5d0944d6 , 1ac3140c , 2feb63d4 , b4cb9804 , b6c6782a , d1b211c9 , 1ba8bc8d","40a2cfec , 4b5b1245 , 46a8cc97 , 89722306 , 13c0dc56 , 374de579 , 30c8fa62 , 7b5f3608 , 884e89a1","fc6df706 , a1df5d79 , ca9e3860 , f9e9631d","2a097afc , 97a275fa , 86ff5170 , 79bddda8 , c34a37d7 , d16a9e29 , c922c308","a5557419 , d90862d0 , 163556fd , c3c2afe4 , d5d9b320 , 947f90cb",
"MT~30 (WITH VACUUM)","MICRO~SETTING TABLE WITH 0.5HP DC (30inch Table)","38,500.00","","4/1/2026","14","18","95ea74bf , b79785ad , 746b2aaf , d29753a6 , 6d50f1b8 , f9145fef , fe5d2b80 , 1769c5d8 , ff83a0ae , 678dcf2f , f8bcf935 , 9c249d3d , fb1bd481 , f4e7a88e , 93359459 , 00bc594c , 4fbbd927 , d2e38d18 , 539fbedb , 1adeb0fd , 97ad0ca5 , a89c7f9a , c699c7d2 , 9c66c053 , 1aadf4ec , 1c3571a7 , a50d2c0f , 86e21fbe , e99eb724 , 677ed2ed , f96a3dc8 , 91ce121a , 2c6ea171 , 9b52343b , 619d637d , 0c289542 , a0fe7529 , c44e427a , 3e8b9721 , da216742 , eb0bbf4d , 6b0f3c67 , e2128354 , d47d65e6 , eadb3863 , eddb87c1 , d4733810 , e8283222 , 2ac85030 , 82ddb3d9 , badf77f3","ae1a6ebf , 5c4c273b , 9ff5f961 , e8b16d9e , 6332d5ca , c42cee25 , 89a61ba3 , 5fd457cb , 3ec67eb1 , 14796f29 , c65aaaa0 , f9acc1ed , 9bc5ce4c , c6e675a0 , 0bf51db5 , 9835b615 , 141c1583 , 959605fd , 816f6e60 , aa7b0cf1 , 6a35a60b , 8056319e , e2515389 , 8f14acf1","c130413c , 9c83f968 , fb711525 , 3b22feac , 4b91bed8 , 44ad4dc5 , 7e21035c , e3c9039c , a3ec3743 , 1ffd42bb , 31b970a3 , d5c997ff , e39887c8 , 95b85ff1","69543c34 , e9d8ce67 , ff3ebd51 , dcc2c821 , 02fed991 , 6aa01e47 , 4b729383 , e001e950 , 326af678 , 3fc52f11 , 210c04fe , 220e01f4 , 80b6c351 , 25fc3948 , c1dad1a1 , 040fa229 , 30a96bc8","8cdc8af0 , 899ebf4a , 497daaee , 5be97c4f , c7888605 , 490b2537 , 93004048 , d3175e14 , 2b9b9b8e","9cf8653c , 3ef3a69e , 789dc17c , 73ea3412","69896281 , e5245b36 , 2dd88b26 , 89937095",
"MT~24H (WITH VACUUM)","MICRO~SETTING TABLE WITH 0.5HP DC (24inch Table)","38,500.00","","4/1/2026","15","19","299a8362 , ce009f86 , f7175fbf , 946677fa , 816f6e60 , d8ff175d , b7330cf6 , 7c2c4926 , 06c9a62f , 95c8579f , e3b4277b , 2cfb3c52 , 73cb12a4","95ea74bf , 382a409b , 1769c5d8 , f52f288e , 0be6ab20 , fb1bd481 , f4e7a88e , c5aed499 , 6e6dc840 , a89c7f9a , c699c7d2 , 9c66c053 , 1aadf4ec , 1c3571a7 , a105ae34 , 8865d33b , a0fe7529 , 227025ca , d4733810 , ed3b479b , badf77f3 , 3a30cd7d","f0060f94 , 30fb1ad4 , 80b79fa2 , 46418034 , 932e6eca , 586c7be1","07243afc , c17148e1 , 9c83f968 , 4b91bed8 , 89a61ba3 , 80b79fa2 , aa0da6a2 , 5ffe1405 , 270f0279 , cabe58f8 , 48c3d782 , ddd82571 , a788a143 , 9ec50265","26a29731","","",
"SD~50 (WITH DISPOSABLE BAG)","DONT USE","0.00","SHAHID","4/1/2026","30","40","9923cf23 , 5147f91b , 959605fd , e241edac , 46ab80dc , 93d8e650","6b95aedd","5dbf91be , 412a2ecf , af032a59","276df1f3","17702a80","","006579c3 , 6afad050",
"SD~50E (WITH DISPOSABLE BAG)","0.5HP DUST COLLECTOR (SINGLE SUCTION)","17,000.00","","4/1/2026","9","12","10f6f1d7 , 94e9c977 , 40b7fbd0 , b7574e9a , 7cffe9bd , f6991482 , 3baa9324 , da9f7070 , ffd20ca9 , 9c4b9dfc , ba66678d , 668c7ef2 , ecf78b47 , b35192f7 , 4798e68a , ebdef459 , 10f1407d , 2f2a89de , cd2b5b3e , db39cb12 , 8b7910be , 10576a99 , 7d1c946b , f52916dc , bf41b513 , 28aa3a10 , 16ebb440 , 4da13b73 , 4a281f6e , 59d7cd20 , 8a57fd77 , be902522 , 638b66e3 , 4b239381 , 166bc14c , e4595221 , 64f4bafc , f91262b1 , 90eb6e26 , 3983ef87 , 4fa81e0d , fe3dd914 , f4e28ae9 , 1d37a2f8 , 9f11b764 , d3502077 , b655015c , 064bd17c , e3265d00 , 54f0ac07 , b67f5378 , 172aca2a , b2e922c3 , 6c13ecc5 , b5d4b9ec , a264e5ef , 0dcef99b , f002a0b0 , c9fa4300 , c66a9845 , e8ea0a5f , 6f48535c , 888712aa , db5ef33c , 374dd76e , aa6242ae , 1b981c47 , 3a4c087f , 53743922 , 1787b677 , 98880d0b , 47476da9 , e80db97e , eccabbd7 , 70c958d4 , e0f55179 , 88a5517c , 4f36f8cf , e98e5aef , c1674270 , 729ee7fe , cd8d69e0 , f414239e , 4bcdae45 , fbae6adc , 93428198 , 3cc0b6ef , d2695c70 , a654ff03 , f4b7c581 , 2b2a520c , b96d5115 , 64b543b6 , 7559be91 , 1934fc5f , bdf4bcfa , a3fb37ed , 497458ba , c6029493 , eed3ce79 , b4a4da9b , 107db151 , 0f5bec19 , 92e190fa , 16b58d14 , bd7428b5 , ac6a80b4 , 820853ae , 77b11475 , 648c6183 , 8374cc31 , 34b02183 , c808cdcf","8427162f , 84a2770a , ffd20ca9 , f5e51720 , b0c08329 , 710b1a49 , ea59ac87 , a1ffa921 , 600f31cd , 2c4ac1a9 , c0acdff8 , 5e3898c3 , b0ac6a1c , 00189b0f , 0146dc01 , 858cb6ff , 414ce1b8 , b3174920 , 9c02e7bd , f2d42f25 , 519e1d57 , 5c189f4d , c22418cf , 0ed3daf2 , b95ed3bf , f52afa82 , 1a3fec47 , cb2d4b87 , 64f0a876 , f231e37e , 9b66c59a , d7e1e13a , d91de6d4 , d131b3b6 , 4ccc757b , 63d8931d , 91f1b196 , 3e1d9c11 , d282fa9e , 1a0538b0 , ff6d0623 , aac58767 , a121227d , 2e0e3d99 , 27f6b6c7 , b9edcd3a , 2706c0eb , 029b2253 , 1e25dcb7 , 7891fec4 , 720684cf , 1a5d9234 , e0f9c497 , fafaeb4c , 9bd72ead , b7134b23 , 95fc06b3 , 557180d3 , d8faf29f , 1eb15d49 , 30b1d5eb , 4cdb58b1 , dab1b6fa , 6d9d07d3 , 5c5f39ed , 3f1a4df2 , b786462b , fe4138df , fdd86c1d , a9c282c6 , d8301ae3 , 6c1eb735 , 335d1979 , 7efa21f2 , 5b0612f6","34679cdc , d461b822 , 241faaa5 , dcbb157c , 8c6fb5bd , d7862a3b , 7231385a , 227025ca , 50dc8a49 , 8d2a3add , 458ea573 , a2aa38fa , 5fa34415 , 20e1dcac , 71c43d0a , 57d4f659 , 942439f8 , 9870a882 , 65470740 , 716dc703 , a37e6db1 , 2d1846e5 , 36a9ec30 , 8268301e , ffc99b95 , edcb3dd7 , 12c45e1c , ca77a9d7 , 25a0780c , 30da104e , d61ff7bb , 1886b0bf , 0d80044d , dc1c24d6 , 768a021e , 120b0775 , 984c30b9 , 534fc90e , e2c73868 , 6296a277 , 3a123e20 , 80a196a3 , 582a4870 , 8207fd86 , 83ef0d7d , f7fc1628 , 9a389ecc , cc70b5b1 , feed5a8b , 8cf7f178 , 350ce713 , 5f35350b , 15e59ded , 7679e92f , 7bc65fd1 , b0dd82a5 , 85ff62fb , 0fc8a8b1 , e1734cb2 , bf18e601 , d55ca75e , 6738d746 , 1c128b69 , 4ee48906 , b0718f1f , ae4d3e68 , 84289323 , 7bef7ea3 , 28b3aeee , 709c4ee7 , 4cfff50c , d78d5503 , 394db335 , 5364a1ea , 029f804c , c30dcd1c , a53068c8 , 8aec58c9 , d2954846 , cc66f6b9 , d5a2be94 , a1bd5ae0 , 22e2b008 , 3eafa58c , 0224969f , 66bacc70 , 881affec , 867cdd73 , 2dcbf0e7 , 3d93d744 , 7e33501d","366dff26 , a1aeca89 , f6a80551 , ca52d5e9 , e4ae6b13 , 0f6fdb68 , 28aab9cb , f4d1af4e , 0d88de2d , c0234c93 , 84c7f383 , b50dc068 , 151496df , 522c05dd , 9e3b33f5 , 9390983f , 968fd9bd , d97d4bcc , 09399f38 , cd44a987 , 62fe1831 , b7060db7 , 4253ec69 , fe6c609f , 0ec5ba32 , 1ba8bc8d , f8692e46 , 8ad19c03 , 68a7b016 , 1de8e2ae , e0787bec , 8d748092 , 50539a23 , fe26849a , dad58cd1 , cc14c9cf , 31f2d4e0 , b0479d22 , 2c490d68 , aaa791b9 , 0adc5a4c , d95b664a , fb5147bb , 36ff194b , 5c7ac851 , 42c2ae3e , 0fa1d11c , e8347c64 , 23b8f085 , 8f98f90f , 9bae9705 , f2e511e2 , 655b2871 , ea00e8c4 , 4dc373c5 , d8785d13 , 9dd38357 , 5306d93a , eafe3f1c , 603f3e8e , 74c21d0f , 5b0612f6 , 5daf94a8","cb93d996 , 9f6d2357 , 8056319e , 586c7be1 , 07f3522d , 4f2057c6 , 13c0dc56 , 21ae3b87 , 30c8fa62 , b19c4c6b , 6fe5d9a6 , db668403 , c55285ee , a5546cd3 , f6927f79 , fd533cf6 , 8f261741 , 3dec3f15 , 584845b3 , eaa50fe8 , bb37ddca , 5d5f2d20 , f145140d , bb823103 , c02a5f57 , a416aa2e , ad0cd3e3 , a6a5eb35 , e4a461f6 , b6229313 , 0cb01997 , 6423b218 , 81d233e5 , c5bcc9d4 , 0b747ec6 , 22e2b008 , f8240127 , 0e0863bb","fc6df706 , de4414e4 , a1df5d79 , dfdb8856 , 34b80f53 , f9e9631d , 9e5d3bba , dc32db99 , 27e6f9e2 , 363fb382 , b0479d22 , 384a4e47 , cc9ffb0c , fc197911 , 5d01589e , c0c9ce31 , 26181ecb","135616f3 , d16a9e29 , efe5185b , 5314ccd7 , b06c88c3 , f644885c , 6cb81571 , ad40c867 , cd4601be , 47c73619 , dba3b77c",
"SD~75 (WITH DISPOSABLE BAG)","0.75HP DUST COLLECTOR (DOUBLE SUCTION)","29,500.00","","4/1/2026","15","16","26af7d28 , b2f1aa00 , f7f267c1","b3123eef , 12c31dc2 , ba66678d , c7aa094f , a6190d14","2f2a89de","","366dff26","","",
"LM~50 (WITH DISPOSABLE BAG)","0.5HP DUST COLLECTOR (SINGLE SUCTION)","16,000.00","","4/1/2026","12","14","884dcdf0 , c8f002f9 , ca1df7f2","34679cdc , 9c4b9dfc , f7c19bbf , 75965720","3f00b895 , a6508ffc","bc8b65a3 , f05d040f","","2180e96c , 2cd4ea17","",
"LM~60 (WITH DISPOSABLE BAG)","0.5HP DUST COLLECTOR (DOUBLE SUCTION)","19,000.00","","4/1/2026","12","14","152f2fd2 , 3ae251d4 , 539c4caf , 896071a9","884dcdf0 , c8f002f9","","","","","",
"SGW~50 (WET)","DISCONTINUE DONT SEND","0.00","SHAILESH","4/1/2026","30","40","f020fb1c , e227389a , 0d87ed6b , 2307545b , 7da89f0a , 5b3b67e1 , 397242c8 , e011137d , f4d5cc92 , 36191c4c , 1eefb009 , 9fc548fb , ff11f70f , bdaf7de8 , 8ace6365 , 2f7a0cfd , 7a34a427 , e6a5bf89 , a159ed9a , 9603ef0a , 13d95036 , b76e5336 , c033a3b3 , b1d4bb31 , 1c32adcb , 268040a9 , 79119750 , ee291594 , fdbedebf , af2d64fb , e3c9039c , 9138a630 , 610f8d03 , 5a38fb1f , e9d72ada , 225fa99c , 0873f9ff , ef972cc9 , f4d4a4b9 , 294f8693 , 5defd66d , fab617a5 , d0523565 , 9e2679ae , aedaa664 , becfe694 , f042abcb , ef1d3dff , 719ccdce , 7b1d13db , 653cb67f , 0d88dad8 , 7ee82e82 , 44a59097 , 8d45b097 , 6822ac01 , cf0d0c11 , a6056b3c , 50bc44fa , 3ae8ae9d , af084f4c , 97ef2ad2 , 8b80d192 , c35d420d , 3bf438b5 , 4d3028fd , 102e5ca1 , b990a22d , d993127f , f3f1b96b , dfa74a0a , a7d2a572 , e39887c8 , cb54372a , b7878a32 , 9a0213f9 , 5f207f8a , 32eeed9f , 57dea28f , a77c6067 , 3260ad93 , 4d168724 , fd756a56 , b0243f09 , f63056ea , 4ddf27a1 , c5641379 , d7fb0396 , 8aa65f9c , 3474e07f , df7e9341","ef237025 , 7827cea1 , e1599ffe , 19e4e794 , 99e62f5e , e4ec930e , 057b3668 , 2e2ab621 , b01e423c , dd06e129 , da98feae , 129db266 , a1b5c177 , 2d40d60d , 342a5a8a , 7786849b , a61112d8 , 94afc6af , 3a90ef25 , 3e3a24f2 , 6279ecbe , b9b568c6 , b1835c8f , 065fa287 , 98542617 , 98a8b183 , d65000b1 , 800a43d7 , 60cb2ec0 , d441dfc2 , 1a245d2b , 763c5a1e , 1251cf04 , 55f7a224 , 5363bf14 , 49fc9c93 , e0d79ce9 , 1ef4f536 , bc98b73c , b06c88c3 , 69769931 , 9fd0e654","b1599f67 , eafcd6be , d8fd962f , 4165380c , 5ad880b7 , f6f1a197 , 6dcbb851 , cf856a08 , 133a44e8 , e9f6a377 , 0543df67 , a75c98ce , 4f97bfd5 , 2da69c71 , cde6e558 , 0fa702b4 , 1f2b4925 , 9a0213f9 , d9db2392 , 3df4ee66","37df29d1 , 9f273677 , 95949b27 , 68dd0394 , 64963ea5 , b7749db2 , c79908b0 , 244ba032 , cc84349d , bcf781c6 , 9d21e928 , 85401f8a , 276615c2 , 41275c3b , 8ec2a64b , a5ec3ff9 , bf161a65 , fa0e9b07","69896281 , 139ca338 , aff5aedf , 9cf8653c , 4fc9ad1a , 045978bd , 3fc52f11 , 89937095 , c537926d , 20e1dcac , 0146dc01 , b60fc16c","ed373ba4 , cb93d996 , 899ebf4a , 5be97c4f , 3ec67eb1 , d308fcbc , 74b11dd1 , 600fc716 , e6b88e5e , 2badc2d8 , 326af678 , 8300201b , 07be0cdb , f1225720","4412d1e5 , 8a35722c , cc2e53d8 , ec11a571 , 7f8299cc , e6300ef0",
"SP~50 (SINGLE SUCTION POINT)","SINGLE STN POLISHING MACHINE WITH 0.5HP DC (15inch HOOD)","42,000.00","","4/1/2026","15","20","a5990a8b , bb100462 , 118ebfd9 , 9816f334 , 28c7bc38 , dad204ac , 5878ec32 , 624029ff , a5dc1d3f , f81cb5b1 , 52ce2136 , 7f179965 , 8da2fe5d , b844ee9a , 6bc8acc6 , 239c8c95 , e2c0af3b , acaa10f2 , 13b5087d , acd29c2d , 0cd7011d , 3b22feac , 2841c0d6 , 551a11cd , 314c146e , 9b1f7fc7 , 50954867 , efa44abd , 4d004516 , 3a4000e9 , f198d87c , a6508ffc , 365b19e7 , 7f0d0284 , 1b71e824 , 8b1c680e , 58b8a34c , b5210065 , 17f6be48 , 10d6b268 , 085334f6 , 8d9b124a , 384e75fd , af80ca90 , 70395c1a , 67af2b04 , 6acc371d , c296433e , 46fa3f1f , daf82023 , f53ac8f6 , 584ece96 , 93a56e14 , 18a59eb5 , a6b60a6b , 6d270537 , b7372b80 , 51118c0c , 0b30c4d5 , 6a8208af , dcc68585 , e15a3539 , 278bbce7 , 1895b6d2 , feaec795 , 09c92e79 , 5a623a1a , e0d51707 , a28b6961 , 3d65d630 , 3ad6c5b2 , 3961a3cb , 1a412e50 , a9e56456 , b683f1ef , 34415cf5 , e0914c13 , d39d5139 , b0d18c47 , 8f442c0b , b0084c4b , ef70ff9b , c42bf83c , 42afe5ad , 80616365 , 8beb8d2b , dc382970 , 11a1c2eb , 60be41b2 , 6cf3bc67 , ecd58e30 , 4c005a98 , 76096a05 , 793eaa0d , 94377e2d , 71b5ca4f , a39e36aa , 12e8b3b4 , 77241436 , 49e0c63b , 1ce9bd6c , 9d21e928 , b982aaaa , 65741d09 , 356bfacc , 1388193b , d3192c9e , 00db8b76 , 2a097afc , 3ec397c1 , 163556fd , c3c2afe4 , d5d9b320 , ef0a9e71 , c8834399 , ac27e67d , e97bb00a , d2c03f83 , e11a989d , b9b568c6 , 47997f25 , 41727b26 , 9a34fcf4 , 6cf4466d , d9136118 , 94e1351b , 39142619 , aaa76d37 , 9077b6f7 , a80d0c00 , 6e31b5ad , af5328b2 , 4d23fb95 , 3a30b34c , f961a5bf , 87bdf6d5 , 786380b8 , 16ab2ee1 , 7f3b43dd , b43f1bdf , eeb7db6b , e258032b , a50b933d , 664dc2c1 , 46dd250b , d0107d4b , 61bedf5e , 04a6d740 , 3825bc44 , 5697ac90 , cc528b39 , fbdcafb4 , da2c2c47 , 6a498da1 , b7ce9f3c , a3da5346 , a942c8c3 , 29a5ac0f , 27d2379c , 8ef9218c , 91f20170 , b39a3d47 , 7f52aef5 , db4aa6c3 , 5ce1c3a5 , 52eca3ff , 1d8a3a33 , 9fc778cb , c9597ef7 , 872775f0 , 37a3b210 , c8be6407 , 25ad01ad , a9312d67 , 7bb1a806 , 932e7ef8 , f19edca9 , bd9f1fb4 , abe62693 , 4ff1a5f9 , 9f2fb187 , 49abc33b , b958aaf3 , 43a6ef88 , 4c116bac , 934f4e2a , a9531862 , db3f0e58 , f9e9631d , 06f06ecb , 7c44eb3b , 51956d28 , 0eaa0e0f , 7fd611db , abd9bf62 , 6041d92b , 8cc9a05e , f3dcae24 , 7a659360 , cc6a8813 , d996b7bd , 9f459ab1 , 3509c3c4 , cde0a645 , a8731933 , 926db0d8 , fa9ca113 , 2a610478 , bd1d8f8b , d1b4ec33 , 4df58eab , 34a6bca0 , 58d2083f , afcb1eab","203d373c , 135616f3 , 5a269f02 , b9a384e4 , b2f1aa00 , 010d46c4 , c3d29271 , 5c54dfc5 , 7f4c382c , ff3ebd51 , 7e21035c , 6e6e81ee , 2dd88b26 , 3f00b895 , 1fe178a8 , 17233c3a , 7dd0f005 , cedcc440 , f9b2d759 , ecfc2e97 , 2f0792a7 , b630d4b2 , d23e4b31 , 513a2c1d , 40af5939 , ad5accf1 , 2f889d84 , 8b2ef37a , 9aa3bce0 , 39df511a , 7a38b54c , 673446ac , cc9ad3c8 , fc18ba5e , 21606d87 , d560e34c , ca18cc07 , 3620d29b , 0590ada1 , 2392b509 , a4c1c45f , 2818f8c4 , aafba076 , 38965321 , 01c7a1c6 , f25804a9 , 885832c0 , 30193608 , 5b7f021f , 8118a20d , f9def510 , 66b75c98 , cc622482 , 00af1a62 , 72ca60a3 , 71f0718e , 70305fe5 , 94d87b37 , a72fa1c5 , 0a604478 , 23f718cf , 59f99155 , 0190bddc , 89722306 , dfc917b5 , 97000094 , 67b24d5a , 079cba37 , c77e434a , 7cd003fe , 18b05855 , cff9b80e , 0c44290b , 5738ea52 , 208f6399 , 977ccb20 , a829a3fe , e31622bb , d98bf779 , f535b6b6 , 2f420994 , 33757638","72d02f23 , 8ddf9765 , 91d6f9c2 , f65c3287 , 3fa96e80 , cb93d996 , 0ff637bb , 080bac77 , 48997418 , bdeaef76 , 8eec5a77 , eebdac26 , 35dd8d2f , 210c2855 , c82660c7 , dc695f62 , 85f8428f , dbbfab0f , a2c204c5 , 7e89cb86 , 030c5d56 , 1a2b2d5e , 9fbecc37 , 0818c2c0 , 544dd2dd , 6e78ad09 , 8761c7b3 , bc6234e3 , e0ec7294 , 9e3b222a , d3a17b26 , d8cfc0e3 , 8ec2a64b , 859f72c7 , 8d22e98b , 1ed2394c , a88931c4 , 95a6456f , c0b3dcc0 , 012a3afb , 9434bac4 , 2180e96c , 6ed65292","80624ca5 , 2d8e75f7 , fb711525 , 569d7dcc , 844d56de , 3ae8ae9d , e111fe4f , f93d3660 , f73e1eb2 , 1178e5b8 , 765dad4a , 8c2021f0","54515859 , 46d03f21 , bb29f9e4 , 3c7b7fa7 , e8dc57f2 , a5557419 , 13dc4579 , 2752501b , e8283222 , 59da856d , 9262eaa1","4412d1e5 , 01ba0350 , e33acfef , 33c49cfb","8cdc8af0",
"SP~50HK~20i (DUAL SUCTION POINT)","DONT USE","50,500.00","","4/1/2026","30","40","2f89e618 , 5f21c4cc , f0399dc4 , 5ffe1405 , ce6f688e , d2bcd6bf , e7a1a64e , 3dfb8678 , d7b1cd4c , 8065cdcd , 190bbe38 , cc82fb5d , 91686b29 , b658cea9 , 26ad93ad , 1e622e53 , 0c8404e4","82d96179 , 038f1650 , bc8b65a3 , 2837a80a , cc3a951d , baee9228","a5990a8b , 6a5eb4c2","532902bd","","27f984ef","",
"SP~50HK (DUAL SUCTION POINT)","DONT USE","46,500.00","","4/1/2026","30","40","732340b3 , 82d96179 , de178fe0 , 203d373c , 87a81278 , ca31744e , c2d07e9d , b9b61dfc , aa58d0e7 , 657a5756 , b9a384e4 , 2e14c2ad , 8b45dba2 , 601fbdf8 , 010d46c4 , 2b5bf7fc , 3037b227 , 35af1734 , 7f4c382c , ff3ebd51 , 366122a0 , ab97ffc4 , bf5811ed , 65ecd937 , d461b822 , 770513ce , 69e0c189 , 6c564d07 , 1fe178a8 , 17233c3a , 244067d9 , 73fecdc5 , 2f0792a7 , 6fbc4fa1 , d2020fda , ffee5516 , 41b342c8 , 8f80d967 , 179972c4 , 2f889d84 , d2dd379a , ffe247b6 , 4e484e7f , db54473e , 4325760b , 5d5ceebc , 51d74cfa , 3091dc28 , ea338af1 , 6debaed5 , 868856f2 , 72f7247a , 63bb5447 , 72ffc7c1 , 9d520e03 , f10d7361 , a1b5c177 , 43e23c47 , e9074f2c , d84bf286 , 0d198b64 , 3b6e76dd , 00061a01 , 4cdd0500 , 8a793de9 , 663888bc , 87e8164d","a5990a8b , 118ebfd9 , 624029ff , f81cb5b1 , 239c8c95 , 13b5087d , 2841c0d6 , 551a11cd , 9b1f7fc7 , efa44abd , d630fed1 , 4d004516 , 3a4000e9 , 365b19e7 , 6aaa1218 , 1b71e824 , 8b1c680e , b5c0b8cf , 085334f6 , daf82023 , f53ac8f6 , 584ece96 , 18a59eb5 , 6d270537 , b7372b80 , 3d65d630 , d39d5139 , b0d18c47 , 6dcbb851 , ef70ff9b , 4c005a98 , 00db8b76 , 90191614 , 6ea0f3ee , 7ca77e88 , 91f20170 , 18aebae5 , cfd90e72 , 054daa50 , 87dc7bac","c65aaaa0 , 84a7e905 , 463f3e07 , 673446ac , 6a35a60b , 31303b90 , 05445af8 , caae8b4f","e9577ca9 , 72d02f23 , 54515859 , 0ff637bb , 080bac77 , 46d03f21 , 48997418 , bb29f9e4 , 5c9e9e39 , 7e89cb86 , 9fbecc37 , 8d22e98b","7827cea1 , ef7bfe2f , 569d7dcc , e2a3a9c2","","01ba0350 , e33acfef",
"FT~224BK~SS(DUAL SUCTION POINT)","TWO SEATER FILING TABLE WITH 1.5HP DC & SS TRAY (24inch Table)","91,000.00","","4/1/2026","24","26","99b5d52c , 7a9d972d , 1940f211","","","","","","",
"TP150~CH (SINGLE SUCTION & SLOPE TYPE HOOD)","TWO STN POLISHING MACHINE WITH 1.5HP DC & DUAL BAGS","83,000.00","ABRAR","4/1/2026","12","16","66a8390a , e9577ca9 , 62290fa4 , 26a29731 , 07243afc , c17148e1 , 8ddf9765 , 3a6fdcde , 836d5b06 , bb04533d , cf9ac87c , 5f7e9f17 , 5f99a130 , d74dec29 , 5eb53c41 , 80965119 , 9f6d2357 , ef7905b8 , 9e9f8094 , a987f7fd , a94c9d70 , c64dc964 , 7defdca4 , ab1ed9bd , e98cff1d , 8121e0a0 , 136d4230 , 4d3fffb0 , 8f390961 , 46d03f21 , f020e821 , e648d560 , 7a09c50e , 9e13112b , 4f092656 , 232ffbcd , 41090cf3 , e454c782 , dcc2c821 , d308fcbc , d216bd96 , 01e9cec8 , ca910cbf , a0c5118d , 90b7f7f0 , 0b587fe3 , 0c18bad2 , b12ee820 , 44348b7b , 69295acc , 4ec2bfcb , 787d01e7 , 2b382e80 , 5be900a9 , dff3bd89 , a3fbea35 , 18e8c816 , d051e56a , c82660c7 , 22356477 , 8b62642d , 5cf4f0cf , ca047941 , fadc1875 , 4962127d , 737a38e6 , dda7290c , bc5bc84b , 7b79d035 , 07449f59 , 410aa832 , cc9b918a , ab936386 , fddd846a , 1ab3e015 , c62704b3 , 242c4997 , ae99721a , 52330492 , 4961fa93 , 3894bb78 , f3f7c0d7 , 854a4dc6 , 7eaf30b8 , dbe57953 , d78af7d6 , 841bc028 , ab10902a , e55c2f13 , cda9b315 , 834a602a , 1ac3140c , 6999c7e2 , 8c6bb24a , e9b8d3ae , 48c3d782 , a53e923f , eeb3a54f , 5b3c17ea , e2e1d498 , 9268efbc , 5432d86b , dfa61c28 , b3f35041 , 491f9f67 , 3aebe395 , 573d7732 , b7aaa2d2 , 6c4365d7 , 0af25e00 , 2cd4ea17 , 41cd8c95 , 97797080 , 3789caba , d30559b3 , de1a386e , 7ffe298f , 3645487f , 8ef7f89e , a7e01812 , 342e35b4 , aa2ad87d","14d5f49e , 052bcef5 , 608dcad6 , ab3eb03a , ed373ba4 , 3bfd21c1 , 70c69485 , 8a18202f , 6a535696 , c8fde7e9 , 4412d1e5 , b8bfc6ec , 3ef3a69e , 52285fdf , 3cd41094 , bb29f9e4 , dc387405 , 482a16f9 , 5e1b4e86 , 4cb3e840 , 393cc516 , 7794f1bb , e2216be8 , ca9e3860 , 07511d7d , 38fc6502 , 7de3f41f , 205914df , 08d5847f , db7021a4 , d3f82c79 , 5289496c , a813912d , 0e41ee74 , 7b676a93 , 9267b1df , 4cc5e322 , 84cd262f","461259d2 , 136c1634 , ba315e69 , 465690a0 , 6794dc2e , a6d746d3 , 4e8225f1 , c47efbd7 , 82a57c4d , deed5fa7 , deb37342 , a1774e68 , d2077233 , bc775f3d","c65aaaa0 , c2b835e0 , c9491ee5 , b9faedef","40a769e1","","",
"TP150~CH2 (DUAL SUCTION & SLOPE TYPE HOOD)","TWO STN POLISHING MACHINE WITH 1.5HP DC & DUAL BAGS","83,000.00","SHAILESH","4/1/2026","15","20","9d04bae6 , bea06099 , e3291621 , 4363c194 , 3afe5686 , f2eca205 , 37b942ef , e9d8ce67 , 03a77358 , 9723c464 , b6eec04b , 54515859 , 8023f3ed , 2d669ca4 , 3fa96e80 , b4584ad1 , b167110a , 28d7fc84 , f63875e7 , 26586605 , 6b57af2a , 8832f5e4 , 3645a300 , 9c83f968 , 56747324 , c6c3a3fd , be62c0ca , 18371fa5 , d0eb8e72 , dd6118d2 , 373cfdf2 , f5e6fce7 , eb153b76 , 35702a6a , 5af42145 , 72437bff , 01c063e5 , b87a8c0b , e8b9829d , 0cf87ad0 , 31e75df7 , 47199c8f , 6aaa1218 , 3544b15d , 9cf8653c , c23ca59c , ee6123b0 , 68dd0394 , b5c0b8cf , b9727391 , 0c3ce09c , b7097fa9 , 00d40afc , 9d51fcab , f5e34e47 , 5aad8276 , 248bc3d8 , 97252452 , 11b24ed4 , 41434001 , f9d520b6 , 13be66bb , 5d0770bf , 8f720244 , 05f258c7 , 392bdacc , baf2ac4a , c053ea0b , a63d5448 , 990e7b90 , da61dd9a , 6629feec , a0638428 , 8b2ef37a , 87dda0d0 , f2c17cdf , 669e92c0 , adccf02a , f79203ea , 98698faf , 5e0db6bd , 1ab642a7 , 2281b777 , 036f4659 , e291bfac , fd2bd159 , 482a16f9 , 5f27ec10 , 91b2d903 , 2a5e8732 , 64836f96 , f993da5b , 68ecdd88 , 06a7f4ec , bb611d1f , 0830d354 , 12a4d80a , f6f1a197 , 06479bb5 , c6212c51 , 17a38877 , 5c9e9e39 , 716d4495 , f1474ee9 , b0444279 , f9d66ef6 , b57de4b9 , d33ec40a , 9ec70d0d , 3fb49867 , 60e0c74e , 736ea002 , 00029ee8 , 7bfb064b , 4012e5f2 , 7a1e2174 , 3cc49893 , 14836711 , 532902bd , 210c04fe , f8c38410 , 29effa70 , 9b9f74b4 , efd47030 , f61b0d5c , b72fdd3e , 789dc17c , 3a3b1d70 , ed78f1f6 , 1aaf58fe , fcd36df5 , ddcf63b9 , 17b17d6c , c66dcd73 , 30d0586e , f74f1b84 , bf161a65 , b5700bd4 , 16e2cb1b , 4d06d096 , 973e373e , ea0428a0 , 5de41881 , ec5718f9 , 2c9af53d , 18a77ae5 , 60b481c6 , 330db189 , ed457bcd , 4c023828 , b205f8d9 , b8e88247 , 7e3d5887 , a1cdf120 , 44a55bc5 , 58851341 , 1198dd2d , af1af79d , c2586c32 , 1f44b9af , 1d05aecd , c9649bfd , 4abd3311 , 6179628b , 9b552640 , e3e40cb5 , 7f457e9a , 950239b5 , 54f3a219 , 156721d7","188b58ef , 800ff6f2 , 080bac77 , 7b6af720 , f020e821 , 90b7f7f0 , 82042061 , 0b587fe3 , 4ad0c4ad , a79ace59 , 70818b6f , 033da63f , a5c22e49 , 22381f19 , 67c55a39 , b5f46e8c , ea64eef5 , 2badc2d8 , b10500dc , 4fd2e899 , 118761ae , 782f21dd , 4e2cd691 , f10d7361 , a063deec , 2bf9eaf1 , d2149f39 , 65ec9240 , 569d7dcc , f0620e46 , cd901383 , 34b5b294 , 93004048 , cc2e53d8 , b1f48eb2 , d8c8708c , 2fc41e3c , 844d56de , 499b2004 , fe2e9c3e , e4c91ff8 , 9f1d6573 , 13e2eff9 , bfe51b1b , 56ba0055 , 37165590 , 505f21e3 , 80554560 , fa5a8433 , e18b48d7 , a6d746d3 , 7eaf30b8 , 0ddddd61 , 7fcc4d7e , 07bc4dbd , 7df498a1 , cd3e82b7 , 29f35c5c , b7aaa2d2 , d30559b3 , de1a386e , 7ffe298f , 3645487f , 39d836f0 , be06a822 , af4e774f , 51a344b7","608dcad6 , ab3eb03a , ed373ba4 , 3bfd21c1 , 1cb1497b , 3ec67eb1 , 2d27b1db , 31d19216 , 2bfda20b , a1764e57 , e137b9ac , 068db06f , fa1b1829 , f6e83576 , a7a08c2e , b74ca401 , 7b676a93 , cfbd1a1c","2d27b1db , 6c57acaa , 96e16db0 , 8dbb9004 , deb37342 , d2077233 , 538b4502 , 3cf72763 , 27f984ef , 0b0b51a5","2d27b1db , c4260470 , 45ce16b3","eebdac26","",
"TP~150 (COLLECTION IN TRAY)","TWO STN POLISHING MACHINE WITH 1.5HP DC & WITH FILTER BAGS","83,000.00","SANDHYA","1/1/2026","15","20","2fd80fe2 , b1c1b2b5 , c8bbccca , 72bb538e , f5a8b0ec , b1989181 , 1dcd2c54 , 926dbf1b , 78bdc0a5 , ded8d53e , a9f52e75 , d6d88f6e , 5ba536fc , 952107ce , b95cb54a , 42dcc36b , 6c708aa0 , c963107e , edf8e263 , 2f0d3a60 , 4d14d5f5 , e581e3b2 , 1c6c3270 , bd8ed36b , 0b601135 , d5d25dd1 , 2abedff6 , 1f586a15 , 62458f4a , dd50f302 , 7828a587 , 2c9e1348 , 9de3f2a6 , 1f3cec67 , 751c3f5e , 18b39ba0 , ded95ec2 , 538112cc , deb37342 , 208f6399 , 4d3977b0 , 9647f9d4 , 4678fc4e , 5b7e2dda , 712d40a6 , 42e941e6 , 30018667 , a31603c8 , cdbdedbe , 59c12dbd , 949df88b , f181c900 , 7801ab70 , 7f2dcf0e , 946fd335 , 1dd9ceda","807a0bc0 , 451e4d67 , 7afc3d23 , c38205e6 , e81c34f1","8a18202f , 00bc594c , 229d3f24 , c479d728 , cfa4e380 , ca8df3f8","7519da5f , 4b2b0a24 , 36a8ba55","","","",
"TP150~C (FLAT TYPE HOOD)","TWO STN POLISHING MACHINE WITH 1.5HP DC & SINGLE DISPOSABLE BAGS","78,000.00","RAHUL","4/1/2026","9","12","773d8010 , 44cccf16 , 610e9e38 , 8bdaad1f , 6f1b883e , 9a00038b , 3fa363ca , c7725b7c , c4fd6bca , 1d1739a6 , 544dc608 , 97ee58f0 , 6c4b6c7c , d043e678 , ec008201 , eb78af61 , 932e6eca , f8a32ff9 , 2d38ef97 , 408f9b08 , 4b2b0a24 , 2180e96c , c0b54ad2 , 08900f59 , 49fc9c93","ed47f0f9 , cc342638","","","","de1a386e","",
"TP150~D (TP150C+TP150)","TWO STN POLISHING MACHINE WITH 1.5HP DC WITH FILTER & DISPOSABLE BAGS","86,000.00","","4/1/2026","12","15","16c8925e , f0060f94 , 4587598c , 9a395eb9 , 8964ae23 , d07ce0ab , de621dac , 8eec5a77 , d23e4b31 , 153eec40 , 6344176d , 8e7168a7 , 8bb8bb5c , e6b88e5e , b7749db2 , 4fc9ad1a , 78e99e37 , 3aef9141 , b53a612e , 4c29985a , 5325651e , 42ed01ac , 2b53fd94 , 96cac0bc , 5d8d909c , 12bf63ca , cc2a18ab , 7d86c3e5 , 04a4cb75 , c37cc5b5 , c0aa31b1 , cfaf1bea , 39b4cccb , ff7923c5 , 7c1e05d7 , 9efade52 , 873c3d9d , b90be766 , 63836155 , fc15d32a , 4dfde621 , 6da32b75 , ab6121ba , 9a024243 , f068c37e , 0e854a42 , 6183b9b4 , 530ba283 , 7b766b78 , 3b808950 , 5cd97621 , 9ba1162e , a03009f9 , 26181ecb , edffa3ba , 6eac0c39","3d3da464 , 2b6f0919 , d52dff81 , 9bdd5251","70c69485 , 3c7b7fa7 , e8dc57f2 , 90bfece0 , 656c841f , f4ec0942","","4b2b0a24","","",
"FT~24K (SINGLE SUCTION POINT)","FILING TABLE WITH 0.5HP DC (24inch Table)","40,000.00","ABRAR","4/1/2026","10","15","40a769e1 , e30681dd , 72d02f23 , 8b90fb32 , 8778b4d2 , 689381aa , 6a02c3d8 , 0a4b6892 , f63e0568 , f1ebe328 , 86deebfc , 59006de6 , 34367951 , 50bf061d , e590b9c7 , 0ad7edb9 , 1e86f4bd , afb1ed2f , b72443a0 , 898fd10a , 79b300d9 , 6896cda9 , 3934f6c1 , 490b2537 , fcafe374 , 27cb6c58 , 6b26bc01 , 4d1cdeda , 9e95ee5a , 44ad4dc5 , 3e0f0b2b , 325af8d8 , 0ff637bb , 844d633e , a7aeaab5 , f9082ace , 2eae3dce , b7ff4cc5 , d1d0b3fb , 682779ed , 1c552972 , 87d6e651 , 48997418 , 74234275 , f3b893f1 , 933c144e , 69a239d4 , 4faf6016 , 12e88a5b , 8699762d , e8e19ce4 , 0dfe3dae , 9ce8c52d , d231c2c3 , b5776f4b , 6aa01e47 , 4b729383 , 82864180 , 292b6486 , 700ffd6c , 23b7268b , fc6efb82 , 79843834 , eebdac26 , 3c92da7b , 8995f098 , ca2c9e3d , ffd6bdf3 , cc022943 , ef7bfe2f , be304122 , 2a844ea3 , 22381f19 , 1d9139f8 , f5eb5c44 , cd588a1e , 590358aa , ad9f6d66 , 3b15fd03 , 18d6eebb , 1f10299f , 1d5d5afd , 95775b48 , f08cea1d , afeea6ed , 3127ac72 , 6c57acaa , ba209b38 , 4386c09a , fc18ba5e , ce9684ef , 69ed9bc5 , d1b35a1e , 6b3e1756 , ca29179e , 8c61f1b2 , e623b0a5 , c0a40bcf , 52a4085a , 08df2340 , c79908b0 , ab7a774a , d15091c9 , 6a8d7629 , a2c204c5 , 076c6479 , 70a5b16f , cbea7ae4 , 523ff4cc , 54244ef3 , fb5b542c , f351285e , 32870a35 , 7519da5f , e4d4754c , cc84349d , 7d90ffd0 , d6aff0c8 , 6e5512b5 , 96c7cce1 , 7e89cb86 , e97c4755 , 53359ad9 , e25abb30 , 030c5d56 , 3f802c80 , 0d5ddf18 , e17e4a8c , 725d26de , e2899bd3 , ca52d5e9 , 60e1a0d0 , 5781a10f , 44ccab7a , d3eecc07 , f099f40b , a5c8b56f , 144695b6 , 61fae4db , 2b6f0919 , a4244ca6 , eb459270 , 024153c5 , e8cdd02f , 99e0cbe4 , 55340bf6 , de59b91c , bd06be35 , 2c941348 , f28db1c4 , ce6f7954 , c1016a4b , ec0fc0cc , 91dd9ca6 , 50359cc4 , 4a6bc6bb , 0457338c , 12ca551a , 9cdffabd , ca364961 , dd10b5c6 , 1dc5320a , 2aedb114 , f93d3660 , 2fdc6353 , 97a275fa , 62b84c0f , 52bf56fe , 8ac87141 , 0a604478 , 2a2ca94b , 216181f1 , 260e818b , 2478e7eb , 86ff5170 , b5904831 , d8cfc0e3 , 7ffb820b , cffe7c1e , 6f21708d , 09abe655 , 10e4338b , 5dfd0735 , 443192a5 , 953a3013 , ab93c3f9 , 2b706045 , ad64883c , 6ca46499 , 751fc561 , 885ee63f , 4f5fb7ff , 3bdd3f3c , 33b306dd , b42a02b6 , e6498b1b , 0ddddd61 , 46124274 , 4c13485d , b2f168db , 6f27afa5 , 4ac2d8fd , 29396277 , e84fd1d6 , aaa6524e , ce4357eb , da33e92e , 971c979a , 0f462454 , a88931c4 , 7c7f9069 , 95a6456f , 13c0dc56 , 220fff9e , 44b00e3c , caa166f9 , fc723340 , c50f1cb4 , ddc82128 , 77348ac8 , 870d807b , 666cf161 , 37c84cd9 , 08d5847f , 6b908903 , ba7dbcd4 , e3347482 , baf06ecc , e2a3a9c2 , 4ea4172e , 49313bfd , 7b5f3608 , 97436c09 , 6d2315fc , 303043a0 , b124b974 , f88d1128 , 5738ea52 , bcf9bcaa , 172a6884 , 7154baa5 , a1985cb8 , b21f0e07 , 884e89a1 , d40260de , b326651a , bc07ceff , 2f4cb105 , 8a280870 , 0deb0c90 , b5871584 , a661bd04 , d5a83e59 , a04fe513 , 74c381b3 , d0e164c5 , 2da19513 , fe6e204c , ed44be5b , d083f092 , 8b8c7d4b , cd4df35b , 1aa6c53c , 8d48119e , adb0a4f4 , 8c5046bf , d2dff790 , e54fcc46 , fb157b28 , af4a17ed , 879f736d , 64ddd457 , bc579633 , 052dfe74 , c5b5356a , b14698a6 , 8a8c829a , e3a99790 , ee30d3ad , 2164140c , e26e91b1 , 2fd1220c , 51ba81b0 , 579c9057 , 3791ce12 , d720f116 , 871f00f5 , d57a051f , 49634f92 , 04299e3b , d977eff7 , 4f19e2d5 , 37bed553 , 5222a91a , aa6efa22 , 7f8d8f61 , 5fb80ec2 , efa59af4 , 32fbc0a5 , 611c88f6 , 5f232745 , faf0dbfc , dc32db99 , 08a15539 , 84a025f1 , 704ccb67 , 8048bdab , ba3b155c , 0ba22d18 , 1f1b5b11 , 161c9add , c57d52b6 , ad2ac0e7 , 39f199db , 2a38d7c3 , 7c92ad0e , 8a6e5fca , 44d4e34a , 07e4e587 , 2a55c821 , 64edb16b , c6b6ca6a , b07574ed , 0bc09c0e , 2c962092 , 54f445fd , 5ce44ac2 , 601029a6 , cc0d81f5 , 9b105162 , 641a8815 , 5e72c411 , e8257996 , 6e5cb589 , e6370601 , 5ff397ab , 092f392e , fef95718 , 206d0d6c , 5bc4cc0c , 655297f3 , 7aaa9469 , d4ed4f5b , dc99fce5 , ed4c2aa2 , b9ad912d , 25b80646 , 8e6fde63 , a80023d2 , 9a087587 , 0e5af73e , 846d6bc7 , 2fdef0fd , f839b9fd , 3b6b68bf , a7f74747 , b4ce3001 , b8df3291 , 2a132665 , b1a4a7b9 , 2ddad0fc , db71a55d , 8ce7d337 , 81581b36 , 9ab6e6a9 , d234737a , f8f52539 , a416aa2e , fffc9090 , 2625a82b , e53f1c7c , d8fe963b , 50b1ac94 , 120d9de1 , 7b274e98 , 173ddc0a , 88b0e052 , 7dc86294 , cc66f6b9 , 70b2bc72 , e9e283e9 , 628c6d01 , ca8df3f8 , f855c94c , bf935cdf , ab6ccabe , 4ee2e93b , 6ed65292 , 82b0244b , 15ec7e13","d2a1b3fb , 449814c5 , c673114f , 2d8e75f7 , 8cdc8af0 , dd7681d0 , 899ebf4a , 63c60f3c , bb0c301b , 3b22feac , 145a14a7 , 45c9b2e1 , 96c23801 , 8964ae23 , 8a35722c , 0130f10a , 13be66bb , 2cca29a4 , 5d000a3f , fd7261ef , ad3a60d9 , 8bb8bb5c , 9c2c153e , a7d3fbb8 , f743ca7d , 8503f05d , b0084c4b , c42bf83c , e001e950 , 61d54b71 , 528de361 , 2143ed2e , 28434b64 , 3fc52f11 , 80eb9b36 , 59d7cd20 , 0eb7392c , ae824d2d , c9103eb1 , 2f9be079 , 428c8204 , 410aa832 , 3922fb84 , b9287819 , e66999cf , 6e78ad09 , 8a223a33 , 11046bee , f0cee6d6 , a603ed8c , 9e3b222a , fa281cbd , efd47030 , ce2effb8 , c8613a24 , c0be1734 , eda196b1 , ddc82128 , 61b2ad6d , 03c79199 , b3c2e708 , d8304285 , 1ab69533 , 3328ea0b , 0b1efd2e , e6223195 , d4d58ba9 , 1886b0bf , 6de56905 , db0ca2bb , fc26e9fe , 813acbc9 , 4af99029 , 420a258e , ddbb8a81 , 83df8ef3 , 66ac95ab , 252c25b2 , 48bc507f , 2e05e79d , 4db85db1 , 6383a966 , ffd91b2e , 2f9e0beb , 0e6aaccb , c1444080 , be2ff1a1 , 1e30699e , 1fe51fa8 , a0a1449c , 004367fe , 01b80739 , f644885c , 8e289bf9 , cf8a1d24 , 86d5b93b , 1a36e57e , f5a5851e , 6cb81571 , 9bae9705 , d31e8dbb , 8922b0e4 , 2d2208ad , 98f97196 , 45232f03 , 2ffdbc27 , 7f32fe6c , 9b4f3f83 , d2a9765b , 9e151f06 , 09bae16c","80624ca5 , 26a29731 , c4935862 , fc7846bd , 139ca338 , fdcb969e , c3d29271 , 13d1257b , 800ff6f2 , 544dc608 , 3cd41094 , 4a46db29 , 4b4d2c8e , daf82023 , 313917ac , 91ab3ecd , e6b88e5e , 78e99e37 , 21606d87 , 2392b509 , 13f7c59f , b348363a , d7ac3af4 , 9c89ee89 , 793eaa0d , 2f0d3a60 , 8b424eba , 12a1df0f , a93b244f , b982aaaa , ba20fd4d , 6268b404 , e106c275 , f25804a9 , c4ebd646 , 2d38ef97 , dc54e6b3 , 7f8299cc , 393cc516 , 789dc17c , 08dc6818 , dfb1ab86 , 20d9183f , 74a11530 , 51956d28 , 79bddda8 , c34a37d7 , d16a9e29 , cc6a8813 , 947f90cb , f1a469e3 , db7021a4 , dfaae0d5 , 6f9a92f0 , cefeb837 , dd1c3cbe , c922c308 , 6922287e , 3509c3c4 , f131d3a9 , cf2c3552 , fce15e64 , 21fc7262 , 787280f0 , cf09453c , 94277cb9 , 03d18975 , 3e673a1a , 10578da1 , 18aebae5 , bf54e2bd , f3ea289c , cecb5ebf , 1b96412a , 4b826b63 , f068c3e9 , c805192f , 998b12ff , 820c563d , d0ca2634 , f2e30602 , 1a4c7853 , 3fe8a1a7 , 18434fd7 , 77c8a825 , f61fa907 , 89ca9912 , 47705580 , 6b6d9668 , cfd90e72 , 71b6823b , 982e658c , 8c74bea3 , 414ed853 , 0b688162 , 1276e38e , c0f195ac , 9bf10e43 , 6494d570 , 1c09d90b , 91f1b196 , 9262eaa1 , 8363ff0e , 6423b218 , 46b3f43e , 0d207fde , 45ec8534 , 24dae984 , 0a1fb7f1 , 55783fe9 , d67b8129 , 28449cf9","052bcef5 , bb04533d , 4412d1e5 , 74b11dd1 , 600fc716 , 033da63f , b003438a , 6e6dc840 , b9422bc6 , 00f7b63d , 2bf9eaf1 , fe2e9c3e , a5557419 , e9db0f01 , 6632627a , 79513b95 , 31b970a3 , af2655dd , 167d5326 , 7ec03996 , 2a097afc , 71f0718e , 050e35e5 , 471c66e2 , 079cba37 , d65000b1 , 10cd6260 , 0c44290b , 6ff5575e , 64e38fae , a58fe727 , 52a6fe6f , 9fcf2b7e , 0d64819c , c6689b30 , c915ded2 , f01cc22a , 0a464992 , bc2d82c6 , a813912d , d4bf26aa , d3b8c7b7 , 3c17708b , 2d4a0677 , fcfbb465 , cd4601be , 7bb604e6","9c83f968 , fb711525 , 610f8d03 , 8eec4121 , 56ba0055 , 163556fd , c3c2afe4 , d5d9b320 , 61bedf5e , f3f1b96b , e39887c8 , 012a3afb , e1cdfbf8 , c69464d0 , ebc83fe2","c130413c , bdeaef76 , dbbfab0f , b43f1bdf , 7c1e05d7 , 26725c12 , 5efde2b7","37165590",
"FT~24BK (DUAL SUCTION POINT)","FILING TABLE WITH 0.75HP DC (24inch Table)","44,500.00","","4/1/2026","9","13","1236a003 , 1a4f7b8e , 9ffa76f6 , 9f415c4c , 8536cbb8 , a02e299b , 1dac0841 , e3af2365 , b09eecb5 , 0a78a8cc , d6395fe0 , 9c72e4f5 , f8c90587 , d74b4a97 , 65b3befe , c4677d31 , fa7536ad , b2f930ef , b3e1f2ea , fb3b7be7 , da8c9f83 , 7a5d8a5b , c2bb51a9 , 733ca784 , 0009082d , e28d830c , b30215f6 , d1b8541b , 84a1650a , b9d7bd12 , 5a269f02 , 1f0dd801 , 5beb29df , 6b74ea4d , 382a409b , 98d6509c , 84bf54ff , 52f10682 , 0ac4a9f1 , 8daa4de8 , 8427162f , 84a2770a , d4e1b3f0 , 8a98941b , 5c4c273b , bce331e4 , b2475d43 , 28825acb , 79f3c230 , 6341157f , 30ca73f7 , 4b91bed8 , 1aa8881f , ecfb3277 , 13f6e05e , 6ff9981b , 7aafed1e , c41d64a8 , 0ffc1775 , c42cee25 , c745a8bb , cae2b1e0 , eef889d5 , 17a8fe63 , 986388b8 , 3ff3f8fb , d630fed1 , b7e6d116 , f9b1f1b1 , 7e21035c , 4dd59861 , 9fd15e9f , 6e6e81ee , da4fffe9 , 2dd88b26 , 5e712db3 , e971a5ee , c5e614e4 , e1599ffe , 19e4e794 , 42660bf6 , 0fefb94a , 96c23801 , bea61016 , d6d7215f , 3ec67eb1 , 7312cd21 , ac1faec9 , 66788ec4 , 23739ec9 , a515327f , c65aaaa0 , 5bb80c08 , 61f3b28b , 04728ea5 , 60ca55b5 , b1f18ac6 , be8b195a , f9acc1ed , 0130f10a , 012858c9 , aa41ba1d , a0d36e53 , 2b6433aa , b630d4b2 , a65632ad , 443fce00 , cf23786e , 7a50cc8d , 1a9a2036 , cdf1595e , 0d978d6b , e700da74 , 8673767c , 2c343f25 , 0ff8a89c , 3bd3b0b9 , e7d0e554 , 174422d8 , 343b1ef1 , 0aba40dd , f677463d , ebabb4e8 , 65f63e4d , 5d621e7f , d811d235 , 648d3af5 , 2cca29a4 , 5d000a3f , 0eca8f0d , fe595935 , 9226b3b4 , 5513cb97 , ad5accf1 , 335f6725 , 74d41018 , abdc0b8c , d23fc468 , 74f80b43 , 0ee98860 , e748e744 , 04fbc28e , 38159a00 , b497447b , 82d65837 , bea5a219 , 47ee416a , 65aaa5e0 , 473a825a , d5404650 , 474fab35 , b35f96e5 , 652ca9d0 , b4f82098 , 74023313 , 9083219a , 5d18167e , 5645add9 , 71dc1f02 , aa7b0cf1 , 13e5d66c , a105ae34 , 5592dd36 , 732913ca , 136fc9f4 , 8865d33b , 586a6997 , a7d707ba , b16e1bf7 , c1f2c35f , b0712d3a , 2063a0c6 , 14548bfa , 93f7f39a , 2851b9b9 , 1525890c , 9cfec16d , c43a674b , 83f9d16f , c30f2592 , 69289fef , 0603ee3f , 91745086 , a4c1c45f , 9b449716 , 93004048 , baa059ae , 241f0319 , d8c8708c , c35b00e2 , 1892116d , 90052996 , 58788ec5 , b7630f1a , 3a1bf94c , cd1e4351 , b025e079 , efcf5eb9 , 9cab5b96 , 30dcc044 , de0f4e37 , e58568f9 , 83eadd07 , f856a8f6 , d5004d6d , 5fa8c076 , 9016e44f , 6f5ea525 , 8db4aecc , 28e8fe1b , 1e8760f4 , 81f32d05 , e51a195e , 8f68f8a2 , 94afc6af , 8d747b60 , a9cdae8a , bd291e21 , ba448f69 , da6d79c5 , 83a0e5d4 , 59edad66 , 827dfc17 , 45c02fd8 , cf856a08 , 763226ef , e88792f6 , b5e8ac16 , d38cf0eb , b92c2b6f , 28434b64 , e6722ce2 , 100f1668 , ecdb55ff , b89f4422 , 5acd9ef7 , c9d83b76 , 2769e06f , ae824d2d , f9b525be , 875da89e , 8564774a , 09b0628d , f0ce1227 , f5b64970 , 15f91520 , bb7ba42b , ead0fa65 , 9b911d90 , 1d151fef , 9be30b79 , 658bdbb4 , 16eb985b , 188e84bf , a0c103d0 , 42f93479 , e16b3655 , 13a22b56 , 2c826c9c , 8f31423b , d0cd3796 , b6150574 , c0ca33a6 , bd57e0e1 , 3fc0d543 , de4414e4 , 5b872bd7 , 9465bc74 , efb44dd2 , ec91c722 , 70165261 , 5dd5fc14 , 4dbded93 , c213d712 , a6ef0684 , 68eef706 , 1d15b011 , 02cd66b2 , 30ccf815 , afa7807e , c701cec6 , 5bc111be , 74b30bf9 , 3a45cd76 , 67a0fa34 , b0c08329 , 8d2a3add , 96834ae0 , 3121b44a , 7a6885bc , a15018cc , 8a223a33 , 11046bee , 9f930341 , 5dbf91be , 752a4aba , 45b1185f , e37ea1c7 , ff7b4d2b , 360a2aa9 , d0cd844e , 334bf7ec , 1264e3ba , 683278f6 , 8878d1b0 , 7156d278 , a9bcb8c3 , ceacbe3a , dfcf0e0c , 16031446 , 31c97249 , 0df19a23 , 23f718cf , 83df426e , 6bf41767 , 3ee2698f , ceeece03 , d445af32 , f0db2214 , 36107a91 , cabe58f8 , d4959af7 , a2f63489 , 698f466c , ef861324 , c49a14d4 , 58554033 , 8fa1b413 , 4d936b8d , ba7be0b4 , 5262ab0e , 880bb2f1 , 81e55bdf , 7ac5f1b1 , cde0a5b6 , 54656e8c , 902b0e44 , 9948f307 , c1f448ee , ba82013f , f5cb33e5 , f44dd94f , 905e54c1 , 4d24e539 , 768a47f0 , f5b2c736 , 492d7567 , 562f5362 , 2e9622fb , 0c4525bc , eba49c97 , 7b300179 , 4e2977d7 , 27321a09 , 067d5b1a , 39d82c3e , 9e9bd530 , 70db413f , e6ef6e87 , ebe5848f , c5a9c1be , 80b6c351 , 288d6650 , ee1f606c , ee82d713 , d5c997ff , 73280358 , 391828ae , 10df41e3 , 7794f1bb , db4622de , 804f195a , f6e0390c , e593e157 , db2e04b4 , 965c459d , 11f492ce , 7b456b79 , c1d77ee8 , d043cf11 , 71c43d0a , 16a4e1b6 , 889a5e5f , a54baa27 , f7249bc4 , 7a4e946e , 807cd68b , fa5025ad , b3ebf329 , 9e68a090 , 9375629e , 00189b0f , 0146dc01 , 4f2057c6 , 5a293e38 , eda196b1 , 4c67291e , f5a6fc62 , aeb7ce40 , 4379afc7 , 0f08ff75 , a8a03d6f , 8e280af4 , 1ed2394c , 580b04eb , db225200 , e78baf0c , f997e205 , 4ab458fc , f998c4ea , 86b894a4 , 205914df , 67520166 , 26bab6c8 , e599b7d9 , 10d16779 , 5db98a15 , 0aa1f224 , 3030015b , ed816051 , 765dad4a , d50baf54 , 8c2021f0 , aacef242 , 64ada084 , 0e857e97 , 0f045ddd , 65e8e556 , ade108bb , bbf47a3e , 6c276f56 , 15e2b769 , 761b45dc , 732725a5 , ab02b1e6 , b0509db2 , e7b012a8 , dc804c4f , c8951fcf , 6db23df5 , 3a97093a , 04c175ab , e2e8b183 , a9ebd86b , 16c7f464 , 65b4921e , 6ffd1acb , ef4baaab , 8fdab969 , 7d5b0800 , 177b20bf , 0d1b48e9 , a37e6db1 , 04a0d3dc , 977f16b7 , a1f404b8 , 01d751bc , 43f2c53f , 977ccb20 , a829a3fe , 03c98a61 , 448e430c , 62bd346d , b3c2e708 , ed5538b4 , 6129816f , 7a260cde , 5fab80a6 , d10a870c , cc04a926 , c00aedbd , 2b708c82 , b75c21ac , 33007c06 , 48a196af , 5cd42b8f , 93d1d6fd , a1c4f8c4 , 1b27e1b9 , b96c3711 , 3f64c510 , c41a93a8 , 3ab3d37f , 0120d62c , f36318a9 , f2d42f25 , 1d9ab635 , 84c7f383 , fd7baac8 , b6c6782a , 00ac7d28 , 9e7a5ed0 , e57310cd , 06bffbed , 48eb3504 , 499f94d0 , b50dc068 , d8304285 , 30ade9b4 , a514ed08 , b7b73e26 , 7cd1c0ad , ca747adc , dcfbf2b2 , 23e4411d , a1774e68 , 7d5562da , f9630012 , 551808a7 , 67cb3de2 , ea9d6046 , 15d6f72a , 30095357 , 933c6dc1 , dcaf1f52 , 6bcc53f8 , 5dae53e0 , 8f541065 , 65f618fb , e4857edb , d0b73d5e , fa808ad5 , c234e966 , d4d58ba9 , d3151ff7 , 59b7e7c6 , 12c45e1c , a068106a , ad62a692 , be4de360 , b29b9be3 , 36cf5f2f , efba53f4 , 800d121c , f52afa82 , 97277197 , 64f0a876 , 556389cc , 50c251ef , 829a6acc , c55285ee , 3740a96b , b0a97d30 , bfb9b788 , 6c8fd1a2 , 30da104e , 6a2ab1e1 , d61ff7bb , fb8be2ec , 22027e7a , 313146c5 , a68786ae , a7c5a6a2 , 913d8172 , 2c04c822 , e641dd31 , aa40c676 , 120b0775 , 068db06f , 7ff2fe31 , c828f9c3 , 2817e1b8 , cba63427 , e2c73868 , 34214ba1 , 83fcb1b4 , 7577e0b1 , 7f7c2865 , 3d7f8f1a , c4bf2d54 , 20074229 , dc14bcde , 9e25e1fd , 455c4c2f , eb9dfc5c , bc5f29df , e9e72d65 , 0e790a3b , 4af99029 , f6008c08 , 95c39742 , 1fcfc374 , 6bf50126 , 7e15cb00 , 38ce0d27 , e91e770f , 571fc931 , de9c0f69 , 952f8c85 , 0ba64a02 , f7576a65 , 4b7f940c , 5ff68665 , 80c1a7eb , d2f8ebfe , 5b8021c7 , 7bd1c817 , 418f3558 , cb8104e1 , 3acff7bf , 8f14acf1 , 1e40bf39 , 1b01646c , 8f4b5843 , ddbb8a81 , f6c44459 , 78d645ea , 9d298a07 , f119a511 , 452cb896 , 9971d1cd , 7435c157 , 399df950 , 83df8ef3 , 5e6b745c , 8bfa13fa , 2ed60f65 , ad8179e1 , cc6bbf6b , 5f7d6834 , 64d6068c , 66ac95ab , 572bc685 , 2945044b , 257401de , 50f94d29 , c0ba3059 , b80e5f8c , 13d52663 , 9f72ebc0 , 755c6ad1 , ced6962e , cc3a951d , 30f58340 , 223c4881 , 1c01ee5b , 9c0f2ddc , 5289496c , 50a3dd76 , a91f4df3 , 2c86380d , 8dd780b0 , 6b2222ff , 31fa9782 , 23c59bcf , 790441c9 , 3061ad7c , 4a2925a6 , 4e2e23fb , 8518a6f1 , 0e9c5832 , a88a025c , caae8b4f , eacbdea4 , 054daa50 , 1c390cee , 857e7dd9 , d575e6b3 , a0526897 , 1b432b20 , f434cccc , a979791c , 61b11f08 , 4d88ccc1 , f4d12beb , 368b99fe , 497a0f67 , 6c3b81c1 , 332a973b , 27b434d0 , 02789d3d , 74ca0f4b , 4db85db1 , 7b5e5048 , aa9db804 , 728f1fe9 , e316c5e1 , 20a4e525 , 0baeef9f , a6e7b137 , 913f73fa , ffd91b2e , cdbbe18f , b4e2589d , dba23232 , 2f9e0beb , 080cee8a , e3756045 , 7610aaf8 , 16d5869f , b1824534 , 179578a2 , c00a49fa , 52f349a9 , e0fd393b , 051115be , ff3d406c , 30fb6673 , 0e6aaccb , c1444080 , c38205e6 , 6e1255df , 7086a13b , 86772a69 , c380fd6a , 01743d3e , c80eb0ee , 30400a82 , c4d24ff4 , 044f5851 , 43808a9a , 6f835ece , bf5f1bfe , ec2734e2 , cb6c7ca2 , 81dac8a8 , f071a295 , d0dbdf83 , 872aac2d , 214b6202 , ac899aa0 , c2397014 , be188d14 , c64481dd , f12a3fd9 , f4648e6c , cfbd4d75 , a8b4ce22 , dcff0d6f , 62ae99b5 , 7af0f2ad , cc230acd , 20ebbbda , 4fd5b88a , 58899dab , 4ae45f69 , 734767d2 , c795c426 , 85a486cb , 3d578bf5 , 5a6f7006 , 1e30699e , e2886935 , 97376ff9 , 0a8ce60e , 004367fe , e4d933ab , a7481ccd , e4081120 , e0082026 , ed220c21 , d89d1162 , 9bdaabff , 64478479 , 1a877262 , be39bfbf , 302a3a18 , 24897655 , 20bca2dc , 35196326 , ce9c7130 , aaf8a117 , 0a419d88 , f885192a , 288651ff , 54c14fea , 3903c0d4 , aa8902d3 , c04a35ad , 6ed688a3 , b70541d5 , 636b0f1d , 761ac7e0 , 6dcf337e , ae2e1442 , e307b651 , 896180f8 , e6300ef0 , 0d77a984 , 018abf4b , 80609aac , 9de90be9 , 1b57e1eb , 6358221e , c9899734 , 82817f43 , 8138c1c5 , 7559d392 , d2108fd1 , 4281e05f , b274d04a , afd5051f , c07ee7d7 , a91f7178 , b47c489d , e069322e , 31f2d4e0 , 4c944554 , 86b900bf , 126d10a8 , 9c03829c , f7285c68 , e307c437 , acbc383b , 10a30f77 , b0479d22 , 15aff67c , 64746924 , 3cf72763 , d57e260c , c0cfe7c8 , 6190bb13 , 8128765e , 4d5d62af , 61555a8f , bfc46705 , c4260470 , 2c490d68 , 4f2fdf7c , 749fee57 , 7ea36f05 , 2ded1dba , 2681616d , eac46da2 , 537b3354 , c02a5f57 , 53b07f5a , 1368bf6b , febd9d6f , ba4f6b72 , 0eeb5e2b , 56b43a4f , 1b8db9ec , b3b44849 , 60777dd6 , 0fc5fadd , 053fc7a0 , b9bb15aa , 02e2a29c , 387f24b3 , f2fa764e , df86deaa , a0a46622 , cf356593 , b597cb21 , 0bbf9e23 , 04507f64 , c7f2b4c7 , f4a2f0bd , 2625c334 , 5ee40f68 , e37e7506 , 30e5dc45 , d1be49b6 , 822f31ce , b62804ac , b60fc16c , fd752b79 , f9738604 , f7c19266 , d6e6ddba , e65bcaa0 , 8569f629 , ee88dc7a , 33bd527e , e1bfeecc , 3855de2c , f3f912c7 , 17ee144e , 384a4e47 , f139dc2c , 749385de , 540dbc15 , ee607b32 , c78ce12e , f3326ca6 , cc9ffb0c , 57bcef61 , 3e0b1272 , 3c748214 , 5bfc5573 , 2358159c , adbdc657 , dc935d69 , 90f7d98a , 3e1d809b , ff0a4a80 , 8609d214 , 9e2152be , 1fd913fc , 186a2d99 , 84d402ea , c6f0861b , 2cedc24c , d5bd4a04 , 2e34944a , 98f1bb6c , f8a70a62 , 42e953cb , 3f65d3b7 , 346fbb6b , 1ff2056d , 9d5ddd49 , 45c369ed , 9c4aad0e , ecc603e5 , d1ed974b , 21d88045 , 9bf03a6d , 401ae809 , ad0cd3e3 , 10cf9dbd , 9a3fed2f , 822d0817 , b19c969d , 05ad8ebd , 90d50f43 , 3bed55b2 , be8e8073 , 1f26ea0c , 90a49cd5 , 5a690f5d , 7e2f30c6 , 4071cb0c , de57800f , 510ab8af , 33da84c5 , 895f7df6 , 45ce16b3 , 546e70bd , 8014486f , 25045fa6 , b1a94982 , 29e4691c , 498a4285 , db2c5dba , 6e83162c , 1ec86076 , d6915443 , d8f12e40 , e8347c64 , c744e800 , 2c06a91b , 16e0a800 , e8730bbc , b0ac61a2 , 06f0def2 , 7be924f3 , c7189330 , 6fa705f8 , 84b4391f , 60787512 , c1b36145 , d446f594 , 0661567d , 19fbeda2 , 1d2c7ca8 , 6697e5b7 , 8761d41a , f8161317 , a9d25107 , 9409f137 , b2ca55d2 , a6a5eb35 , c21c2d72 , 366d34c7 , 1b5a6709 , 28b67b66 , 1bc1f656 , d315aa59 , 888a7dfb , ded8f6ad , ac0885d7 , f5459b0a , 1f3e7009 , 4b721fd0 , 8e83e12e , 49819366 , 2bf1d3d0 , 9d73df7a , b6fd0289 , 9de250e7 , 2667c015 , b9ce575d , 49de9263 , cc9db448 , 56de8e1a , a1f5a35d , e1c53b8d , 9c52e733 , 8f98f90f , 90b53db8 , 1ee1b867 , 36390939 , ab94079e , 19c35e3f , 6a660427 , a82eda91 , f6fa8c34 , 33e1b1d2 , 9c8735ad , 91e49a55 , 6cb81571 , 7b3b437c , 6e0c91f0 , 629a9382 , d7d36e3c , 3da39d83 , 46443277 , c176eebb , 07ef13f6 , 10e455cf , bff04b5e , dcdfcfb0 , b96a6008 , 2ed26fc5 , 1ff5b77a , 67434ba2 , ada68251 , 090adbe6 , 8804907b , e3c55144 , aadc45d1 , dd9aab3c , acd95c27 , 22bd2be9 , effdf822 , 21429ebc , d21b98a7 , 904fe300 , 5364a1ea , f59fe5bd , ecb454aa , 64a87566 , 5ec6d146 , d64ba6e4 , 8ae659d6 , e3a6196e , 403d7ed2 , a5d31454 , 2ce666c5 , a096627d , 7de38aea , b6a7b873 , 8aec58c9 , 6fabb0df , 8922b0e4 , 2d2208ad , e711de19 , 98f97196 , 1779046b , eb7b280a , c22de626 , f2e511e2 , c2776dc4 , eb70c1d1 , 51a344b7 , 27f62c39 , 65163060 , 7a7c77cf , 7c64c766 , c19b26c4 , 9b2d70e9 , 25b322fb , 7f18e89e , 7019f37d , da9cf0dc , e9404e76 , 66da1312 , 56e358d9 , 60c065bd , 1b20f840 , 9267b1df , 4cc5e322 , 7b967e65 , aa4f93cc , 1e9dd536 , 5444bb14 , 3287b7e6 , cad5e833 , d5f2d4cf , 0538852a , cdb2d3df , 9fc136fc , c35b53e5 , c776c1ad , a5a2002d , cc342638 , f2fcceed , baa49082 , 6d9d5040 , 695315d6 , b9315ca2 , 14c16caf , 7bb604e6 , cdc98bf9 , 0959056d , d3c8d5a9 , f3473f00 , a3099382 , dd0ad41b , b32b2696 , c44a1dad , 1d274e23 , 242729a5 , 8ee68f0c , 5e126afb , 2ffdbc27 , a8a70aae , afabcf0e , f99371ec , 8fcb0e34 , bae1babd , 49eea979 , 50af7777 , 82d192a4 , ce124b4e , e19c658f , e5cb17d1 , 79db7c3d , 867cdd73 , 3c7c5258 , 124e0e75 , 3ad2eea5 , 6be2c957 , 7d3c954d , 470798da , d4b06ec7 , c2e302d3 , 9bcce0de , 452672de , 5e6ac304 , c727ee21 , 4c7f98bf , e3f7d816 , 524bb6e1 , b2df5dff , f221e91a , f1b4073c , 41812f8f , 25a1d449 , bb98629d , b6afd5f8 , c25e1b16 , 81dbf780 , fcb494ba , 097300f6 , 92cc7138 , 6726b688 , e55eda36 , edf48963 , f9e0bd8a , ec173b4f , 418eb7d8 , 9dfecdc2 , 47c73619 , e31b2eb0 , 0da18020 , a8cd6f9b , 357f4e40 , 57ec3ee5 , 91b01486 , 8b92ed09 , 42e128a1 , 55783fe9 , eb202aa4 , b6e5529b , b2489a45 , ffdc2301 , b738cfc6 , 2b810f6c , 033ba163 , 5c373cbd , 33edb38e , fdadff86 , 7fd1d280 , 2c588b14 , acd2b7d4 , 32870622 , 9d6e904b , e2c84bf7 , ebaf9de8 , e638c489 , 2a9170f7 , 60c28321 , 83c30989 , f4ec0942 , d9649e94 , b9cd1c76 , 6e41cef0 , f795caf2 , c37d9a00 , 50a67d28 , 8a040ef1 , faffdcf0 , 075748cc , 9adc7144 , 5ca53c74 , 6765d740 , 964a71be , 7880128e , 7f4d86db , f3ba8b63 , 4d515e9b , 7d12b455 , 02af00a1 , 5999bcc8 , 8cf7d267 , b16479e7 , f9ffa61e , d91c7b2d , 1a9191eb , ab9cb965 , bad706cf , dfe3c55e , 17c44697 , 0d567fca , 2f730cd6 , 1fea0fcb , c47bf152 , 00a78652 , 57fffe6b , 048182db , c77ce874 , e9bd0e47 , afa59785 , 9440ff85 , 2565614e , a5eccc8b , 2b4bb252 , 18a10bb9 , f060f700 , eeccce49 , cbeb1865 , b78eac64 , 9c7ad4c7 , bca0bbd6 , 580a22af , 05080c7b , 2e58e466 , ce023483 , f4249f4b , a10f7710 , d739b8f2 , 9e151f06 , 3aabfdb7 , fbad8b38 , 5f885bcb , 70cc7e8e , e865e85a , 7d9f96cd , 273d35e6 , 2bb0d169 , d2519897 , cab66e33 , 77a502ea , b6c70ec5 , 3b5e6a16 , 0d2dd956 , d96a6d3b , 13a8a7c7 , 7fe35609 , b36473f8 , f428d46c , eaec1b75 , cac173dc","40a769e1 , c7268484 , e30681dd , 908d4391 , 72d02f23 , 9816f334 , 28c7bc38 , 689381aa , 6a02c3d8 , 9d016e50 , f63875e7 , f1ebe328 , 34367951 , 8da2fe5d , 6bc8acc6 , 0ad7edb9 , 5eb53c41 , 80965119 , 9f6d2357 , cc9ea0be , 8daa4de8 , b72443a0 , 25014cb9 , e994a02e , 13d1257b , 79b300d9 , a94c9d70 , 6896cda9 , 490b2537 , 27cb6c58 , 6b26bc01 , 44ad4dc5 , 0ff637bb , 67b493a4 , 95949b27 , a1265ed6 , b59ac241 , 844d633e , f92642de , f9082ace , b7ff4cc5 , 6c564d07 , ee6123b0 , 68dd0394 , 8332ff78 , 73fecdc5 , 8ce12528 , 48997418 , 74234275 , 46418034 , e454c782 , 933c144e , b7097fa9 , 9d51fcab , 69a239d4 , ec008201 , 6f73bcc8 , 4faf6016 , 12e88a5b , b04f69a5 , a454c014 , 03ef5bff , a6b68109 , b5776f4b , 54948ff2 , 153eec40 , 02fed991 , 6aa01e47 , 4b729383 , eebdac26 , d6d88f6e , 1ab642a7 , 64963ea5 , ef7bfe2f , 7cf6e721 , 9875061e , 6ae04e0a , b6f90304 , b7749db2 , 3b15fd03 , 18d6eebb , 1f10299f , 1d5d5afd , f08cea1d , 5bb0f085 , 6c57acaa , ba209b38 , 4386c09a , 7aba5e01 , b06c025b , 7f1bd9c5 , cf960c60 , a3ec3743 , 1ffd42bb , 076c6479 , 94054ef6 , 8b62642d , 9dc375f0 , 94377e2d , 32870a35 , 7519da5f , df7c3cfe , 8032d0cc , cc84349d , 1ae1491e , a93b244f , 7e89cb86 , df742691 , e97c4755 , 53359ad9 , 46d812d3 , 7a1e2174 , 0d5ddf18 , ca52d5e9 , 60e1a0d0 , 14836711 , 44ccab7a , d2c03f83 , f099f40b , 47997f25 , 144695b6 , 61fae4db , 7da2d0e1 , ae38229b , 024153c5 , e8cdd02f , 408f9b08 , 6e3336d0 , a75c98ce , f28db1c4 , 0d52fbe3 , 0457338c , 38e0181d , 9324d729 , 12ca551a , ecd5ca99 , 9cdffabd , a376cd2d , f93d3660 , e2948173 , 586c7be1 , 97a275fa , e0ec7294 , 80e3e665 , 7e889c63 , 216181f1 , 260e818b , 86ff5170 , b5904831 , 3a3b1d70 , 348e537c , 8522ef67 , d8cfc0e3 , 7ffb820b , 220e01f4 , 6f21708d , 09abe655 , 940e0ae8 , c8d36734 , 97fbf37f , 37810b04 , b7ce9f3c , 27d2379c , 0697854b , fd21ae4a , 0fa702b4 , b00a9b63 , 2b706045 , 251092c9 , f819087b , 6571bb80 , 824ce167 , 3ab4392d , 502bdf0d , 5a970a91 , b012c8a6 , 4b230378 , bf78b4d2 , f3c07b83 , 33b306dd , b42a02b6 , 4c13485d , b2f168db , 55bd4b68 , bd9f1fb4 , 6f27afa5 , 1ac3140c , e84fd1d6 , f5acdf55 , f4e28ae9 , 0287b384 , 971c979a , a88931c4 , 7c7f9069 , 13c0dc56 , 220fff9e , caa166f9 , fc723340 , c50f1cb4 , 7fd611db , cc9577d8 , 11599af2 , c79b68e4 , 6d0c9e98 , a1cc4199 , 77348ac8 , 21ae3b87 , 280accfc , f01b3d39 , c77e4e25 , e9b8d3ae , cd8b145d , 25fc3948 , 374de579 , 666cf161 , 4f9ed147 , e8858dee , 30c8fa62 , 69ab65b3 , 18218122 , f78f4b97 , f55313b3 , 6d29d34b , a951ec9c , 6b908903 , 5a9bad8b , 7b83cce7 , c8f3b581 , fcce1ea5 , e125af05 , baf06ecc , e2a3a9c2 , 4ea4172e , 49313bfd , 7b5f3608 , 97436c09 , 0af6d309 , 7154baa5 , b21f0e07 , d54047aa , 8164c8de , 884e89a1 , acde4ab6 , 0a297800 , b326651a , 796eea05 , 4a61cb98 , bc07ceff , 2f4cb105 , 891ee466 , 0deb0c90 , fa0e9b07 , d5a83e59 , 74c381b3 , 6ad09351 , 2a62a0d4 , c50c59d9 , f2021b27 , aff9e82c , 204a6f87 , 487d9dd9 , d0e164c5 , 2da19513 , fe6e204c , d083f092 , a7ffcec4 , c018fb1f , 1eb82b76 , 441b7160 , 8d48119e , adb0a4f4 , 8c5046bf , c00ee605 , d2dff790 , e54fcc46 , 95b85ff1 , e0c08872 , fb157b28 , 4eccc68c , 2f29ed2c , ad82159f , 59e6996f , af4a17ed , 879f736d , 64ddd457 , bc579633 , 052dfe74 , b14698a6 , 8a8c829a , b3f35041 , ac7ce454 , e3a99790 , ee30d3ad , 2164140c , a20488a3 , e26e91b1 , e6703279 , 2fd1220c , 51ba81b0 , 579c9057 , d720f116 , 871f00f5 , 04299e3b , d977eff7 , 37bed553 , aa6efa22 , f05d040f , 7f8d8f61 , 05d80201 , aa62591f , d1e0929a , 5fb80ec2 , 32fbc0a5 , 611c88f6 , cf47ea34 , dc32db99 , 08a15539 , 2320938c , 69c5b128 , b2f316f7 , 0ec5ba32 , 06b02858 , f6927f79 , efa389ee , edc65bf8 , 040fa229 , 04a1c3fb , 30a96bc8 , fd533cf6 , 9d3d4988 , d2bc9956 , 0ba22d18 , 1f1b5b11 , 161c9add , c57d52b6 , ad2ac0e7 , 2a38d7c3 , 1ba8bc8d , a1429aaa , 7c92ad0e , 4a76c29f , dc1f9d92 , d0338110 , 899d6529 , 2a55c821 , dcd89f55 , 334f73ed , 62577ff4 , a8731933 , 794c81ab , 6ba5b659 , 801ee5a7 , b07574ed , f8692e46 , 0bc09c0e , 8ad19c03 , a96f4602 , bc2d82c6 , 059feff8 , 10b5ef5a , 2c962092 , 5ce44ac2 , bf589790 , 601029a6 , 148df7f6 , 26c77745 , 215954fa , 1dfe2f89 , 641a8815 , 3ce14078 , f1225720 , 8e6da56c , 945bcca9 , 1c63b727 , 5e72c411 , 158f184f , 51f09626 , 9c4cfb76 , ccc0ce6e , 930a9509 , ddd82571 , 76eb4a1e , f4d2bc41 , 4052853f , 719cac89 , 06fd15cf , a0c83df8 , 4989ee9e , 813c3ede , 0cc91615 , eaddcd04 , 85f1b06b , f38144bc , 0daee318 , 552e7ff5 , e4d04dcc , 6e5cb589 , eb154be6 , e6370601 , 5ff397ab , b40ce2f2 , 092f392e , fef95718 , a2660d1a , 206d0d6c , a4d46afe , 40ca4264 , a788a143 , 754de6fc , b736f41e , 7aaa9469 , 9363ea6e , 78319e5a , 32cc6298 , 272d8247 , 8dde10c5 , 9070d54c , b666ce8f , 028a738e , 9ec50265 , 085b3d27 , f26474d0 , 6442be20 , f75d016d , 14e4c288 , cda02bc8 , ed4c2aa2 , 4c454f6c , 9e40598d , b9ad912d , 48de1d66 , 6b14438b , 97d90651 , 9f546320 , f79f3a45 , 25b80646 , 8e6fde63 , 54087e5d , a80023d2 , 9a087587 , 0e5af73e , 374dbfdf , 59da856d , 1fdc6f5c , 38563b35 , 7ec18bbb , 95d26834 , a540abe1 , bb37ddca , 710b6dbb , 020f6fc4 , 90dcb9e7 , f0e06fc5 , 9199cd01 , 4bde753d , 8b781aea , abe598b0 , f08644fd , 976df217 , 9db3a99f , f839b9fd , 1c883383 , 2b848e72 , b8df3291 , 9599ef17 , 3a4e9480 , fecbf994 , f8bebfd0 , 0d91fd02 , eca5fe81 , f145140d , 0ae3271b , 116d3bbf , cb7981ba , 72323922 , 6aa48d9e , 74ff3057 , e204dfc7 , 4e5d73a3 , 2e9d28af , 5c0adc44 , adcda2d7 , 6779dfd0 , 96ef1264 , 578ad05f , cb4c608f , 8ddc7f9e , 9bb9df4f , cdaf16e1 , 2cb088fe , e949ca4f , 6b2a7cde , 5dc3f148 , 28839dde , 639fe428 , cc366cbe , 91756215 , d234737a , cd997033 , c6d30238 , 156d4c17 , 100be085 , 40e81e84 , 9a6a4d7a , 2625a82b , 5789e2f6 , c0fdf3da , 625e356f , f40d3f27 , 1ac6e35e , 18e8ba12 , a1caef89 , b5df942b , cba0bbf0 , 1fdf8fd2 , 01a06fc8 , 3873ee39 , 7b40d612 , 712cd8b8 , fc6e66b0 , d35d0833 , 25bfadab , e22760b9 , ad56dab5 , 2753f38a , fe4a7d02 , 5a44eadc , ebbe5746 , f70fe641 , e01f7796 , 702cb9da , e2e2950b , 82d482b2 , 40f7db7a , a36a197e , e3b71ed8 , 88f45aab , 9e494e4f , f5f3ac2b , 562379df , f3081457 , 36b80528 , d167e243 , 1b33c9dc , 3afc0715 , 7e96b4c2 , 77b6f20b , d7fe854d , 4929b8c7 , b6229313 , 6bbf350d , 057aea68 , 0cb01997 , b1f24528 , cbf7d827 , 15b7682e , 173ddc0a , f60a9140 , 382fda11 , 7de2203f , 90654a7d , 66a01e2a , 5076557c , e7d66d31 , 23d06a0c , 14f86fc9 , 81d233e5 , 7ae165a7 , 4ad42d34 , 9ba1162e , a902565a , 5d01589e , 155f9711 , 6eefa701 , 0d207fde , be5c1a8c , 13635ae1 , 65e32d1c , bec99b26 , cb0b52b9 , 04a4a8ba , 2a095352 , aadeb979 , 2d7f71bf , 8226a0d8 , adba5ac9 , ef2acc14 , 0b747ec6 , e9668b6a , 70da6ed5 , d86a267a , 40101174 , 64676b27 , 1a33b281 , 0d6d3eff , 4f3b3fee , 979733fd , 495f2850 , f7f9a044 , 3c82fd2c , 6279e51f , abd1081e , ca8df3f8 , 6d34d276 , 20952c55 , 899249fa , 6f64b281 , 5bdf1426 , afd5da55 , 833182fc , 5a75bb0d , 634bcb72 , 4a9bbe0c , f8dfdf8a , 88ff8d3a , 429c88bd , cf98726f , f85adedb , fbe38a67 , a7e01812 , e8e668b4 , 64848bf6 , dfb534eb , f8ad24d7 , 4b2dbb15 , c8b25adf , f855c94c , d07c58f7 , 5058a8cb , 5a5c3cd3 , 827cc5a1 , 71fed889 , 26181ecb , bf935cdf , 41560b3c , a65fd301 , 9a19cd0e , 63427b1a , ed3d60ba , 9b04e89a , d67b8129 , ac7511cb , d9cf31d2 , 658a6a32 , a51a5117 , 9ebdb785 , f1753fa5 , 3bc2f64b , 49ccc738 , 74c21d0f , 315dc153 , 3dac6667 , 6ed65292 , 7cfdd31a , 9054396a , de07b641 , c4ef96b6 , dba3b77c , 3ddd3328 , fda19743 , 7015bd33 , 1ebb9776 , 0e0863bb , bb61f2a2","69543c34 , e9577ca9 , d2a1b3fb , 07243afc , c17148e1 , a1e6a461 , 1565f7c2 , e9d8ce67 , bb04533d , 69896281 , dd7681d0 , 26586605 , 0a294cd2 , 9f273677 , 135616f3 , 2a58f95e , e5245b36 , 899ebf4a , 80965119 , c3bb04e6 , 63c60f3c , bb0c301b , 30e2aa2e , aff5aedf , 918e1ef4 , 3451bd7b , 0b7819db , 3d591668 , dbc6b83e , 9e95ee5a , a159ed9a , 9cf8653c , 8a35722c , 4f092656 , 1c32adcb , f5a8b0ec , d043e678 , dcc2c821 , d308fcbc , eb78af61 , cc6f2454 , c2e04c90 , 74b11dd1 , 600fc716 , 0c18bad2 , d17010f8 , f59bdcd0 , 8328600c , d43e38b2 , 787d01e7 , b003438a , 8bb8bb5c , dff3bd89 , 2a5e8732 , 4fc9ad1a , 78e9f7d0 , ea64eef5 , 95775b48 , 3127ac72 , c483eda4 , 945b033a , 712483b8 , f96a3dc8 , b8b29863 , c418ae6b , fc4e63db , ec11a571 , 4c005a98 , 88cbb196 , 23fca864 , efb0bdbd , a5557419 , 045978bd , 244ba032 , bcf781c6 , 8ce1feb2 , 00029ee8 , f527d21e , ff15e498 , 737a38e6 , 4a3874e7 , 3cc49893 , 80eb9b36 , 7c8d4203 , 2fdd81c7 , 210c04fe , e7fb9516 , f7840336 , 71f0718e , ea59ac87 , 1ef5a15d , 5cf5207d , 72e9d0fb , dadb32f3 , 986ca191 , 89937095 , 7112b837 , 7eaf30b8 , c2bdd8e5 , a1df5d79 , d70a61ec , 07be0cdb , c0be1734 , 4ca8cc9f , a9312d67 , 8a50486c , 169b1465 , da4f0d07 , f9e9631d , aa87a6fb , ddc82128 , 3dcf76e5 , 17d9add5 , 48c3d782 , a58fe727 , e8436dcb , d3f82c79 , 53881be2 , 78905734 , e3088a07 , 1b37f6a4 , d4705584 , 3328ea0b , 7df498a1 , 873c3d9d , dba7540b , e6223195 , 4639c513 , 20296383 , b0970330 , eec098ce , 2b1a9562 , abb01e7e , 2810d8fc , e17b8455 , 1a71b75f , 489d7e15 , b3d4f668 , f02014b7 , 706b93f9 , 4f9e63a4 , fb37260a , 25f81db9 , 5d57b732 , 2105683c , 3e83f297 , b2d36e71 , 491f9f67 , 420a258e , 555d7f25 , 969f735e , cdfac9bb , 9eb5baff , 2fc4d727 , 2193df1e , dc53d888 , 540b7954 , 11d1b548 , af6ffa64 , 252c25b2 , 846ed1ef , e241edac , 2e05e79d , 8aaa552f , 1eca8053 , 7a7a8ea8 , 98fa78a9 , 31bab17b , 6383a966 , 7d410e13 , 0831fc09 , e8257996 , ccfdd5af , e4dd5ce4 , be2ff1a1 , 77fc280b , 49fc9c93 , 3d3f8c20 , 1e1b816e , d3b8c7b7 , faf75f81 , 5ef74eee , fd34dade , cd380338 , 01b80739 , 7b5be15a , eaa50fe8 , 74066395 , fff8a54f , 204be247 , d13bd6e8 , b4ce3001 , 2335dc44 , 53b2811d , 32fd21d5 , 65c5b2b0 , 47d7c794 , 67e7e99e , 1cb1a7d5 , 7bd830ff , f974c466 , db45c37b , 1cd2745a , c9649bfd , 7891fec4 , 9850d05f , 315a327c , 0b73c27f , 8e289bf9 , 88a3b048 , 61360495 , 31e7599c , b41bfb5b , c5c55880 , a8174e5b , 79fe6149 , f1c806b6 , ba9f613d , 0f1528f8 , 6179628b , 7d64043d , 3206a1ce , cb39a416 , ada544c3 , 9aa849f6 , 5e137d67 , fa0ba41b , 8dfd1c44 , 0e854a42 , de5b992c , d8e1cf10 , 2448adf9 , d120d7ed , e9e584b4 , 2f5b0f8d , 535ded72 , c40e7ad8 , 40506232 , 39d1a94f , ad4fbde8 , 53c59fcd , 5cd97621 , 189772df , 4cdb58b1 , 63bb8661 , c09b23aa , fcfbb465 , 954eff6b , 629295fc , caed1fce , 030a3f7b , c0b035cc , 880b630c , 9fc81c33 , 4a928382 , 51fde1d2 , a8f2b6bb , 93b404b7 , 6caf6368 , c8827764 , 9ae3de94 , 9b4f3f83 , 0a7a943c , d2a9765b , 0a7a3219 , aa4214fa , 47a77eef , 5effb635 , f03535b9 , 3fc20662 , fbb23398","b1599f67 , 26a29731 , fdcb969e , c3d29271 , 5c54dfc5 , 800ff6f2 , f020e821 , 3ef3a69e , 610f8d03 , 3cd41094 , ca910cbf , 0b587fe3 , daf82023 , 69295acc , 01ba0350 , e33acfef , e6b88e5e , a3fbea35 , 18e8c816 , 2badc2d8 , b10500dc , dc695f62 , cd901383 , cc2e53d8 , 793eaa0d , 12a1df0f , a0aaad23 , 82c1ac56 , 6d49ea65 , b982aaaa , d90862d0 , ba20fd4d , 124dae4f , 6268b404 , e106c275 , f25804a9 , c4ebd646 , dc54e6b3 , c47dcde1 , bc6234e3 , 7f8299cc , 393cc516 , 55d18ef8 , d3175e14 , 08dc6818 , dfb1ab86 , 20d9183f , ab10902a , 73ea3412 , 74a11530 , 453a2ac0 , f2f805ee , 79af8bb5 , ca9e3860 , 51956d28 , c34a37d7 , d16a9e29 , cc6a8813 , 947f90cb , f1a469e3 , 78e0b0ff , db7021a4 , dfaae0d5 , 6f9a92f0 , cefeb837 , 67248554 , c922c308 , 3509c3c4 , f131d3a9 , 32d4e258 , cf2c3552 , b9e17694 , fce15e64 , 21fc7262 , 787280f0 , e6a9a0ab , cf09453c , 03d18975 , 10578da1 , c6b4e548 , 18aebae5 , f3ea289c , cecb5ebf , 4b826b63 , f068c3e9 , fdda9ec2 , c805192f , 998b12ff , 820c563d , d0ca2634 , f2e30602 , 1a4c7853 , 18434fd7 , 77c8a825 , f61fa907 , 89ca9912 , 47705580 , 006579c3 , 6afad050 , 6b6d9668 , cfd90e72 , 71b6823b , 6cf8d70e , 982e658c , bc775f3d , 8c74bea3 , 60023443 , 414ed853 , 0b688162 , f6e83576 , f37ebda9 , c05113d5 , 1276e38e , c0f195ac , ab310600 , 9bf10e43 , 6494d570 , 1c09d90b , 4deb8a31 , 91f1b196 , 56492a1a , 9262eaa1 , 2b03e608 , d5b005f3 , 3fe28b2c , 7566044e , 1101d226 , 81581b36 , 89e70b17 , 477de352 , cdcc3bc3 , 96d14186 , 2f0808a0 , 06a37bc3 , dc930996 , 5aca4dd3 , 854c73be , 7b766b78 , 949df88b , 2f8c9592 , 2e2841c2 , 6c1b6d99 , 0565176e , 45ec8534 , 20d87401 , da29a905 , c19592f2 , 439db94d , 3ea81a13 , 82a92a70 , 79b48fc3 , 39905d67 , a065378d , 28449cf9 , 77bcd61c","052bcef5 , c130413c , 3bfd21c1 , 8a18202f , 0b7819db , 3d591668 , bdeaef76 , 033da63f , 482a16f9 , b9422bc6 , dbbfab0f , fe2e9c3e , e9db0f01 , 6632627a , 05445af8 , 31b970a3 , af2655dd , 167d5326 , 01c7a1c6 , 050e35e5 , 46a8cc97 , 471c66e2 , 123bf2cf , d65000b1 , 10cd6260 , 6ff5575e , 64e38fae , 7c1e05d7 , fde67bcc , b536620d , 0d64819c , 26725c12 , 7f79248b , f01cc22a , cdfac9bb , 0a464992 , a813912d , d4bf26aa , 3c17708b , 2d4a0677 , e2dfbad9 , 1a0538b0 , 496a24c3 , bd5a22b7 , a40a862a , cf7bb012 , 5efde2b7 , 24dae984 , 8ddcfd90 , c6350a8a","9c83f968 , fb711525 , 8eec4121 , 56ba0055 , 3ae8ae9d , 61bedf5e , f3f1b96b , 012a3afb , e1cdfbf8 , c69464d0 , ebc83fe2 , 3e1d9c11 , 6e790f56 , fd2bd644 , 1391c00f , 16b58d14 , 84b88d80 , 5daf94a8","2d8260c3 , bd7428b5 , cf7bb012 , 93e68c35",
"SG~50 (SINGLE SUCTION & FLAT TYPE HOOD)","SINGLE STN GRINDING MACHINE WITH 0.5HP DC (15inch Hood)","42,000.00","","4/1/2026","15","20","49ad8817 , c7abf185 , 5ad880b7 , 8f44455f , 9da9e234 , 0a963f74 , 5e53f72d , b20d3261 , 366dff26 , 7c72a01f , 68de2633 , f5fecfb1 , c01cd093 , 455bfc3a , 4c627fae , 41275c3b , f84ac285 , d4c56d4d , 69201413 , 3e3d0d13 , 787d0118 , 73c530de , 43e3dfc0 , 09cc451f , 2837a80a , a5ec3ff9 , 9b0113bd , 54eb3c1d , 2d8260c3 , e3e91ede , 0e03ab6b , c816af77 , cd48c9cd , 1692c507 , 48d7bcf3 , 55f7b44f , de94bbe0 , 0ba88042","c22401ce , b9422bc6 , fa42b6a8 , e27da8f3 , ab9cb965","378cfbe9 , c7aa094f , 580a4bd9","9ff5f961 , e8b16d9e , 7c1e05d7 , 95430076 , be5c1a8c , bec99b26 , cb0b52b9","2a5e8732 , 079cba37 , e1734cb2 , f3cff9fd , 0e854a42 , d9db4bbc , 6af013ea , 2a095352","","",
"FT~28K (SINGLE SUCTION POINT)","FILING TABLE WITH 0.5HP DC (28inch Table)","46,000.00","","4/1/2026","15","18","6c49780f , bf516d7b , 6acda0c6 , f40cc17b , f97f6d9b , 39c84212 , 905644d7 , 0e2a365e , 1cb1497b , a2beb2bd , dfacdf59 , b4ca63fb , 7428bb7e , 565a2d24 , 8188eb73 , 44cd0d8f , 25e852e8 , be878a27 , 04b7d587 , e81c34f1 , 99b26402 , 6dd9270e","91d6f9c2 , f65c3287 , ab41347a , 836d5b06 , 9e95ee5a , d1d0b3fb , 044be9bb , 378cfbe9 , 95775b48 , 3127ac72 , c79908b0 , 94791b49 , eb459270 , f29f30ac , 7f967eba","40a769e1 , 9ff5f961 , e8b16d9e , 27cb6c58 , ff3ebd51 , 844d633e , 807a0bc0 , 99e62f5e , 5f4cd2ef","c8fde7e9 , 6a5eb4c2 , 9c89ee89","2bf9eaf1","","",
"FT~224K(SINGLE SUCTION POINT)","TWO SEATER FILING TABLE WITH 1HP DC (24inch Table)","74,000.00","RAHUL","4/1/2026","13","16","ece6f310 , 509e5ad1 , 02fed991 , 8b08ab79 , b19c4c6b , 7eca88e0 , 423fc636 , ff791bee , 5bc13bcf","07c7d106 , 3465ef95 , 4b165e2c , 3aa0ae18 , 64c8fa21 , 0d340a28 , 20a1d72f","971c979a , a20488a3","","","40a769e1","61bedf5e",
"FT~224BK(DUAL SUCTION POINT)","TWO SEATER FILING TABLE WITH 1.5HP DC (24inch Table)","85,000.00","RAHUL","4/1/2026","18","22","fd055ad2 , 75e9dcc4 , de0b23f2 , d2e303ea , 08a8c466 , ac016066 , 5f9b70c1 , 6a1ae709 , f743ca7d , 757b5cc6 , a68d88e6 , 4b8b5623 , 3465ef95 , 25031460 , 50d18df6 , 9b9d6f22 , 69efcae3 , b7ec6f3c , 59704c17 , d0c0c559 , 4df2afc8 , 911bac5b , f0fc149c , 9ffb5240 , fa73b207 , 0338a97e , 2d7f71bf , 46087ffb , 3e64aeaa , 14c67996","ece6f310 , 509e5ad1 , 4b91bed8 , 1dcd2c54 , a7ac5abd , 0a46b54c , d3e30ab2 , e33c42d4 , 1525890c , 6f5ea525 , 923f4e90 , 653f362e , 50f6ff31 , ee712619 , c47efbd7 , 82a57c4d , 2e2a97a7 , 9bd52ab2 , a7c5a6a2 , 57a7190c , 29904c58 , 49eea979","5c54dfc5 , 490b2537 , 076c6479 , 497ded00 , 9ed14390 , 9a100975 , c6042bce , 2d40fdfb , 20a1d72f","dd7681d0 , ec11a571 , 05445af8 , a9312d67 , 971c979a","c3d29271 , 01ba0350 , e33acfef , fbf3b662","","40a769e1",
"FT~24K~SS (SINGLE SUCTION POINT)","FILING TABLE WITH 0.5HP DC & SS TRAY (24inch Table)","0.00","","4/1/2026","20","25","283933ec , b5f8cabc , 3242f53e","d08d84d0 , 5ffe1405 , 9faf5b06","","","","","",
"FT~24BK~SS (DUAL SUCTION POINT)","FILING TABLE WITH 0.75HP DC & SS TRAY (24inch Table)","0.00","","4/1/2026","20","25","1bb66c27 , a1eddb81 , 15cfc7fc , 84a7e905 , b04f69a5 , 03ef5bff , eb562a29 , 0e910ba3 , 71bbcd68 , 94b35373 , daadde89 , a481d5cd , 9c928f38 , 8edb2bfc , 3da3e39a , 91a72c41 , 45b64c5c , 99522cd1 , edc8db8c , d52dff81 , 5427ad1a , a60c085d , 207bdcdc , 2d150b1f , 8e16c80f , 153bc902 , ca8a2aeb , 951e1d1e , a29fdaa4 , e8e57416 , 45b421c2 , 89b3227e , 23060bf8 , d1ce9be1","cb640b75 , 024a89fd , c528f338 , e2c260ee , 71b5ca4f , 3242f53e , 9b105162","eee6b1cb , 65ecd937 , 4fbbd927 , e9d72ada , 15a0aa6e","a5c22e49 , 482a16f9","","","",
"FT~28K~SS (SINGLE SUCTION POINT)","FILING TABLE WITH 0.5HP DC & SS TRAY (28inch Table)","0.00","","4/1/2026","22","25","2721110b , b81af201 , f52f5727 , 43fca762 , d08d84d0","ffee5516 , 41b342c8 , 8f80d967 , 179972c4 , ffe247b6","b4ca63fb","","","","",
"FT~28BK~SS (DUAL SUCTION POINT)","FILING TABLE WITH 0.75HP DC & SS TRAY (28inch Table)","0.00","","4/1/2026","20","22","317a6a44 , f3a155bc , a25d702f , 93d94683 , 82322b02 , a8cd1acb , 08fe1d83 , 8db816a8 , c65853fb , e6b6adc0","b81af201 , 97ee58f0 , 6c4b6c7c , 84a7e905 , 3ed60c6e , 79e4d442 , edc8db8c , 0f7c2887","66cee462","b4ca63fb","","","",
"FT~224K~SS(SINGLE SUCTION POINT)","TWO SEATER FILING TABLE WITH 1HP DC & SS TRAY (24inch Table)","80,000.00","","4/1/2026","20","25","d74efad5","","","","","","",
"FT~28BK (DUAL SUCTION POINT)","DONT USE","50,500.00","ABRAR","4/1/2026","15","18","bbd3fdff , cdd2be08 , 28a268e0 , 16ff9c98 , cbf0e623 , a39d298e , 5fd457cb , d0ed16f2 , 85922175 , 5371b42a , 14796f29 , d6709ee8 , 22fcf48e , 37bb924f , bf8a60bd , 8ee2b06f , 513a2c1d , 9bc5ce4c , 3edf523d , 0bf51db5 , dc2d65c0 , 0fde58e2 , b2fc0746 , 04a88987 , dde186eb , 0fdb15a2 , c5663a9b , a5aded92 , 72b6637f , 8f747e41 , 1d518115 , fbbda8da , a6605103","37b942ef , d6a44963 , 9f273677 , bf516d7b , f0060f94 , eafcd6be , f40cc17b , 8121e0a0 , 1cb1497b , bea61016 , dfacdf59 , 2b6433aa , 8f720244 , 05f258c7 , fe595935 , 74d41018 , 036f4659 , e291bfac , a9131be2 , 6910558d , 2f660885 , b4ca63fb , d5004d6d , d47d65e6 , 9375629e , 4f2057c6 , 4c67291e , a8a03d6f , 5de41881 , d3151ff7 , 3aebe395","f2eca205 , 9f6d2357 , 8b2ef37a , 87dda0d0 , cdaf16e1 , 2cb088fe","27cb6c58 , 9e95ee5a , 844d633e , d216bd96 , a0c5118d , 0c18bad2 , 95775b48 , 3127ac72 , c483eda4 , a063deec , efb0bdbd , 9bb9df4f","c8fde7e9 , f020e821","8a18202f","",
"SG~50HK (DUAL SUCTION & SLOPE TYPE HOOD)","SINGLE STN GRINDING MACHINE WITH 0.75HP DC (15inch Hood)","46,500.00","","4/1/2026","14","18","5514ab3a , d8fd962f , 4165380c , d8b79afc , 44231593 , b28bd3ba , 6a20ee97 , 1730e87b , db06bc65 , b7f506a5 , 4ff1caa2 , 701bc672 , 05bc5169 , f4a7ca58 , 421f30d6 , 053e856f , 7ebd7ced , 62ce8d49 , c396167c , b4cb9804 , 6f3221de , 4d5ec52c , 2dd718b2 , 3c48e1b5 , b65607f8 , cf57ec75 , 79fe6149 , f3cff9fd , e27da8f3","c7a65182 , c7888605 , 5ad880b7 , 08a8c466 , 610f8d03 , 0a963f74 , ca910cbf , 366dff26 , 69295acc , f5fecfb1 , 1bd44c10 , 13dc4579 , 2752501b , 8aaa8ab1 , 455bfc3a , 9b0113bd , 2d8260c3 , 9a0213f9 , 7bd7d6b2 , 9e5d3bba , 795cf0e2 , 3d32d5f1 , 1df569ca","fe430de2 , f5e34e47 , cc84349d , 81f32d05 , 9d21e928 , fc6df706 , 97a275fa , 73c530de , 43e3dfc0 , c6ec3a3f , 3d7f8f1a , ddbb8a81","52285fdf , 378cfbe9 , 807a0bc0 , 4b165e2c , 3aa0ae18 , 64c8fa21 , 653f362e , e2948173 , d4f34b6c , 1ac3140c , 9b173bba , 24b34402 , d9db4bbc , 6af013ea , 21429ebc","135616f3 , 8a35722c , 793eaa0d , 3ab4392d , e8347c64","72d02f23 , 3cd41094 , 2a5e8732 , d7ac3af4","033da63f , 01c7a1c6 , 79bddda8",
"SG~50HK~20i (DUAL SUCTION & SLOPE TYPE HOOD)","SINGLE STN GRINDING MACHINE WITH 0.75HP DC (20inch Hood)","50,500.00","","4/1/2026","14","18","76257639 , a883ffaf , c7a65182 , c7888605 , 56c1a03f , 461259d2 , d080aa07 , 8dbb9004 , a61112d8 , 23bac4ba , 42b19c3e , df901905 , 552dbcc4 , 8a4cd84d , a6190d14 , 7d9ecea8 , ec7e9583 , 5b4420b5 , a991bf08 , 8b300e2a , 80de468f , 82d17420 , 795cf0e2 , 71cc77ac , e6ba576d , 7e98ebd8 , 103a6b88 , 72e56eeb , 039a4a1c , fc816401 , 53b9865d , dbc9cede , 24577b2e , e0fa1a4f","fe430de2 , 5514ab3a , d8fd962f , f3a155bc , 4165380c , d8b79afc , 44231593 , 0fefb94a , 8ac1b6d9 , b28bd3ba , d216bd96 , a0c5118d , 82322b02 , a3fbea35 , 18e8c816 , ef1d3dff , 1730e87b , ab7a774a , 8dbb9004 , 50bc44fa , fc6df706 , 7ebd7ced , 62ce8d49 , 41275c3b , d4c56d4d , 69201413 , a5ec3ff9 , e3e91ede , 6f3221de , b96c3711 , 3c48e1b5 , e781304b , 69438db6 , 5dba473c , f6c44459 , b65607f8 , 8aa65f9c , 3474e07f , 20001edb , cf57ec75 , fde2917c , 7a947c4a , 6eb0bcaa , 1692c507 , fe5bda8d , 781f9f33","bf516d7b , 91bcc5dc , 652b3175 , 08a8c466 , 5bb80c08 , 11b24ed4 , c79908b0 , 8032d0cc , 455bfc3a , 42d79406 , efadc77a , 384487fc , 795c1c34 , f22295a2 , abbb5a6f , 58851341 , a2ba13f5 , f3cff9fd , d167e243 , e27da8f3 , 979733fd","f5e34e47 , 133a44e8 , c7aa094f , 9bd52ab2 , 0af6d309 , 4a61cb98 , c2e58bf0 , b3f35041 , 3d7f8f1a , ddbb8a81 , 120d9de1 , 53c59fcd , 6fe36628 , a7e01812","72d02f23 , 6b57af2a , e5245b36 , 807a0bc0 , 8c6fb5bd , d7862a3b , d3f82c79 , 40506232 , a1644d47 , 21429ebc","8a35722c , 3fc52f11 , 6268b404 , c00ee605 , 1ba8bc8d , ddd82571 , a788a143 , 9ec50265 , bae1babd","ed373ba4 , c3d29271 , 3cd41094 , d7ac3af4 , 20d9183f",
"RUBBER WHEEL","GRINDING WHEEL FOR GRINDING MACHINE","3,500.00","","4/1/2026","2","3","2ca2dac0 , a99f34d3 , 3d8c8545 , 12e8932a , ae89a7fe , 548dd637 , ad10ab54 , 6075396e , eb230093 , 7d44d92f , 827bf42b , b9faedef , 2a15d733","107a9745 , 148b4fb6 , 1953be6f , e15b63ca , 0c163a52 , 8d05d236 , caba2a20 , 37e77e4d , 5ded5c7d , d93b6852 , 99cb3dab , ace1e1de , 9dac948a , 629368f0 , 36d6b27f , 5711f6e9 , e7781340 , f6f7dcd0 , 0b0e94b0 , 256f40fb , 40546641 , 50331758 , 4beefb48 , 01b04aaa , 4c703a11 , c73008c4 , 0df6d4c2 , 32c0f73c , 76257639 , bef48ee8 , 7da89f0a , 5b3b67e1 , 397242c8 , 91bcc5dc , 652b3175 , 6d1d3164 , e011137d , 49ad8817 , f4d5cc92 , c7abf185 , 36191c4c , 1eefb009 , 9fc548fb , ff11f70f , 8ace6365 , 7a34a427 , e6a5bf89 , a159ed9a , 8f44455f , b1d4bb31 , 9da9e234 , 1c32adcb , 268040a9 , af2d64fb , e3c9039c , 5e53f72d , 5a38fb1f , 56c1a03f , e9d72ada , 461259d2 , 225fa99c , b20d3261 , ef972cc9 , f4d4a4b9 , 1adeb0fd , 294f8693 , 41ce424e , c4a40f57 , 6b6f54ee , aedaa664 , becfe694 , b1454054 , 2abb6a19 , db06bc65 , b7f506a5 , 063fcbdd , 7b1d13db , a28fe443 , 00880f77 , ecf5c16b , 90fc8bf6 , d080aa07 , 0d88dad8 , 701bc672 , 7ee82e82 , cf0d0c11 , a6056b3c , 808fddbd , 23bac4ba , 42b19c3e , 91493774 , 421f30d6 , 053e856f , 2e3cf7ef , ea415e37 , 3ae8ae9d , af084f4c , c01cd093 , 1cb3aadb , c3852707 , 63359ccc , 6c3fa5d7 , cd13c387 , e8ead68d , e2956a92 , 4c627fae , 0eb52922 , 66a77460 , f84ac285 , 3b7a04b4 , 4d204856 , a835fd20 , 7c6102b4 , b3b41d11 , f3f1b96b , 0275c1f5 , 1faa3b8d , 49aa3ac4 , f044033c , 118173c3 , 09cc451f , 9074fa4e , 16607c47 , e39887c8 , fd1b5ded , 32eeed9f , a77c6067 , b91deb92 , c5026aee , 2b49b271 , 8a4cd84d , 0538e7d2 , de7a0016 , dc6d8725 , b4cb9804 , 2a8cbfec , e8e1587b , 5e3df899 , 788ddb20 , caa2519c , 3260ad93 , 4d168724 , fd756a56 , 4e2b9bc7 , b0243f09 , f63056ea , 00d2c786 , 7a6706df , 4ddf27a1 , 9aea5556 , 22276b2e , f2ecf352 , 88b457fe , 9e607cb3 , 82d17420 , 8b9d71d1 , 2acd1d89 , 4b301a93 , 4ba2c024 , bc07b419 , 17209245 , ad8e6848 , 247cfd47 , a0529736 , bda3a30b , 11d1b548 , d3843dbb , 1fc1a887 , fa985e6a , 269bc72a , 6616a2b0 , 632786b8 , 6305a487 , d7fb0396 , 41c7a743 , 0a2745ce , b2a82c86 , 7ee38f66 , 6b352a3d , 71cc77ac , 9429535d , df7e9341 , ca9fb89d , 6f1f71b9 , ff16e655 , de639b74 , 173d942b , cb5a1f5f , 7ebe0103 , e6ba576d , 26276d37 , cd48c9cd , 99c37c74 , 815243fd , 89e70b17 , 82e8c46a , 5a1a7e46 , 93a3ec44 , 30186673 , 6a14b1c7 , ceb5a24e , cbb3214e , efffb200 , 8f8704a7 , 03e33e69 , da7ff919 , 1f740275 , 7c25c2dd , f3cff9fd , 103a6b88 , 72e56eeb , dbe1501d , 49be1ffc , 1e5b24cc , 98b425c7 , 854c73be , 2a2b42aa , 69f664cc , 039a4a1c , 96352b4b , b2c8a897 , 761ca5d2 , 9b046c95 , d2b3ea2d , 57b56ca4 , 6bfabd48 , 403653f4 , 48d7bcf3 , 21b284ab , 53b9865d , 70ca82f9 , dbc9cede , e0fa5210 , 517ce4e6 , 55f7b44f , ad2baf6f , bcaea693 , 9586189e , 6c06406a , 2fa49b91 , 24577b2e , de94bbe0 , d950aa19 , e0fa1a4f , 0ba88042 , 42c446b1 , 030a3f7b , ed2e7fde , ddc00747 , baa9182a , 521fd652 , 2373fc48 , a286cb3e , e83cd6e5 , 72278632 , 85e4fe5c , 04c24296 , 1d3b7f9a , 60a9f65c , 108bcb17 , 4929deb0 , 52b361ed , 53f28c5f , aa9572aa","fd169344 , 334b7006 , e3f730bc , a883ffaf , c7a65182 , 5514ab3a , c22401ce , c7888605 , ef237025 , 7827cea1 , d8b79afc , e1599ffe , b28bd3ba , 610f8d03 , 0a963f74 , d216bd96 , a0c5118d , 366dff26 , 82322b02 , fab617a5 , 0bf85623 , da98feae , b9422bc6 , f042abcb , 1730e87b , f5fecfb1 , a1b5c177 , ab7a774a , 653cb67f , 342a5a8a , 7786849b , 0aac80aa , 4ff1caa2 , 05bc5169 , 469e9df9 , 1bd44c10 , 13dc4579 , 2752501b , 3a90ef25 , 8aaa8ab1 , 3e3a24f2 , 6279ecbe , 97ef2ad2 , 7ebd7ced , 8b80d192 , 3a45cd76 , 4d3028fd , d4c56d4d , 102e5ca1 , 065fa287 , b990a22d , d993127f , 98542617 , dfa74a0a , a7d2a572 , 9b0113bd , cb54372a , 2d8260c3 , 5f207f8a , 05573b2a , d65000b1 , 7a58dd55 , fe78b0da , fcce1ea5 , c41a93a8 , 5b4420b5 , 3c48e1b5 , 8b300e2a , e2af0111 , fe7e7f8b , 5c37594c , 9826b0db , 36078ed4 , 69438db6 , 795cf0e2 , 5dba473c , 711d2a6a , d4e7dd8b , acc72b66 , ee4bf709 , 20eb948d , 5363bf14 , 5a5c1268 , 3474e07f , 20001edb , f37ebda9 , c816af77 , 5eabbcab , d97a9170 , 1cea0018 , 7a947c4a , 1ef4f536 , bc98b73c , 6a2ebf00 , 43465d4a , e0f55179 , e92a50ec , 78827832 , 88a5517c , b06c88c3 , 03c4baa0 , 90e19bd1 , b96d5115 , 3014cbb2 , 1692c507 , 1df569ca , d9db4bbc , 6af013ea , fe5bda8d , 42331a75 , fa71c013 , 68b655fc , 781f9f33 , 67099944 , 60f59994 , f9e0bd8a , 6bdaf9dc , 56a2e21f , 2d3274af , fd4f8b03 , c7f8a317 , 2bb0d169","fe430de2 , bf516d7b , eafcd6be , 91bcc5dc , 652b3175 , d8fd962f , 4165380c , 5ad880b7 , 08a8c466 , 11b24ed4 , f6f1a197 , 129db266 , 6dcbb851 , 2d40d60d , 701bc672 , 8eec4121 , 8032d0cc , 81f32d05 , 94afc6af , cf856a08 , e88792f6 , b5e8ac16 , d38cf0eb , 1d8750a6 , fc6df706 , 455bfc3a , 5640f44a , a75c98ce , 45b1185f , f3f1b96b , 4f97bfd5 , 2da69c71 , cde6e558 , 0fa702b4 , 2837a80a , 123bf2cf , b012c8a6 , 0287b384 , 0eaa0e0f , 2d150b1f , 8e16c80f , e3e91ede , b21f0e07 , cc04a926 , ec01e842 , d689417e , 795c1c34 , f22295a2 , b65607f8 , a0f6dfe6 , 49897aab , 2c7edcb7 , be2ff1a1 , abbb5a6f , 58851341 , 5e8092f9 , ee47e834 , 9ab6e6a9 , 42e953cb , 9d5ddd49 , 712cd8b8 , f3cff9fd , e2e2950b , 98b425c7 , 69f664cc , f5f3ac2b , 562379df , 1391c00f , d167e243 , fc816401 , 5364a1ea , baa49082 , caed1fce , 94a878b8 , b738cfc6 , 546beaa9 , 4c4f61f5 , d42a069e","37df29d1 , 9ff5f961 , e8b16d9e , 52285fdf , 378cfbe9 , f5e34e47 , 64963ea5 , 18e8c816 , e2a40094 , b653cb48 , 3d3da464 , c528f338 , 9cfec16d , 3b2115fc , cc84349d , 9d21e928 , 133a44e8 , c7aa094f , 42d79406 , 3aa0ae18 , 64c8fa21 , 653f362e , e2948173 , 43e3dfc0 , 3f57ac76 , a5ec3ff9 , 4b230378 , bf78b4d2 , f3c07b83 , 2d8260c3 , 1ac3140c , a1cc4199 , 9bd52ab2 , bf161a65 , 0af6d309 , 7154baa5 , fa0e9b07 , 1ab69533 , 6ad09351 , 8268301e , 95b85ff1 , b3f35041 , 24b34402 , e4d5db13 , 3d7f8f1a , ddbb8a81 , 69b3a6ab , 06fd15cf , 95430076 , 3e1c8ad6 , 2e9d28af , 8a2e1d5f , 1b33c9dc , be5c1a8c , 7dc86294 , bec99b26 , cb0b52b9 , 979733fd , 0339c918 , 1741e82a , 3efec621 , 0a7a3219 , 0d567fca , 322f44c4 , b6c70ec5","3d3e635f , 5da9f882 , 6b9c019e , 3f7b9c79 , 69896281 , 135616f3 , 6b57af2a , e5245b36 , 139ca338 , 7827cea1 , 807a0bc0 , 4632807a , 4fc9ad1a , 045978bd , ba5e2823 , d7862a3b , 997a4991 , 60e1a0d0 , 1ef5a15d , c47dcde1 , 89937095 , c2bdd8e5 , 3ab4392d , d3f82c79 , 8164c8de , a5e772a5 , d4705584 , 93140976 , 384487fc , c2e58bf0 , 768a021e , fb37260a , 25f81db9 , 040fa229 , 04a1c3fb , 30a96bc8 , 420a258e , e4d933ab , ee47e834 , 4ee48906 , 81581b36 , 1869ff6d , e8347c64 , f3cff9fd , 0e854a42 , e01f7796 , 88f45aab , 2bf1d3d0 , 40506232 , 53c59fcd , 6c1b6d99 , 21429ebc , 0565176e , 2a095352 , d6f3e6e3 , 77abf7b2 , 097300f6 , fdadff86 , 2a9170f7 , d9649e94 , ab796053 , c61fc951 , aaca05e4 , 8ae83c76 , 0fc239b8 , ee0b7031","cb93d996 , 899ebf4a , d308fcbc , 2a5e8732 , 2badc2d8 , 326af678 , 8300201b , 3fc52f11 , 07be0cdb , 079cba37 , 0146dc01 , 25fc3948 , cefeb837 , fbf3b662 , f068c3e9 , 1ba8bc8d , 8c74bea3 , ddd82571 , cc14c9cf , b7b868e6 , ad0cd3e3 , e4a461f6 , a1644d47 , a1f5a35d , d9db4bbc , 6af013ea , eaf95e90 , 629295fc , 0b747ec6 , 3efec621 , 22e92a9d , 78b5c139 , b6c70ec5",
"F~224K~SS(SINGLE SUCTION POINT)","TWO STN FILING UNIT & SS TRAY (24inch Table)","0.00","","4/1/2026","20","30","","","","","","","",
"F~224BK~SS(DUAL SUCTION POINT)","TWO STN FILING UNIT & SS TRAY (24inch Table)","44,000.00","","4/1/2026","20","30","","","","","","","",
"BIG CAT","CARTRIDGE FILTER FOR FILING","1,850.00","","4/1/2026","2","3","df72e995 , 35750fe3 , 21dc399c , 6d369ee2 , 356582a6 , b6db3ea7 , fb20567b , cbb35ca6 , aacb24c4 , e84efd87 , a80235cb , 340d1b3c , ab4ba8df , 1fb1e51e , 431b4b5d , dddcbded , fe43ac08 , c63c98a3 , 284d6c85 , 8c9c6204 , 6ab9afca , 9ee9fc87 , 22f5f492 , 8753f67e , 3d3a3821 , f9882c07 , 5edaddc6 , 72263b26 , f9fb8d55 , 358f2941 , e972304e , 83a64b08 , cb43a554 , 047f6843 , ce0ad8e2 , b479409d , 73d40854 , b10f7915 , 9ea58254 , 74772f8c , d12b3c85 , 3f484993 , 53c22787 , 91d99377 , da1590f0 , 28f1a5ac , c223b174 , 53ba5722 , f12c5410 , b192c576 , 0b822f20 , 44d8c0eb , 17c24768 , 83d3a87d , e588ac97 , 4cdca65b , bd321e86 , d39831c8 , 052b39c5 , b8481aae , 3cbadc3f , d9d8f709 , 354bb9c6 , d24e60ac , bc0f0b12 , aea42b20 , 46bb9d86 , 96e11c1f , 87d777e1 , fcbdc2d9 , 13fdf45f , afe518f4 , 766a6b7e , beecb87b , 0d9a00c7 , 5070a478 , d942555b , 2fd2e664 , 4a5a3a3e , ed69a946 , 0e1dd69e , d0c657b3 , e8c761e2 , 4e140d2d , dbc1ec20 , 12e99b1e , 7e72f2a2 , 1d556d04 , f031a16c , 02fa93cc , 4fabb511 , 72405acb , e0128094 , b1bfe681 , 94a750ed , c9d981cd , c546d28a , ea84261d , 4bdd3cd9 , cc251d38 , d4aee036 , 861112ae , 8edb0a06 , 98b8252c , 4492a11e , 875f9b59 , 028cdcc0 , 616ae9d1 , 55091a6b , adbacfd1 , 75d75ee2 , 96489464 , e7b81737 , 4de70fc6 , e1b5d4f9 , b9f058b7 , c2ceabeb , 495d3971 , 480e204b , 7f421999 , db5831d2 , 67617819 , d8edeb43 , 4e2e1942 , 4ad14581 , e9612c27 , 5c65796c , cc05e8ca , f82408ce , c58bc528 , 752e2aba , ec8d7be5 , d3840022 , dd54877e , ef37208a , e73b7952 , 4217a90f , f69443fe , 7671bbe5 , db6bfeba , fdf04d52 , bf19fb37 , 17c6a6c4 , d480c773 , b7bd11b5 , 2f6d320e , a5759850 , cd71d2bd , a28042cb , 31214650 , a6bf54b8 , cdcec36f , 440494d9 , c84e7c50 , e74e63e8 , c0296643 , 55c80715 , 84e0e86b , 845ea5aa , f46938a9 , 668a19f2 , 3566e5e9 , 953fe693 , b98e85c8 , ac198eee , 219cf39e , 539a1279 , 54984b8d , 4ce774d1 , 4d2ca4e2 , 6a99a29d , c72a3b9e , 35473545 , f1f15fd6 , 066b368d , 15549aca , 0964a7d5 , 12b41153 , 8bc51ab4 , 91081363 , 09aa4143 , 5eb95949 , c5b6eb49 , 5201177b , 77625679 , 39a97daa , 0fc897c0 , 583ef791 , e9f92372 , 6cb07258 , eaa75758 , 29dc29f4 , 27ef723e , 1fc2a599 , 8e5267f7 , fe113dcf , e5f33c92 , 78dd25d3 , a604854d , e19eb27d , ab05f78b , 091def3d , 2e8a876a , bc6b5541 , 1351cd5a , 0fde6e0f , afb746ec , c1e8ffed , dbc64268 , 378cea28 , ff9c941f , 2c7972aa , d73d42c1 , 0b10d23c , 56ffbe29 , 3d5b971a , 2064d0cd , 3ec86de3 , 6ec57147 , d94f590d , 3bfebb50 , d44bbe57 , 32a8b560 , f865e3ca , 0eee7bdc , 9a6eb11c , f93e875e , 0bff5fe4 , 85ca5433 , b7ed5a19 , a085116c , 7dbe7a9c , 0876c906 , 516aace0 , 6e4d353c , 05c0e0db , f5dcea63 , 1be9c0bd , bc108dc7 , 59a182c0 , bd66e258 , a5b02c95 , db932b7f , 3d6f2081 , 8d6eada9 , 0f897992 , f0f2ea3b , f70f32c6 , f4399878 , aa947f4e , d981831a , 405b88c6 , 6ebfe562 , 8f95037c , 31317106 , f0c685f9 , e181fe6c , b08f122e , 1b4c0422 , d0548f62 , e0980d45 , 355e49c0 , 7c71ce07 , bbdda1f0 , 8b6089a0 , 89d4b42d , 2d9ff90e , 4ca8dc03 , ffdb6ae8 , 8cde308c , 46588a46 , 50c31ddf , 4d3fc1ba , 1de7bb0e , 277fc3dd , dd5a06d5 , 6d41b5b2 , e29e46fe , ea62b905 , 67e4d36b , c7368f71 , bc95992c , 3336193f , bf26101d , b8dac3ab , 4cc68cff , 42632df1 , 9ad5c167 , 2f86dfac , 54dcd1dd , 9dea2191 , bec1de09 , 28521d10 , 98d19984 , 70f608fb , 65e6eb28 , 7fbe3a6f , fffbf1dc , cf56ecb5 , 15886e8e , 15753366 , 09827d58 , 1b82a975 , bc8ba58f , ce75c76f , 8b5515c7 , 625168d5 , 93146bc6 , 46755ecf , 9fe2c2df , 4bc8c904 , 5caab70e , f865b565 , c99e128f , a10cb10d , f90b0bef , 36df0ead , d7937efb , 5bba571b , 8672a219 , 1659647c , 405d219b , a18ef397 , 490e3bf2 , 89a355a5 , e213fff3 , 063e72dc , e55ee7d8 , 57972f3e , 4913188b , c8099398 , 78f00d95 , ba13c8a2 , 29472f29 , 22773f85 , 2e5749b3 , e3d99b7a , d9da75dc , ff3e75dc , 639185d4 , 9dfbd76d , 3fc89cdd , 178ea112 , 051a415c , d142bd4e , 09aed175 , a02c6a7c , e33aec13 , e9040e82 , 5daaeb56 , 6515d0a3 , 86d8db29 , c266789e , 74824d51 , 090e9a99 , 344066b9 , 1ff82126 , eccdaf30 , c16da19e , 36d6a5ea , 56b0db57","42794f63 , 5f3acd25 , 56e89ff8 , cd667976 , 85434779 , 61823bf8 , da3ef6a9 , a319a9ad , b20e0b67 , 8736b22d , 30323ac4 , 9255df51 , a9faacc6 , d9c1a3da , b7574e9a , 057f5162 , 69805cfd , 391b7c34 , 3baa9324 , 0bd24256 , afdd6227 , 3184c36a , 0dbe12e2 , 916556d2 , 3a04d582 , 84c99fe5 , 38f562b2 , dc628615 , 3acc3b2b , d0aa362b , d38cff34 , f2dc1982 , a994ba5e , cf65b3d0 , ace5d03d , 6d0e017a , 26e9c863 , 938421ac , e95372db , b73fa90b , 791e9f73 , 2296d30c , be8a2c57 , 8be0c089 , eed397d0 , 57ae2694 , 40fbd76f , 55db320d , 1aafb398 , e818725f , fe00636a , d23a9c4a , 323d7cf2 , 6fce229b , 67dd4f11 , 4ec51954 , c03a40a2 , 18cdda9f , 357f4983 , 9771f171 , 9e17fe11 , 5ee35fa1 , 7b0cc9d5 , 18054923 , 33869005 , 3f0ca14e , f233153b , 3b6af97d , a45afdf1 , 8b302169 , 91f5d3e4 , 356ee821 , ba840df4 , 9dc6b1e3 , 581f0feb , eaa1b39c , e0e4b6ce , 3475bf9d , 4a22f404 , c7a774f2 , 6a9cfe05 , 24edd152 , 0df69c30 , 9a79a318 , 8e268b19 , 67cedb10 , 2ab93dd7 , a36b74bc , 0fb167fd , aaea69ce , c598dcff , ef4c9de3 , 9df6b315 , 8964554d , f7b68dc7 , da2c1036 , b523826a , bda3ce58 , 7d575557 , 20014ddc , 1473175e , 20b62c92 , 023cc634 , b89550d6 , 75a8002a , 5f7aec56 , 03ce2739 , be425b7c , 876f0b1d , 29b9e860 , c5919bd4 , 720015a1 , 9139c637 , 6b0aac5b , 8c919cb1 , cd6a2314 , dab8e9d0 , 8f842584 , 11029b4a , 60d3beca , 8ada726c , 01eb333b , b62b4132 , b826b4e0 , 4ec773d5 , fbbe1baa , 92dae72a , 2dca6902 , c49474a7","a033854b , e2f17555 , 93a3f288 , 5ad0ae64 , 96241744 , 585ca6e1 , a7e2c102 , b6226a3f , b6802f1d , d4df6e8a , affa2b2f , ffdab1d1 , 150326f0 , 14796f29 , 4da1fef0 , f941d0d1 , f67fea5c , 2c497e5a , 74522c8a , a5141204 , 848166ea , aa6b5f77 , 7175b38a , 5891d40e , 182f45ac , d41557d0 , 573a9c46 , 3af7c479 , d8cdd47b , 90dd2cae , 2a0411d0 , d663fcc0 , 76ec99e5 , 76aed28b , ddbc8e97 , 49f2050f , 532f0970 , 1586a5f3 , 1f961a8e , ed9cbc47 , 8cc9c5da , b2bceb2b , 4b999292 , c9ca5ba1 , dddf679a","e656970c , 0167d61f , 1f55b5ac , e0e1e9ce , 681b6cab , ffdab1d1 , 9471714d , fc6e3313 , 539b3df9 , 5dc69d7f , c99b4002 , e8ff227c , 3ae90975 , ee7b7fc3 , 62e4b0ac , 9bfc6aa0 , ef4f6893 , e0a5a219 , 7a959e63 , 9ec02d50 , c0f47b03 , 5a9a050a , 4bfd048a","be28e0c4 , 9714983b , 42ae66f5 , 936a367b , 6230be12 , 54b4a059 , 573a9c46 , 80513a76 , c3d38a72 , 5373c11d , fef2f309 , 7d9b613e","a3374976 , b4b2941a , c9695430 , 2db00c88 , 3b7fe1f3 , eeea5d8f , ed88cab6 , 8e64fd48","1093b519",
"FC","DISPOSABLE BAG FOR FILING","165.00","","4/1/2026","1","2","63551974 , b2cde845 , 831bd354 , 6f022129 , bcc1ff13 , 3bd27309 , 4be432e0 , c544ad1e , 0544dc56 , 634d91a0 , 5bdea042 , 6d870dea , 6b13b560 , ad73700c , f604a9b6 , e7235d81 , a7006ea0 , b728111a , 37d8b0ec , 1e84bb81 , f2577611 , a45832ed , 5535a114 , 5ba4673b , a6b45205 , 36a93ceb , a8683509 , 1682b974 , 46b6d4f7 , 20a8445b , fa241072 , 8dc7f7eb , 7ebdc88e , a821e0e1 , 2f452806 , c5d73fcf , 8be8acf2 , b1c5b07b , 2c1845f0 , 27a2ae0e , 60509860 , 4eb5bcc4 , a746c470 , f9ab14ba , 9d65c12f , 80b0e11b , b79cf529 , 7dcefe23 , 21340401 , 7b5a748f , 19b5d359 , c396139d , a2a532e6 , e66d54ce , 1a285ab5 , e30f9c05 , 274f9e41 , ea62f589 , 309daa7e , 36198618 , ffac3297 , bac0a1db , 904d07a2 , 7138c68d , 7f724654 , c6722b96 , 3e839c6c , e00f3522 , ab61c4df , a698a1c2 , b2b15a96 , 4a61671d , 3fae535e , b774c84a , 56c071b6 , 548a8159 , 0d30f470 , 3e2fbc6b , 0ae02163 , 54f67028 , 1dafa541 , 91d2dfbc , 9a810ba1 , c16baccb , 5d0b7fc7 , 88d89051 , 1e6b6127 , ef37bd58 , 25a15cdb , 8ce37fb4 , d6f1390e , fdbcf2b1 , 0729b4a9 , 1f03d9e8 , 80fff048 , d97f5ac9 , 464582d3 , a8a15a57 , b93578f7 , 681b6cab , 96ede701 , e64630a5 , 1b54a91f , 26e9c455 , 54b7f3a3 , 147f71e7 , 0da0b509 , aeb31446 , 5caf71a9 , eb6db13a , 36d9c999 , 93a3f288 , 952978ad , ef12e667 , 4191fab3 , 9420e5b7 , f03a1d69 , 63f83b79 , 6a2e9fee , ab310eaa , a54df642 , cafaf3cb , be06eaa4 , 447b56ea , 7a101044 , e95b5f09 , b070790b , 7ff31d3d , df257a30 , 920a4369 , 910ca84a , 839b224c , 52ddb7f1 , 2c34a943 , 754b8494 , 573b18bd , 36abff9f , 184de4ab , 1aab8559 , 531c64c5 , 1f6afe86 , f7d087a1 , 0d7b52e3 , 4aeedd7e , 691bfa78 , 9f8b2d94 , db3871c4 , 23486af6 , 2688c77b , c542897e , 726b1d80 , f6851c74 , 04f4ade8 , 96241744 , 436bb7cf , 780149df , debec556 , e26b6843 , e4bc65d9 , de810aa2 , bf360399 , f0a5e3fa , 2a6a28fe , 43920abc , 8a2be253 , 9a758646 , d27e5b90 , c77ebdfc , 1b4e4235 , 2b2ed138 , 38f568a6 , 24350b72 , d6330ec4 , 6041864d , 237dc3f0 , 4720a379 , 830f90f3 , efc0633b , f537130b , 9f17d6dd , 8cd63430 , cd4397f6 , 708a7232 , 745ca35b , 470d2cf4 , 49f3a46e , 9481a279 , ed011aea , 9d209370 , ed987a9f , 363f899c , b1f77e47 , 85332ea2 , b2687626 , 1a462fb5 , 88b82c14 , f45366bf , 998fa0c7 , a80272be , c2719d0e , 338571d9 , 1c21d2bf , 440586cf , 12560480 , a4959d72 , d58e04d2 , f969ca72 , 0a423c2b , dfc64d07 , bf9f0935 , bc822710 , cc9b1387 , a87a5db1 , 8c78a967 , bb1d6d6b , d2d30e93 , 78905838 , e39d7605 , ce56bf54 , 3d26dddc , 88248dcd , 800fac55 , 8a660ef1 , 9c5c803c , 2331fad0 , 5470fd6f , dea5db7d , 0e9f1818 , 65948231 , 662db009 , 0873f1e2 , de1f88fe , 6b850fb2 , 2c6cc8d7 , 3da23379 , dc51ae0d , b860f5f1 , 9ee5be97 , 1646cffb , d9a3e0b8 , 77a2d50c , 50112901 , 9ce08ae8 , 7289db4d , 1b5d0a85 , 27b088b1 , 822328b3 , 0a392290 , 57b86615 , 5cdd55a8 , 3302940d , 77466d93 , 2af56d2f , 2ae9a522 , 932920ed , 8e63c540 , 424da68f , 1fcf52e6 , 73ea997f , d270d18b , 5f9ae190 , f46dfc27 , 40a536f0 , a1ab38f8 , a1382865 , 9b9ffc07 , 0a38baac , 5593821d , 6e776a67 , d9aaff9f , c50aaf31 , 217f475b , bb00d642 , 42994723 , 9cfbdfb4 , 9523637c , aecc1960 , a12bfb58 , 18745279 , 583bc9e0 , 45ff6fa1 , 9b5fc23e , 908b6e7c , 4f95b026 , 54a61c08 , d12c31ab , 2fea40af , 1a20a909 , 0f5cc2ff , 835bca49 , 1569d227 , 9b2765bf , 4b4ca010 , bbd21749 , b59209c7 , b0463986 , 4dbf7edf , f73d3cff , 5b7c6902 , 61e2181f , 6c668c97 , 295897a1 , dc1db443 , a473b9d7 , 0ea16329 , 9011a967 , 987492b6 , a0b6a214 , 85452f4b , e3e0dcd2 , 5e81cc20 , 738d84da , b4d9229d , 195895c0 , e84ce157 , 8199a1cc , a9fc5f93 , 448951b7 , 47f3c3d8 , f6564220 , 5f13f2c4 , a896b979 , 2bb85111 , 6ab47316 , 3fd5bb19 , 99a17404 , 8482c227 , d1c652a2 , 2b57da53 , 5a2c9e43 , e2755a4f , d0da3621 , e114694f , 0358dd70 , c181e3af , ef56c6c5 , d575a219 , affa2b2f , 9d628635 , 8977ba51 , cb3baf3f , 150326f0 , 2cf38ab1 , cdb18439 , bdf36c72 , 07e45fb6 , 047ada22 , f00ccf68 , 079927fb , c0c75147 , 4bc8ae2b , ade33edd , b9557a8f , 8637ba9f , c617db7c , a60c085b , 13445154 , 7cec3050 , a6bfaafe , 960b63e0 , 21b97e08 , 40a7bab1 , 88bf931b , 45870a25 , 39a3ca2d , 7467a245 , 17f5a55b , 24add217 , 2a6de987 , baf2195e , 2d9a479f , 835d7d23 , 14a01257 , 19876295 , 1a48ad67 , 49332ccc , c11d84d5 , 14f3d205 , 2151af1b , 0ac0394f , 6560d7a1 , ea1cf11c , bd78768d , 45cc8a82 , 2fceba80 , 0d126a71 , a6d63903 , 649d28f0 , f838ba70 , afdd6227 , f8aa9ba5 , 9471714d , fc6e3313 , 857773f5 , 4979adac , fb117e3f , b4a8598c , 5bedec4c , 09c27933 , ecc575e4 , 38fde861 , b66ff9c2 , 7f43321e , 25c1eef0 , 84f8a658 , 0dc030e9 , 129c80c2 , 241f7bb4 , fa15137c , 98cfc53e , 6b00f6a0 , 8d4ac602 , baa9fc6c , fefb1037 , 7fbd93f4 , bbe19e6d , 9c42bc1d , b98a4fb1 , 7c838cb5 , 6da4981f , 796ae460 , 5d22ed0d , 3a03a5cf , 30fb3996 , 5c071dc8 , 394c8e9b , caf21604 , ff33c255 , f5743d8a , e16bdebb , 593a983c , ac56f4f6 , f15a3b9a , 1c50b3db , 58b6c675 , 88dda0c6 , 2c826a16 , 4279a0d9 , 5bbccd00 , 6cf84b77 , c2dc0774 , 8aad9de0 , 4f0dc485 , 032fb000 , 050694a8 , 3c0028b2 , e3aca854 , 3dcf1e12 , 1cd924e4 , 28e876f8 , 871c6f23 , 154e3a3b , 9aefb6ee , cc14174f , 3fb3db6a , a4b6ee4c , b0fb28a0 , b1488e41 , 38380d48 , d9f6b077 , f5b8fde2 , 3093d071 , 5b01951c , cd18a979 , 1f77046e , b35fd365 , 24786eee , 87121270 , 28350d56 , 2bfb7352 , 3b815358 , 7663033a , b4bd5314 , 0d33ec51 , 87599d60 , 79e0364e , 3b6b71b9 , e49da50a , e4f6764d , d36ea5d5 , 6ffdd314 , 7bc6a3cb , 7369380c , e5a1c6cd , 03017be7 , a32e30f3 , 1945dd0a , 26deb003 , b514a77c , 3b45c6da , 17bb20c1 , 835abfc2 , 417783d1 , ed88cab6 , ce3e058b , cab25018 , e7643299 , 46b14bf6 , 4266cedf , 0f6501cd , 6e2839fb , f833545e , 2b3e1645 , e13f76fc , 90610c3e , 3f5fa504 , 3514fec4 , f7f88ed0 , 99fc71cb , 5c0d9ca8 , 91899c5d , f83c1eaa , d7d6ce1c , 312f2492 , ecaf45b4 , 9b1dbb56 , 43137d83 , 9490b9dc , f68c14e3 , b10869a2 , f1a3bb2d , 1bdcf1fc , fd3585d6 , 024f2a47 , 8c7a0371 , 66e5e4f3 , bb7eb4b8 , 8f62a772 , c19656c2 , 19a8a945 , -482130 , a437df24 , 429095ee , 48043936 , a664b176 , b157b709 , be8a2c57 , ef13b884 , 55865315 , 63a2e830 , 51fb1f1b , 822e5c3a , 6445f103 , 6c18e58e , 3a77b8b8 , 40383400 , 2d29892b , da79c4a2 , e1720094 , 40fbd76f , 24976bce , df89f749 , 3aa8a3cc , 345a76a6 , c65d55da , 6d3db764 , c96c64b3 , 1db4861d , 7e21f84b , 2ea70849 , 0b3583f4 , e2dd2054 , 5a55089c , 712863ed , c4acbd69 , e818725f , 13dd6645 , 6dc4845d , f00b2d01 , 81a810e2 , a9eb93be , 3230164d , 2455c31c , d6b8c184 , 77b01c79 , 0ca9e728 , 1bcb3d5a , fb5a0b41 , 8afea807 , 79545b66 , 22dab64f , 7ee32d9c , ee8b2bdb , 347cd241 , 6cfd2a86 , ce423b3a , 3d6dbcc8 , a4dec9ef , 81a90496 , 02e799d8 , 4fb385a6 , ad163249 , 69d87da2 , c031df6b , 8779b61c , d667df07 , ae7c525a , 7309835a , 76982cbd , bc2071ac , 5504bd66 , 6bc49aaa , 8ca1aea5 , b0765f25 , f96095b1 , 104724b7 , 25d286b0 , c2c99267 , f13edca1 , 02f028b6 , 3af7c479 , 589cf99e , a804fb02 , 55fa2e41 , dbd1a4b1 , f6215b43 , 626202df , ccc2e9ac , d6d56c5b , 57940fd1 , 190fde90 , 7108fc3f , 015ddab7 , f7f42d67 , f0504b06 , 7e53d7cc , 32e93acf , 4995f922 , 25eeefdd , c00aeefd , 6b8d4c89 , 3224b380 , fb0731dd , 10147689 , 2edfc94c , 1c57407b , 1d0ab0de , 3e16ad67 , 5f879d54 , 8d503c27 , 23e01d25 , 68f635a6 , d6dc652f , cc6ca9ed , 7a3c0fc1 , bfc7827a , b80b7cb6 , eebb9643 , 80513a76 , c3d38a72 , bd182297 , a226daf3 , f4a69be9 , 71c7ab89 , deac5cc9 , 17c778b7 , 01d36069 , a1197f28 , b17dbe07 , f54ad78b , 84c0fa45 , dc1f4dfa , 2f665a43 , 93ef3ae5 , 34b72c58 , c03bab4c , 47f9180f , 511cd571 , 41b257ec , d52ee225 , 4ed307b4 , 1de9aa86 , 8801768d , 1bc38953 , 2bba5a42 , 8d850dd4 , 4257b430 , b6f62a81 , da6ecb5c , 150af4f8 , a509b5ec , 0a447f91 , af989132 , 0d99d7f7 , 76dd9a3c , 218c472c , 3420da0a , 0075a886 , 09547e8e , ba820d9a , 791f4b84 , 1aaa843b , 68540f52 , 172ade85 , fd9a6ee6 , b1ee1332 , 75735874 , a3d1a86c , afa357ec , 7b6f9a25 , 3698ee8f , bac21718 , 4592a3b7 , 9138d4b6 , 1e66d24c , 03ca9442 , cfa852c3 , 7db7cde3 , a700b2f0 , c37ed209 , 3e3dcf24 , 3398340f , 27acaae9 , dd728954 , b9a452ab , 2e2c92c5 , 09c27f1e , 3d6078d2 , fd266e42 , 98cfdaac , ffa18f35 , b6be4e74 , 4a454936 , 04befd77 , 0d5b075a , 76ec99e5 , 19900e6a , 41de6fee , 970127f4 , 55682083 , 8dc25ddf , 0dd3f14c , c9cec218 , 323df2fe , 99451953 , a12960df , 31281830 , 7a7a5f0f , 71298b7a , 8512049f , aca7d313 , dc24b68a , 1aaf0d3b , 7245ce10 , 3075ca0d , eb9018f5 , b6a0e04c , dad11057 , 59613f12 , 2d52151f , 6d118525 , efef4b3c , 4d58b755 , 0e6dc7e3 , a32fd786 , 37b14812 , 3a3b6ddb , d344202e , 68965896 , 0350d930 , b2454fd0 , 982faec1 , 6dc18430 , 1d28b047 , cc3f01ff , f859a67c , 514e4cbd , 28d2c7e1 , 9655f42a , c6b11851 , fd4bb7a5 , f8887e4e , c3470997 , 73f2b799 , ddbc8e97 , 897ae851 , da51a104 , 9fb83a68 , 44d84ed0 , 26e74a1e , 33ab14ea , 2c095f1a , af8fc6af , a067cad2 , 8872e8d9 , f6e92475 , 49f2050f , b59c66df , c69a1c36 , 9dc41b12 , 6c0af1d8 , 1486abb2 , cc2ef62f , 8b9ca2a6 , cd621586 , aeed2dd5 , 013b89d8 , 8c2245de , 24c42e19 , 5dac27ee , 25a25b41 , b069bc3b , 86b43135 , 5fa6d616 , 16b1a603 , 1a7c4509 , b30f1481 , d4b25083 , ecbbfb03 , 11d94eee , ddc61ec9 , 4b1774ab , bd019681 , a1030897 , e9b670b2 , 03a4ecbc , 59a5d6d3 , bd610a43 , e3d05a27 , 09f30186 , 5550054d , 5464e1a1 , 2653dca0 , a8fee83b , 04a0421e , 5c317769 , f08623b2 , 341fb7f4 , c2c0c17c , cac57082 , 939a4bb5 , 5a989cd2 , 8d3b00e1 , 54cff2d2 , 5a7aaeaa , 0834bd37 , ab02215f , 227c556d , 8e036bb2 , c623409d , 9f2f76ab , ab758cb7 , fc986131 , 06206d92 , 6cf5756e , 0bc4c793 , eb8b0f17 , 44644096 , 1a5c586e , 6853f841 , 85c5a7d2 , 4f22f5c6 , 36e878c2 , 4e80743f , 055878eb , e9144784 , 5e702fb0 , 0a7a3e89 , 37efd286 , 68bda9ed , 98c3038b , 1e489d91 , 828fe15d , d6e40843 , 3d4055c7 , d78e2817 , 96cb4d9d , 1022e1ab , ef0ff1c2 , a0a66bee , 201d4dae , b3e9ef43 , eb7a52bb , c0726775 , 7fe93519 , 021d9afc , 62e9002e , e9af9922 , 4a4782cf , 49661b54 , cf965c03 , 741fb0e7 , ee608dda , ed01f330 , 4a8edeed , 355da36c , 85d23e1c , efa912c5 , 60669ebf , ae525963 , 8945fd59 , 6421d6ac , 6fcc6ec4 , 158d711c , 44b0881d , 0cff8389 , 03f52878 , e40a8358 , 0e56a6e5 , 97f15f08 , 51b96af8 , ce0b5c45 , f21b2546 , 1875cb78 , bce27c76 , 17e8c083 , bc33341e , 75d08452 , b1a712ca , 1d7450e1 , a741953b , 261896ad , c06490e3 , f129f1de , 40fde5ac , b064298a , 8c2a3eac , 4d186526 , 0f0a1f35 , 46ed87f1 , c034cddd , 5aa85130 , 0c4838b2 , 4bb89ac7 , 31dd4774 , 3ea65a04 , 69cc5bfd , 100e25e8 , 1988891a , c111ca64 , cdd8ca5b , 8068aaba , 58b0c3ae , 29992743 , a6ef2f7a , d950165a , 051b4ceb , 65048fd4 , bb60cbcc , 291be0b2 , edb3b1f4 , 1e80080f , b6e781a9 , aab0b3ee , 1402924b , b0357f5f , 1f2a4022 , 6d797e28 , ae37eb01 , 3ae62abd , e604c434 , 9ae02cbd , 96360286 , 694cad52 , ad2413fe , 03ae990a , d78fa27d , b71fb2f4 , 27776fe1 , 1c73d1a2 , 3d460103 , 5aab4f5b , a8ad823d , a2e787c3 , a3caa493 , b3842ed1 , a402311b , 80be7edf , 2e24e375 , a4f7af1b , 40b42695 , 1ea2987d , 67715b16 , 20c5eb48 , 0fef0bb1 , c191cc2a , 1f8895b5 , 03a39e01 , 7d1fd43e , 391a2d30 , 3e8d9c3b , 253593eb , 63e49e33 , 7c7ddc5e , c1150dc5 , e1b7fe8d , 4adfce61 , e8166c39 , 15df64ce , 0e76e772 , 9588185f , 1c61e0c0 , 0d1bf9c5 , 2abfeaa4 , 7d9b613e , 1ab92355 , f701d61b , eb8aa8c5 , 206284ad , 14d9eba3 , f6380c61 , c41bf552 , e364809b , 6e44f59e , 3d4c49a7 , 2b1a74c4 , 8e0e3d52 , 75d510ae , d1fa8709 , c10017d9 , ff503a09 , fff35908 , 9d418d16 , 9f0b9ff9 , bce6a410 , 206fb0a2 , 0b87d74c , 9b8e2411 , d9dc1728 , 8dbebefe , 036befaa , 7ccfc939 , c9172e71 , 801660ae , 80a87c38 , 2d6514fa , f2148813 , 566234f9 , c100d498 , 268a568e , 297ff0f3 , ce9f1a86 , 8371ee9e , 8acd71f8 , 2e32f5bf , f21d9b20 , 49d1340b , 8c919cb1 , 229b3423 , b4fc9f1c , c00fcae2 , b2a2fd2d , f4dc39fc , 37e56eb2 , 1782ad82 , 0bef61b7 , 2295368a , 97ee7bfb , 6319a8ab , a59339a4 , 6a502552 , 85928c00 , bc244141 , a910cc0d , 6b53da31 , d30f54c4 , e7a411f0 , fda4fc32 , 6ad944cb , 3c0c58b4 , 98728da7 , 51a1c6f2 , 4d6e4ea6 , a0fc87a8 , 7411a870 , 02b46296 , cc5fe031 , 17671a15 , e1467a06 , 8e64fd48 , 92c6fad9 , 8d22a615 , 69196f54 , 39c7493d , 412624c4 , 6287ea65 , bda58bb0 , be4a4a52 , 2f6019d4 , 0f60a2b8 , ac21fb1c , fe1a842a , c1355ed8 , 2957961f , 0ecb940d , e81ada32 , 0bdb6dbf , 58b023a7 , a8c15307 , 7a171333 , 4f1f50e0 , 5b4aee82 , c61a8da9 , 1856e45b , cbf6d201 , 6bb74879 , ce2d16a7 , d831632e , 0ee668d2 , e944f492 , 0735a6f7 , f8acef92 , 8cd1df4d , 212e3a08 , 4edc30ea , 2944a0dc , c613f949 , 88ecde1b , eee24ab2 , 83a82c8d , cd508d2e , eeea61b7 , af13b9b1 , 9dcd289f , 7a7efd68 , 0290fdcf , 7acb5201 , 541faef7 , 9e886b66 , fe9ffc7c , d15ae5a5 , 10ef426e , 5b94ed51 , 98a000af , 8fff444d , 4cf046d3 , c3851039 , a439491a , 37cc4b59 , 975d19d6 , 7bccd887 , abefd6d8 , 538d9614 , ae1a5871 , 89a7bee6 , b1f5e437 , 647caa1b , 244e1f45 , 2d2de678 , afc6a781 , 3f3ff473 , 2d637c88 , db4f26b6 , cd4bde12 , d5c85938 , d19bdd7f , dde84236 , b5e19225 , 7953ff1f , a5df2095 , 32d868ef , 5a7fcc9c , 7a03adde , 382f440d , 28032538 , 5d07aa4c , b419a9c1 , 5ff128a1 , 92dbc6ee , ea1dc2c5 , 215deb3f , 55f214d9 , 6038a56f , 337181ef , 2bce1dd3 , e23397d5 , 0e30cd4c , aff8a780 , a8bb0236 , 7df92782 , 217c1401 , e574b9dc , 95a018f9 , dc44160a , 7dae6354 , dfe53666 , 81b1b5e7 , 07cf6eee , 9c6367a0 , 3df5c3b1 , df8272a6 , 4befbd46 , d5b88f04 , 9028cc21 , fb28ad59 , cb66cb5c , 4d652fad , b9792d2d , dc76ab5f , 1864c2cf , c6eeba5f , 1dce6ba9 , b2e5b8a7 , 03db450f , e50e3d54 , 8f468abe , eb706869 , 0fd61cd9 , 44f4a8ee , e67d407f , 7f7d9ac0 , 1d1ba5e1 , 7658dafe , cc3d486b , ed9f340d , 221d7d25 , 3eec10ea , f13f6778 , e6a30060 , 38d4554e , 217e9db9 , 1eac6382 , 9bfde9d3 , 40eeac89 , 677df82f , dc3fe875 , b5040c49 , afa08a0d , a1842edb , c82db35d , 285abc7a , 0ca3333f , 220f8743","a47f8b85 , 1977c764 , 41b21fa8 , eabc47b9 , aacb24c4 , a58727d8 , 6edf63d5 , 9ab9efca , 340d1b3c , 5ba6c5f2 , d5a20fc9 , 4d53824e , 23b4d396 , 96f2a217 , 061dd7ac , 91a5cd6c , 6cd22e58 , bb17674b , fc56f830 , efa3f2f3 , f5fc4250 , 5ae7a781 , d577dd9b , a6e2d3ce , 8f9b5312 , b60b6733 , cd30fa6f , f5082fe0 , e99a764a , b40129a3 , 516d74aa , 6639587b , 1bea1427 , aeef1796 , 1e6b6127 , 99cbbc5e , 934000d0 , fde2e9bc , 53459b95 , 6c669bec , 90f34c8d , 5b94ec8a , 2a192e8b , e0418ef9 , 784954c8 , ab0513e8 , ab75028c , e7d368fa , db936d5c , 668c98b1 , 3384b463 , e0a6dd76 , 821d65b8 , fd352e90 , 4a16aaa4 , 31b7070b , 40b89314 , ffddd78e , 74437c38 , 364a867a , 6ae3c3b0 , c40831e9 , 4f92a72c , e6ff5d66 , d3957b5b , 19e37e23 , efc0633b , 20a51335 , 44d8c0eb , 853a00c3 , 17c24768 , 19705f20 , 0aacc45d , 88f1416b , 035bce71 , f69b24c2 , 68194013 , a4f1c265 , 85ca5250 , 0ebf8c17 , e2a57978 , 2ce312c7 , b33fbe77 , 8b870196 , f8fad9d5 , 3302940d , f6154c16 , ddb7f75a , 08660f42 , 0c787b49 , a56cc631 , d6ddb7e9 , fec9d81b , cd28500d , 1adf4419 , aad584d0 , 8b18b59f , 443ea43e , 22d07913 , 7ba31a73 , b167b8bb , 1e46ce83 , f292bb54 , b764ead0 , f1256976 , 11c3d310 , 0f94b3d6 , c04f2bac , de515bda , 1457a0df , 9e1ae8c4 , 0155338e , 812005ea , b16e632f , 5c85c548 , 63fa6511 , 838c9cd0 , 35a46f2a , f820f9bf , 1881166e , d4df6e8a , 08d7c504 , ea0e341e , 682bfd1b , c1999f9c , 6d69b45a , 7980eb02 , 949fd7db , bb64166d , 5a99c3ee , 107ce76d , c9d981cd , 15d1293a , 8f93aa02 , 9f2c671e , b50a3871 , 52ce8524 , 07b6e060 , eaf95914 , b6187b7a , 861112ae , d01111fe , c2572bd9 , c242813b , c8e56af1 , c5af5124 , 8c935d39 , c4821b55 , 5a0f408a , 5283e2c5 , 0c73c331 , 29b17f40 , a360174e , 3271817c , 5cf28c85 , 53bfefc1 , 0915dd85 , b6286123 , c2ceabeb , 59f975fb , 40e9dd5c , 2f84b4ea , 97eaaf4d , 63fe7647 , 31452875 , 39361692 , fe7acbeb , 116f5c23 , d976bbc8 , 57518e4d , 256e388e , 0ba4ab0f , 06059d31 , ee2cc7c9 , 30f2564a , 699e44ea , 9f0dd659 , 828187a9 , a028fd46 , 2fe34bb1 , 911b6d9f , 06a63773 , ebb942e8 , d5d061f0 , 582bd471 , a4915285 , 33bea0e4 , ab97f71f , 8dd3c72c , 81f9a8b1 , aa5d00b9 , 8e48b4c1 , bc22d2ba , b3c71e17 , 3571fcdd , 8c01ddf4 , 18c124f5 , 04ad3755 , 428c9a6b , 57ae8fd0 , e51a195e , 131d1078 , d6aff0c8 , 9105724d , b98e85c8 , 25c26154 , 88cb2289 , c72a3b9e , 48a1c576 , e5b3c4f3 , 8eae1a5b , b2e0c022 , 136c7c5d , 31b52f72 , 20b0e9ba , 92bb4174 , c77ac717 , c9c4f99a , 5e7ebe99 , 0964a7d5 , 9f24546d , ed5250bc , d2ced20c , 0e63417b , 5ff109f9 , 9438cdfa , 8bbb7500 , 63ff9a95 , b61e1387 , 44fd1872 , 3e0b3216 , e8ff227c , 3ae90975 , 9e3b7ab8 , 9a00c6ed , 8a7276c1 , a9d361b6 , f2cf33bb , 28378f94 , 6b95afcb , 06555b60 , 27ee0e72 , 1b233761 , 1f9b4fb0 , 034f9ed2 , 094fbd7c , 6481769c , dd42aa33 , accf4bde , 9dbb4f68 , b2ac90bc , edd7af8e , 2f25a188 , fcd30b72 , b5280d10 , fc134963 , 1351cd5a , b217dcf8 , deac5cc9 , 0ee48f32 , 234084f7 , 2a0411d0 , 304957ef , 50ead0c5 , 7b6386c7 , 24562ce8 , 393f2395 , e4bfaf0b , 523c0d70 , 3ec86de3 , 1215444e , 981aca72 , 4eda65fe , e6e4b82b , d57f9bbb , 36de9cdd , 04a0d3dc , 8f0189b8 , 176df620 , dbf599b9 , 989e47df , ee7b7fc3 , f865e3ca , c80cd929 , 154fd7d3 , ceed84b9 , 97333fb5 , 2a89bfa7 , 304eefde , ca7e1431 , cdab1296 , 29249c9f , 5da2db82 , dafbb715 , 77c6c918 , 5d544522 , 1b24607b , cdd040c4 , dadc1a04 , debf8ab6 , de65c4ca , 6704816b , 95fc9187 , dd079c1d , 6ac836f0 , fe4f997f , b6cd5d79 , 363b0c4c , f7703a1b , 4ee8d4df , b7b02820 , d59dfe3b , f5f17d37 , 90597ed9 , 69f388b5 , c8a36224 , 5d47df15 , c126527d , cc725dfa , a33ce15e , 30c7b8c8 , 91795289 , 8a3f4143 , aceda010 , 7195913c , 77b2af2a , d0e392eb , 62e7c4b8 , c006d0c3 , c5a34da3 , c0414c2a , 85f2aa9c , 4bf4f69f , 5752caa3 , 60997856 , cc7fa45a , 58352234 , c4e830b9 , 04d432d7 , 355e49c0 , ecb1de1f , 1f3c8cc0 , 1586a5f3 , ef4f6893 , e0a5a219 , 7fe77c4f , edc1b1bb , 0c86ac57 , 9ca59d4c , 0f9cb81f , 8ed97fc2 , 5373c11d , 192d9c48 , c920945d , 46eeca1d , a0ba3363 , 5443d825 , d39171ca , 55512689 , 9304a91e , fde8d16d , ee010fb6 , c989a83f , 21044204 , 91db7355 , 107c192a , 469ff8d2 , ed396e7c , 79d4c3f5 , 9a33bf71 , d74774b8 , f054dbec , acc1d6aa , 499c1909 , e285021d , 44f77123 , 85046ab8 , fc5fdc59 , 22b37d33 , 42632df1 , db099cea , 6d17cfb0 , 918f2b7b , 73a80448 , 526fdd6a , 1cd423c7 , 19fc7d79 , f28a9414 , cb0fe1bf , 6b5b1375 , c54c2b0a , 6e92fc58 , 5a4d7f01 , 2b63b361 , c0f47b03 , 15886e8e , d99222d4 , 15753366 , 7ab245a6 , 09827d58 , 1b82a975 , bc8ba58f , 97953a48 , 9a3fed2f , 103a649f , 6759618d , 3ece91ef , dbc78ca7 , acfe6c01 , 1df22df0 , c00df42e , c5d83ad0 , 16f2b7c9 , b52c7f00 , ce896e3a , 71f40d8a , 35db20ff , e85398b7 , 78b66401 , 59d810d8 , 36a6b009 , e79460e6 , f63bbd3b , a2722273 , 8312e4eb , 03d25ed0 , 1ab761a1 , 60de64b7 , b4c5519a , c11167c6 , 899e01e2 , 43e11c61 , f0ec972a , c2fcd146 , 84bff6b7 , d8cc38d2 , 5671395b , 15b611fc , 3f197214 , 89224dab , b266fdf3 , 3412ef61 , 907bce4c , 2020e12e , e01ca2df , ddd8f823 , 396371df , fa700c95 , a3fec5f4 , 6dd29bac , 8409f799 , b2b43611 , c9538e90 , 27f62c39 , 5e467bda , 24fac614 , 458ddf68 , 823eb299 , de44d392 , 882e685b , 5aee471a , 433faa68 , aa9c5d1e , ed471b84 , afc9e3a2 , f052b55b , c25245eb , fe10f28f , 409df502 , 33940172 , 5b8733fc , 0abfaf7e , 172590c4 , 7eadcf20 , 7eb72034 , 1d488c9b , 73a089ef , 03b7508f , b4a923f8 , 4bfd048a , 29e83fc1 , 143b2112 , cba58692 , 9f3739d6 , d1e4683e , 8b0915ad , e1cc8a91 , f39200dc , 26615334 , 6dc34c8a , 0c6d9713 , c80acf8a , d5572008 , a2a75904 , 5d46d68e , 37c1cea8","2cae91a6 , ca16d8ef , 34b7b23d , 9a810ba1 , 43a38616 , 7f027149 , 2b43f8f9 , 49d501b5 , ce0ad8e2 , 59525034 , c223b174 , 7e9c8feb , 0b0e94b0 , 1ddc5bf6 , 915e679d , b49f33d1 , 1adbad72 , 497bf555 , ad677bd8 , 107532a5 , 2d8a4b19 , 20607fbd , 11c3d310 , cac27d0c , 057f5162 , f6991482 , 9565b1db , cc05e8ca , 8320a433 , ce39c274 , b727e6b7 , a6bf54b8 , 58788ec5 , 3a1bf94c , 1f7970e5 , 8be0c089 , 3f5ca57c , 88bc3d25 , 47f4a0d9 , 2c7e8b50 , 65fcf937 , ae18215a , 8a1c6af0 , 047da836 , 8ba9129d , eaa1b39c , ba951365 , a07b78f3 , 7902794d , c2c0c17c , cac57082 , 66f0ae71 , 07e1e1e4 , ef4c9de3 , 152a7fae , 176b6ddf , f2efc39d , 0c8f83b0 , 9306ed20 , b89550d6 , 88c972ce , b44c9a3a , 3cbe4873 , 138fcd38 , d142bd4e , e932b0f0 , 6fd9256c , 6d6a2add , 130ae5e4 , cb1d7bed , 147ede69 , 5735ff00","a3374976 , b4b2941a , 22f5f492 , 85434779 , 4d270278 , 54c1d2f3 , b20e0b67 , 87d777e1 , 49d2fdc6 , f031a16c , c2f033e2 , 3a04d582 , 7175b38a , 5891d40e , 182f45ac , 3ae251d4 , 539c4caf , eed397d0 , 1fc2a599 , 5534baca , 7fa73531 , 32a8b560 , 1ea68108 , db932b7f , c89182f6 , 8cc9c5da , 9df6b315 , cf56ecb5 , 444fccd2 , 244e1f45 , fbbe1baa","54c1d2f3 , db80698d , a179763e , f6044974 , 56fde994 , 3baa9324 , 03ce2739 , c3f1dcd7 , d142bd4e , 2dca6902","e0e1e9ce , a7de9635 , 539b3df9 , 1aafb398 , 21234cfc , b0bc95a9 , d73d4dbd , a38162f4","b46c7db6 , a7de9635 , 378cea28 , ff9c941f , bf26101d",
"RBGM60R","ROUND BAG","650.00","","4/1/2026","5","6","3e005bc2 , beb21459 , b4a69a1e , 9afeea15 , 2dc05667 , f3b3fc41 , dcbbc1e7 , c5cf1535 , f215d326 , cf65b3d0 , 08b9a8b5 , 9e3b7ab8 , 65600412 , cf4a4440 , d55e6659 , f5949608 , fa6a4be3 , f5305e7e , de2a94b9 , 63532fcf","aea1d31a , 2332af22 , 67617819 , d8edeb43 , 54984b8d , 6f36f32e , 89688969 , 40cca0ce , d74efad5 , 1ea68108 , bf26101d , 33dd88dd","e0acffcc , c2ceabeb , 67617819 , 1351cd5a","f7f0e2f7","50636b4c","bd8ed36b","",
"2INRB","2IN RUBBER BUSH","60.00","","4/1/2026","1","2","e0fe7cb9 , 0c7c7126 , e35a8475 , be114909 , 3013bb3e , 9228db43 , 10e0d97c , 21111f78 , 410415ec , d894aeee , bedd4c38 , f8894fc0","","","9654ad2d , 1be947bd , 78754162","9d95ba39","","",
"TC","DISPOSABLE BAG FOR POLISHING","280.00","","4/1/2026","1","2","e4aaa198 , db389322 , da9a89fb , 567673b8 , 176d0e97 , a47f8b85 , 678c0e58 , 42a016a7 , fc20a8c1 , 23abe7ca , 1977c764 , 5f8df875 , 5dea6fb6 , 1bde4022 , 854f79c5 , 94653c60 , 8953408c , 0ce2cb8b , 9ae74506 , 7c9fbb61 , 7dc7b79d , c8a57366 , 8bff29dc , b203f9f8 , 8f3097f1 , a7c17802 , f5d56bfe , fddeddcf , 9d1f072c , eaf73e39 , 67f2c181 , 11931882 , 4b20b911 , a11bcbb9 , 1d5bed50 , dfda266a , a58727d8 , cfa939f2 , 6edf63d5 , 9ab9efca , 1a317c1e , 3d2a6a0b , e080244a , 941daf5f , f86ecda1 , 25db228d , d5a20fc9 , 23b4d396 , 96f2a217 , 8bcf46cb , 061dd7ac , b6a1b511 , a4b79a53 , 91a5cd6c , 8aefcbba , 1bcb98b5 , 8904ad44 , 3fbdc1a7 , 00f3a109 , 04a68ad6 , 26426cf6 , ba482cde , 325cf09a , bb17674b , 7835dc6e , fe20b967 , 5dd353eb , 28a3b4c7 , 71fae069 , afc71e58 , 1059bbed , f21f3de3 , 6dc69ff8 , 2a31c343 , f5fc4250 , 8fceb48c , 5ae7a781 , 72688cb6 , d577dd9b , 30978423 , 465dd5c2 , 95c9fb90 , 98292001 , 2b42e12a , 8ea8a1ad , 2b73f502 , 8db67b4c , 3ced6abf , 8f523e85 , 983f7918 , 6331dcee , a6e2d3ce , 0cec64ed , 5a21d005 , 7bab1c3b , 787867f9 , e5c2e833 , 74958d39 , b60b6733 , cd30fa6f , 6fa4d656 , f5082fe0 , 18371a79 , e297074c , 89490eeb , 1e55abdc , fd99c86d , e99a764a , ee60619a , 8cacff63 , 516d74aa , c139e0b5 , fdf38c1b , d900f7b2 , 0c8059eb , 6639587b , ef13d0c7 , 7dbc1c47 , d63eda2c , c4456423 , 5a0c8497 , b2598df0 , aeef1796 , a21933cd , 06e7a4bb , dcb6ad34 , bc14049b , 74f78b70 , 5d54adf0 , 61823bf8 , 5e57b88a , 99cbbc5e , 6228fef4 , 69ac7d4b , 934000d0 , fde2e9bc , 5d92bca4 , c52b4883 , ca1bbc0b , 507e8f33 , db2276aa , cdba7503 , 5b8b17de , ac810130 , 53459b95 , 6c669bec , ee55f316 , 405770a8 , 4d52b5ca , 9c83f9e2 , 90f34c8d , 5b94ec8a , 2a192e8b , 63b1aba8 , 5a96ed3f , 6d90a2b7 , e0418ef9 , 784954c8 , ab0513e8 , e6aae260 , fa7c4180 , db936d5c , 22ce1874 , 50b64b6a , 2a9806e3 , ba3736c0 , c9b4b090 , 668c98b1 , ba982541 , a65af64f , 0e0bd289 , 9a0310b7 , 3384b463 , 436b79a4 , 700cbb97 , 9375ce2e , 234895c7 , b7066180 , b1e1e3e3 , 821d65b8 , fd352e90 , dab5ee43 , 488daa32 , b30c065a , 5c1fb6a5 , 10951ea1 , 9c472d68 , 1b9bea94 , 82a5d890 , 338ec116 , b6ead36e , 4a16aaa4 , 31b7070b , 40b89314 , 605c173a , ffddd78e , 05d6f8ab , 567c33c4 , 8755e7fa , 9a739916 , a4319f7d , bd3324bb , 5a4f7b3a , f5bb5496 , 5a590939 , ec1af706 , a2e42ba6 , 80e093ae , 59b651b7 , 72be79dd , edec9c92 , 8798d930 , f06cf12f , c06a99a1 , 74437c38 , d17a4036 , 6ae3c3b0 , a31ca270 , b697792b , 3de4177d , 30871952 , 80d97c8c , b1842641 , 4f92a72c , 48eb2a7a , 48855755 , e8258504 , 9843898b , e6ff5d66 , e30f13b0 , dc038384 , 8febf50d , d3957b5b , c927470b , 19e37e23 , 1dcc09e8 , e03e2608 , 86b824ff , 20a51335 , b6afd891 , a929f1d6 , d5451629 , 7335ec14 , ef5e915d , bf41eb2f , d22c14f4 , 127d1b1d , 9e878a90 , 19705f20 , 5eb01b8f , 5f100961 , 54c1d2f3 , 0aacc45d , af7cd64f , 6a2824e2 , cd229493 , 7b082917 , 097afbc2 , 92376100 , 59d8c65c , 13e5421b , 247babca , 7c2e0bc6 , 5e5678d1 , 665c3260 , 46595bc5 , e23ea131 , 62d814a9 , fa56aa48 , 7a25da60 , 88f1416b , bf1a813e , fdf6f5c2 , b1356c5e , 035bce71 , 6891b49d , e78db236 , 6ae02e81 , 92e72ee8 , 411c13b2 , 5b371c6d , b3283511 , 984bd8ff , 72855edd , 76df9019 , e7227ee0 , f69b24c2 , 68194013 , bf85ff46 , 8037fe57 , a4271e0e , 78af80de , 64ba4f58 , 966cc65a , 5ee1c547 , f70464bd , 96588b5d , e7a3b8bf , 0ebf8c17 , bdbc616b , 0ab79615 , efe68009 , 3fd707ee , 1578afb1 , 86016d01 , f4737668 , e2a57978 , ea1dbfdb , b6226a3f , 9b7f7018 , a46ea7fc , 4dbf1429 , 8a05965b , a626beb3 , b33fbe77 , 8b870196 , 639d5f40 , c6a63be7 , f7fa7cb8 , a5bf95e7 , d4a8696f , 726baa17 , 11b0946e , bc2c9e0c , c0c0b557 , 0a26fcba , 696af9ef , ddb7f75a , 0e3fa9f1 , 08660f42 , 367837fe , b2f17bfe , bc477933 , bc08064f , 7edfce98 , a56cc631 , b5cf9a35 , ffe8cdfc , 85ea56ed , 79e115af , 244fe4cb , 0e3ed70c , 9a034f01 , d6ddb7e9 , 4afe73fb , 94e3311b , 239d2dae , 604e737f , cd28500d , ec236f8e , 731388c5 , 4284329f , 76f0859a , b5c599f1 , 5eaeb226 , 1adf4419 , 57148514 , b38436b0 , 58a17b97 , fbadcb8f , be404218 , 5603e8ac , aad584d0 , 00868be8 , 2d67568b , 1a9d9f1d , ae953789 , 25ffd9a4 , d6c45eb2 , 3e19a6d4 , 8b18b59f , 443ea43e , 22d07913 , ef296f3e , b167b8bb , 1e46ce83 , 42db782a , cce6fca8 , 0ed7521c , b764ead0 , f1256976 , fb92b216 , 98b54667 , 66cfa0ba , 9de20764 , 303c150a , 59a86944 , de2926c1 , f9d8ee02 , d9c1a3da , 9bcdafbd , 2a334d38 , c1a532ae , 0f94b3d6 , c04f2bac , b060d179 , 1a055cce , bac88852 , 6e36bc9a , 214222f0 , de515bda , 1457a0df , 6bac5f96 , d2b16de1 , 1fbfd383 , 338f73bc , 0091ebcc , c396bb96 , 308e7b17 , 6a62a587 , e52d17df , 9e1ae8c4 , 0155338e , c46925d7 , 812005ea , 84894ae5 , 9866697f , b84cd72a , 99684c25 , 5b1c94a5 , b16e632f , eecd4cc7 , 965abb31 , b243218e , 5c85c548 , 8e3c116c , 63fa6511 , 838c9cd0 , c80d8933 , cac27d0c , 35a46f2a , dcb78449 , 1881166e , 98933845 , ec4227ba , 6b0ed401 , 6148be1c , b39a6f62 , d4df6e8a , dad366ec , 75aa89c3 , 3317c00b , aecf1aba , b915ec3b , 1545443e , c2f033e2 , 3cab1282 , 1b361de0 , aec810f3 , fd40c357 , c2edacfd , 08d7c504 , ea0e341e , 682bfd1b , d0208c96 , d1e7211b , 86c7f6d8 , c1999f9c , ee0c1cfd , 14a60aac , 358558ad , 6d69b45a , 7980eb02 , 4a59f344 , 6386641a , 949fd7db , 32227e1c , 34763bd6 , e0c0e899 , 03479f83 , c3692e58 , bb64166d , 2eac6bae , d882704e , 5a99c3ee , 8869c697 , de1ace7b , 50d57746 , bb0994b2 , 107ce76d , 74e9ba64 , 19644aed , 7aa71c19 , 2a443549 , d23ed876 , 15d1293a , 8f93aa02 , 4d6aa6af , a053b70b , eee0c806 , 9907b166 , 7348681e , 4063bb36 , 4258dc48 , 9f2c671e , e9fb02c3 , e3475426 , fda559e6 , 44b5844d , b50a3871 , 52ce8524 , 6f0d0b05 , 07b6e060 , 5bdc2cf3 , a8f08cd3 , eaf95914 , 543d6482 , 1325caae , b6187b7a , ec351429 , 69b9dd3b , 0bd24256 , 4c789e64 , c833c226 , d3075308 , c476942d , bb3e154a , 11f602a4 , c7d05046 , d01111fe , 8b935707 , c2572bd9 , 50fa66db , e33bab4b , 0dae4f50 , 2332af22 , c242813b , c8e56af1 , 8d559efe , c5af5124 , ca4609c2 , 06e1f341 , 8c935d39 , e3f7bc54 , 9860da63 , c4821b55 , 5a0f408a , d3c746c0 , 5283e2c5 , 8205820b , 111c4757 , 0c73c331 , 29b17f40 , a360174e , 3271817c , 5cf28c85 , e968542e , 28482c16 , 4e00ed94 , 192615d3 , 403f918e , aef41a99 , 53bfefc1 , ac73e6e3 , be99798f , 0915dd85 , 997ae870 , 7232dc6f , 735265cb , 7bcff791 , 141906f1 , 39a3af8b , 9daf55e3 , 8ab45b44 , 54d556fa , 59f975fb , 709ee3e7 , 7d1a5167 , bdf39bf1 , b9c19f79 , b288efea , db4d2054 , 7af66738 , c0ac014c , 22d3858b , 27439704 , f2667298 , 40e9dd5c , b02a433b , 6342ded3 , 42020092 , 6a4e059a , 13030a04 , 8e31e248 , 0b57421f , d209dce5 , dd67882f , e51d49be , ae88fccb , 20b6641d , 4b3043bc , 2f84b4ea , 9bd9f33e , 078527de , ddc440a5 , 97eaaf4d , f67fea5c , 63fe7647 , 86ddf02d , 31452875 , 468476d4 , 4110782d , d6d73a33 , 8954f88a , efc462bd , e630fc0a , 112e08cf , c121b730 , 0694cc36 , 39361692 , 0097ce52 , fe186ef1 , a948c157 , 2d41b3e8 , fe7acbeb , f3760662 , 913e8fc9 , 116f5c23 , 420b3c5e , 23bc16bc , 287f022c , d976bbc8 , 57518e4d , 2164d8c3 , 256e388e , 0ba4ab0f , 06059d31 , ee2cc7c9 , b9201b5f , 076cd826 , 30f2564a , 397d3683 , 699e44ea , d491db81 , 9f0dd659 , 3b38c9f0 , 88108373 , a028fd46 , 076043c8 , 2fe34bb1 , 911b6d9f , d34f9aed , 98a47ff9 , 6d9d3bc9 , 0f95f1fe , 5ac7c237 , c4c5ace5 , 06a63773 , 682d6858 , de529092 , ebb942e8 , 83585adb , 70eabeb3 , d5d061f0 , 89bfdaab , 8d2ec1a7 , 582bd471 , a4915285 , 69b8bba4 , f6bb062d , 44db2a09 , 90dce55f , 421e7f71 , 30427c22 , 9914b997 , 7bb7af4d , 525305d2 , aa196cd4 , ab97f71f , 8dd3c72c , 81f9a8b1 , 5bbc37d3 , aa5d00b9 , 1874cb94 , 8e48b4c1 , 2006150a , 5577c7de , bf2c698f , fc6fe746 , 67c2197b , bc22d2ba , a53d4831 , 49de0bd8 , 8d8cf170 , c04cd8f4 , b19ef8db , 7d86b69e , 3571fcdd , 93610dd8 , 72c2bdb0 , 24ff237a , 2effa927 , b23d7b25 , 5aeec918 , 18c124f5 , 28cca07a , 383c5ff6 , b0d47fd8 , 04ad3755 , 3d6d7532 , 428c9a6b , 57ae8fd0 , 09f330ac , 870f1ae0 , ef9e087e , 59c18eab , 7bfe984f , 131d1078 , 9961fe9c , 467f21cf , a25538c6 , 7b8a5824 , 1f6e3953 , e1b39524 , 13249802 , 4d9ee8cb , 2878726a , 25c26154 , ce13e0b4 , 3816cf94 , f8e127cb , 699ccea4 , 88cb2289 , 48a1c576 , d26c92f3 , e5b3c4f3 , 4f80f872 , 8eae1a5b , 13275bbf , ab4bdbd1 , b2e0c022 , 136c7c5d , 31b52f72 , 50e944de , 1b34dbc0 , 20b0e9ba , d41557d0 , 60fda3d4 , 92bb4174 , c77ac717 , e049b8ad , dcf7e66a , 5e7ebe99 , 0f6f4104 , 3b2c9a67 , 9f24546d , c05081e1 , 1d1dfb9f , 61a28ac9 , 6e8f0b1e , ed5250bc , 7ba28cf3 , f4fa6e25 , d2ced20c , 6a5146d6 , f51d8a6e , 0e63417b , 597f0d49 , 3873e31d , e9e3a19d , 47fd8ae1 , 01f678d4 , eda022a1 , 9438cdfa , 6b8779c6 , 1ada2110 , 08fb4d15 , 14d377b5 , 8bbb7500 , 27a3a154 , 2ce52a12 , 43795f48 , 130f3ac1 , e21f41f7 , b61e1387 , f613e096 , c2194757 , 5843701a , 6c142d1c , 25da097f , cdcb0dd1 , 92db596b , b124499b , 0f880185 , 479c3949 , 1bab1f13 , 44fd1872 , 4a9a4cc3 , 06ebb78a , 3e0b3216 , 47698eff , 6891e6f1 , d0b5ab5d , 76263b0c , 80dab91e , fb376df4 , df155705 , b05bddb6 , 8de39a04 , e57efede , 15dbe279 , 4708102b , 9a00c6ed , 8a7276c1 , 7681a42d , a9d361b6 , 4e1f58b8 , 7725f91d , 842130d9 , d0f3c645 , b6346048 , 95afa903 , ab704d6e , f2cf33bb , 4b52afb3 , df826e0c , 28378f94 , 6b95afcb , 736044aa , 7cbdd5b1 , 66c4487a , 5e3cc1f8 , ff790d4e , 06555b60 , 27ee0e72 , 1b233761 , 1f9b4fb0 , 034f9ed2 , 094fbd7c , 6567c551 , 681b72d7 , 95408d61 , c949fca8 , 46a322fe , d762b4ca , 6481769c , dd42aa33 , accf4bde , 1cad3dd4 , 0f193def , cb5e666c , 5e8ed36b , f22cb01c , f0df3168 , 06db5ed0 , 9dbb4f68 , b2ac90bc , edd7af8e , 875e5df1 , 9971ba26 , 6edddd8e , ecb618ee , 2f25a188 , b9d6e422 , c3563604 , 72044d7a , 9c062399 , 51bb674f , fcd30b72 , 5677fe94 , 134c8f48 , db20852e , 2463c62c , 09e583b5 , db5628b5 , 637707f0 , b761b01f , a47f481e , 09ce7e99 , b217dcf8 , 44769c83 , c3b33ee0 , de651af4 , 8457c355 , 0ee48f32 , 234084f7 , 515a7f48 , 960caa30 , 2a0411d0 , 2101a3ce , 09e92be1 , 304957ef , 46938aa6 , 5ef803ca , 384a14ea , 7f19ea87 , ef2ce163 , 6652119b , 50ead0c5 , bd9897ef , 3f0ca14e , 42330211 , 24562ce8 , dd7e28aa , 16309bc7 , fac92635 , 2d269622 , e3f382ee , fc476e94 , 393f2395 , cb0c367a , 3ef384c4 , b63bc72a , 523c0d70 , 9999ef18 , 9b808490 , 07e1bf73 , 5f103eed , e3c92ffd , bccd171a , 04dd3ac3 , 9fab394b , 4ecf9144 , 35c95e70 , 1f8c8b36 , 97f7098b , 995cbd8e , 981aca72 , db28e3a8 , 03b32557 , cc316698 , 06f0776c , 91bd9c75 , 88456a31 , 4eda65fe , e6e4b82b , 26c469f2 , d57f9bbb , 36de9cdd , 03eba0a5 , 524d3dfc , 5917ae83 , 820a1410 , 75a0a77d , 8f0189b8 , 176df620 , 6c22299c , cfc84e95 , ece5c51d , dbf599b9 , 989e47df , f233153b , 662abf9f , 0dfe2ebd , c80cd929 , ceed84b9 , 18df1538 , 97333fb5 , a4ebb733 , 1613ac46 , 2a89bfa7 , 304eefde , e6f63e1b , d9561b6a , b0d8bf88 , 12a1fb5d , bf25d61d , cdbd34a9 , bfc3708c , ca7e1431 , cdab1296 , 2b492015 , b95b8ada , 29249c9f , 344a236d , 5da2db82 , dafbb715 , fe6f1509 , 77c6c918 , a586f8af , 5d544522 , 5866caf0 , 8d9bd23d , a24304ee , af638fe0 , 57c53fdd , 0c1e9fdb , 1b24607b , 4cf8e857 , fd94f96a , 162252bd , 4b1607b2 , e5218d0d , cdd040c4 , 8c7bbd1a , 1c8e4cb3 , dadc1a04 , debf8ab6 , 0c137813 , f26b1694 , 679a0f09 , de65c4ca , dd079c1d , 6ac836f0 , 03eb4a05 , 850171c2 , a0f2058e , 6cd88b83 , 2c4769df , 70c04f01 , 2dd1d318 , 21120616 , 320b0a98 , d23304a4 , b92202c7 , 363b0c4c , cc6061ce , f7703a1b , b7b02820 , a7e6948d , d59dfe3b , 89dcdee8 , 98b772e2 , 69f388b5 , c8a36224 , e4a0757d , 5d47df15 , c7b3f9d5 , 0e114ce4 , ba951365 , fe492ded , 8f4beb76 , dfe729b4 , c126527d , b5137082 , a07b78f3 , fe2ee301 , cc725dfa , a33ce15e , 8037b8e1 , 1c52bf98 , b5beb9d5 , 05e78e26 , 67dc39b1 , 30c7b8c8 , 1558397d , 23134f44 , b1d5f151 , 08d50626 , 91795289 , 2c439205 , 3e0378b2 , dda53870 , 7195913c , 20106168 , d0e392eb , ae131a4d , 62e7c4b8 , 9035af79 , c006d0c3 , 0df7b50a , b8ce6a60 , b5e13537 , 2fddf514 , c5a34da3 , b5fdb51a , c0414c2a , 85f2aa9c , 4bf4f69f , 5752caa3 , 1466679d , 60997856 , cc7fa45a , 01f15ce9 , 384518ca , 5b9b1779 , 58352234 , 4187aad4 , 264af902 , 7b8b71ae , 57527ebd , 57c3a54f , b0bd3669 , 1755b2c6 , 207c4684 , 149e47ef , 18fbcef1 , 04d432d7 , 5b4b69dc , a1270223 , ecb1de1f , fcb1f6ca , 00f99739 , e1902d8d , ee93193d , 1f3c8cc0 , cdfa8812 , ef4f6893 , e0a5a219 , 7fe77c4f , 88b788d2 , 4ab9c059 , 0c86ac57 , 129f2cae , d487c230 , 8e29ba5a , cb5ac601 , 9ca59d4c , b76ac16f , b466f075 , 07e1e1e4 , 6b2c223f , 2e72d480 , 0f9cb81f , 93b23fce , 8ed97fc2 , ab58f151 , e463b926 , f36b7bc2 , edc705e3 , f032d299 , f54a02b7 , cf6f2b87 , c793016b , ee087e51 , 2b990fe3 , 8cc9c5da , 192d9c48 , 8d0d1237 , c920945d , 7a959e63 , ddbe6ed5 , d39171ca , 52119a81 , 0b7e4d50 , c77fa325 , b4c9138c , 55512689 , 0d7f1b1a , a50fb66e , fd89786c , 7101da24 , 371f13ee , 35b4f810 , ca9c4373 , 3ea3feb2 , c989a83f , 21044204 , 6cc1744d , dfdda9e9 , 8d5af5a8 , d5fa7942 , 91db7355 , 107c192a , 469ff8d2 , 279a5407 , d4168c9b , 33e38e25 , 79d4c3f5 , 21b6bf75 , efe63ea7 , 9a33bf71 , 0aa1a644 , 9bc42e80 , f054dbec , acc1d6aa , e285021d , 1ec738ef , 8a3596cd , 44f77123 , 116fbe73 , ddf55169 , 85046ab8 , fc5fdc59 , fd74e569 , 5663acc2 , 6a05e20c , b1e5f458 , 994e151f , fa3af06c , f7b68dc7 , da2c1036 , cfa78974 , 30ff802c , c183a70f , db099cea , 47258524 , e5e2253d , 0372fab8 , 918f2b7b , 73a80448 , 88982d4f , 86cb2346 , 5b96fafb , 1cd423c7 , 19fc7d79 , 3897b2ed , 7026d334 , d2d063a6 , bba9e82c , 94b94b71 , d80b3c50 , cb0fe1bf , bde74978 , 0c8f83b0 , 3034399a , dc494144 , 6b5b1375 , c54c2b0a , 21993be7 , f32bb923 , 5a4d7f01 , c0f47b03 , 61141a6c , e7064996 , dc812b85 , a9c0e7b1 , 9ffb1981 , 636c916e , bb63a28c , 83e25d3b , e835afcb , 9f4d24d5 , d99222d4 , ff14574c , 7c12fb2d , 5ba220ec , 7ab245a6 , afc648f4 , 97953a48 , ccd21630 , 8ce18d79 , d012e5c1 , e27bb9dd , 18637cd7 , ea45d879 , dbc78ca7 , 72ea78a8 , 3f45808d , 9900e9a4 , 51c14eea , 7b985452 , e913445a , 1a762e0a , 8e32af13 , b06a8640 , d31042b5 , c0a1c3d1 , acfe6c01 , b84a1981 , cd8a4d8d , 1df22df0 , 4bd61295 , 1cc8c68c , bc1c1659 , c00df42e , c5d83ad0 , ccae3dc4 , 70c4034f , fee7ab29 , 7f5b6fe2 , 12a51630 , 16f2b7c9 , e2752796 , 68d99f1c , 3cbe4873 , 7a5e2627 , b52c7f00 , ce896e3a , 14576908 , 096adf0d , 41ea93c9 , 7ba67107 , b6c43436 , 3fd570e8 , a1b2c328 , 23bd36ce , 56f657cd , 7054ac82 , 78b66401 , 59d810d8 , 36a6b009 , e79460e6 , fabf7c5a , 142fae38 , e4689a7e , 03d25ed0 , e5e0df69 , 87994cb2 , 65b85a3d , 7caa0beb , 848d794c , 1ab761a1 , 8ce8318b , 9317fc0f , 60de64b7 , b4c5519a , e194f6f5 , 32a22cc7 , f0c813f8 , 5bb03036 , eaf0fefc , f08604af , f3d4c17c , 76c097c0 , 15b30e60 , 29280a0f , c11167c6 , fdf455a5 , 899e01e2 , 44f48a65 , 804b5710 , f0ec972a , c2fcd146 , 4d73caa9 , decef866 , cc8b0bb1 , 08cc02d6 , feaa0185 , 726da069 , 2c12b401 , 84bff6b7 , 042cbd08 , e8b6508f , a002ec9a , 0f9e44bb , c6a2c56f , b7562bbc , 1d1adea4 , c05abece , d8cc38d2 , 5671395b , bf3a916f , 1b45d8e4 , 33e8b1fc , 3f197214 , 70d440db , 89224dab , 8a59e484 , 3412ef61 , 907bce4c , 2020e12e , 5ca3b9fd , f5dbbdbc , e120f9ad , 3e678ba4 , de5cfd82 , a117d5db , 026b8e2a , 4b1958b4 , ddd8f823 , 9ceac949 , 396371df , af27f2bc , b8305403 , c366fdfc , a3fec5f4 , 6dd29bac , 8409f799 , b2b43611 , 895c2576 , e325a142 , 139c737c , c478530f , c9538e90 , 5e467bda , 24fac614 , cc82f6dc , afdd71e6 , 458ddf68 , 365ea054 , f33ee64e , 73abd2c6 , 406eedf0 , 823eb299 , de44d392 , a390c94e , 373020c2 , 59557000 , 882e685b , b95c6534 , 5aee471a , 01eb333b , 433faa68 , 06ca500f , 1a2d825c , 56dad0cc , 37d04655 , 7c385cdf , cfd7c52a , c25245eb , 474c1c60 , aedc5de5 , fe10f28f , 409df502 , 9b546b2b , a275a592 , 33940172 , 7c621274 , 2321fcdf , 6ace1032 , c9b30bdb , ceb94d0b , b32387f8 , 7eadcf20 , cdad7e41 , 5c8098c3 , 7eb72034 , 1d488c9b , 73a089ef , 02eca579 , 03b7508f , b4a923f8 , 4bfd048a , 143b2112 , c4a6d854 , 1f168f4d , 4f918622 , cba58692 , a9bcfe28 , 9f3739d6 , d1e4683e , bcbc1ba9 , 8b0915ad , e1cc8a91 , a34cdbdc , 26615334 , 5e2836ea , 6dc34c8a , ef6a6879 , c136ea25 , 01776bde , 0aa8bd58 , 4525502d , b0861b1a , d335845f , 162def92 , 71d6eb00 , e3e1fec4 , 312857f5 , 0c6d9713 , d16e7a8f , 9ea2c878 , ee7c6b95 , d13db57f , 5e596d07 , b2db3665 , b365070a , f987a2d0 , c6fc8ee4 , 483a2986 , 5735ff00 , c31f734d , 846143b0 , c7443389 , 6afbdbe0 , d5572008 , b4d97863 , a2a75904 , 5d46d68e","c808cbb7 , 297845b8 , 5f8df875 , ad73700c , f604a9b6 , b728111a , a6b45205 , cbb35ca6 , 46b6d4f7 , 42420dcf , 7ebdc88e , 6bc2b6f6 , 8be8acf2 , b1c5b07b , fb1ea108 , c055285d , b79cf529 , 7dcefe23 , dddcbded , 1a285ab5 , 309daa7e , 05ea6c2a , ffac3297 , bac0a1db , 904d07a2 , 7138c68d , c6722b96 , 4a61671d , 0d30f470 , 0ae02163 , 54f67028 , 9a810ba1 , 88d89051 , 358f2941 , e972304e , 8694c1b9 , 8ce37fb4 , d6f1390e , fdbcf2b1 , 2b43f8f9 , 43041257 , 0729b4a9 , cbe1afd3 , 464582d3 , 681b6cab , 96ede701 , ce0ad8e2 , f7983bdf , 36d9c999 , 93a3f288 , f78b8dea , 4ba9ed1b , d9d359ea , 952978ad , 9420e5b7 , 63f83b79 , ab310eaa , a54df642 , be06eaa4 , 306c05c1 , df257a30 , 910ca84a , 2eb37f38 , 1aab8559 , 531c64c5 , a360f7e9 , db3871c4 , f6851c74 , 04f4ade8 , 436bb7cf , 7e9c8feb , e26b6843 , bf360399 , 2a6a28fe , 43920abc , 8a2be253 , dade4ec4 , 1b4e4235 , 237dc3f0 , 4720a379 , 49f3a46e , 4efc80ce , 54c1d2f3 , 9d209370 , ed987a9f , 363f899c , ac56e4a8 , 85332ea2 , 026308f0 , 88b82c14 , f45366bf , ea1fd3c5 , 998fa0c7 , a80272be , c2719d0e , b49f33d1 , 12560480 , f969ca72 , dfc64d07 , c4f889d7 , a87a5db1 , d2d30e93 , 78905838 , 037cf19d , 98b1a6ee , a8e2abe3 , 1adbad72 , 800fac55 , 662db009 , 2c6cc8d7 , 4e211e41 , 1646cffb , 7fd0275d , 9ce08ae8 , 2af56d2f , 2ae9a522 , 8e63c540 , 5fd9a076 , 40a536f0 , a1ab38f8 , a1382865 , 9b9ffc07 , 0a38baac , ad677bd8 , 107532a5 , a12bfb58 , 2d8a4b19 , 20607fbd , 4f95b026 , 2fea40af , 835bca49 , b8dafd7c , bbd21749 , 4dbf7edf , 61e2181f , dc1db443 , 987492b6 , a0b6a214 , 6ab58e51 , b4c922ff , d0da3621 , e114694f , d575a219 , affa2b2f , 9d628635 , 150326f0 , 831a9b07 , 94a750ed , 45870a25 , 39a3ca2d , 2a6de987 , baf2195e , 835d7d23 , 2151af1b , 9565b1db , 7d1c1d96 , 5c729c20 , bd78768d , 45cc8a82 , a6d63903 , aed474b5 , f8aa9ba5 , 4979adac , ddb7dd81 , 177886ce , 84f8a658 , fa15137c , f67fea5c , 5c071dc8 , ff33c255 , e16bdebb , f15a3b9a , 8aad9de0 , 3c0028b2 , e3aca854 , 3dcf1e12 , 1b70f261 , 9aefb6ee , a4b6ee4c , 38380d48 , d9f6b077 , fb9a2de8 , 3093d071 , 5b01951c , 8320a433 , ce39c274 , b727e6b7 , b35fd365 , 2bfb7352 , a5759850 , 03668b09 , 7663033a , 8c246da3 , b4bd5314 , 0d33ec51 , 87599d60 , 3b6b71b9 , e5a1c6cd , 03017be7 , b514a77c , 3b45c6da , 17bb20c1 , cbd34e73 , 7fe2d743 , 417783d1 , 46b14bf6 , 0f6501cd , 6e2839fb , f833545e , 90610c3e , 3514fec4 , 5c0d9ca8 , 91899c5d , f83c1eaa , d7d6ce1c , 312f2492 , ecaf45b4 , 43137d83 , 68e80d75 , f1a3bb2d , fd3585d6 , 8c7a0371 , bb7eb4b8 , 1f7970e5 , b157b709 , 57fe55a4 , 63a2e830 , 822e5c3a , 6c18e58e , 2d29892b , da79c4a2 , ab630f61 , 24976bce , 3aa8a3cc , 6d3db764 , 2ea70849 , 0b3583f4 , 5a55089c , 712863ed , c4acbd69 , 13dd6645 , 81a810e2 , d23330ad , 2455c31c , d6b8c184 , 1bcb3d5a , fb5a0b41 , 8afea807 , 22dab64f , ee8b2bdb , 6cfd2a86 , a4dec9ef , 69d87da2 , c031df6b , 985d4486 , 255cb062 , 7309835a , 76982cbd , bc2071ac , 6bc49aaa , 3af7c479 , 55fa2e41 , f6215b43 , 190fde90 , f7f42d67 , f8e19fdf , e88f2bc5 , 89c6600f , d98ba2f9 , 25eeefdd , c00aeefd , fb0731dd , 2edfc94c , 3e16ad67 , 5f879d54 , 23e01d25 , d6dc652f , 49ac4713 , 871ef0d1 , 80febe99 , bfc7827a , 355a21df , bd182297 , a226daf3 , 71c7ab89 , 01d36069 , b17dbe07 , f54ad78b , dc1f4dfa , 79ab9953 , 34b72c58 , 88bc3d25 , 511cd571 , 1de9aa86 , 8801768d , 0607edc1 , 2bba5a42 , 8d850dd4 , 136bf540 , da6ecb5c , 24058458 , a509b5ec , 0a447f91 , af989132 , 9b87bcba , 0075a886 , 09547e8e , 47f4a0d9 , 2c7e8b50 , 65fcf937 , ae18215a , 8a1c6af0 , 86f3663e , 1aaa843b , b1ee1332 , 38da5183 , 3698ee8f , 4592a3b7 , 03ca9442 , 7db7cde3 , a700b2f0 , 3e3dcf24 , 27acaae9 , b9a452ab , fd266e42 , 98cfdaac , 8ba9129d , a037bf26 , 04befd77 , 76ec99e5 , 970127f4 , a12960df , 3319d253 , 31281830 , aca7d313 , dc24b68a , 8bc03678 , 3075ca0d , 7ddece9b , b6a0e04c , 70d86b97 , 59613f12 , 2d52151f , 6d118525 , efef4b3c , 4d58b755 , 37b14812 , c89182f6 , 1f117002 , 982faec1 , 6dc18430 , f859a67c , 28d2c7e1 , f8887e4e , c3470997 , 73f2b799 , 897ae851 , 9fb83a68 , 2c095f1a , a067cad2 , 38c8353a , 8872e8d9 , 49f2050f , 2ecfdd5b , 3ae4d322 , b59c66df , c69a1c36 , 9dc41b12 , 6c0af1d8 , 7902794d , 8c2245de , 0a8b2502 , ae7141cf , 25a25b41 , f4aa96b3 , 86b43135 , b30f1481 , ddc61ec9 , e9b670b2 , 59a5d6d3 , be1c6d3b , 6a6dfae9 , 2653dca0 , a8fee83b , 04a0421e , 341fb7f4 , 939a4bb5 , 66f0ae71 , 54cff2d2 , 5a7aaeaa , ab02215f , a28358e9 , 8e036bb2 , e150148c , cd280e00 , 06206d92 , 0bc4c793 , 44644096 , 1a5c586e , 4e80743f , 9a2e9e2a , ea8b128e , 351b8f4f , 055878eb , a751a7c9 , 5e702fb0 , 2b7534eb , 0a7a3e89 , 68bda9ed , c4b64e12 , a0a66bee , eb7a52bb , c071cad7 , 7fe93519 , 51804396 , 021d9afc , cf965c03 , ed01f330 , 5e09c042 , 327c6cb9 , 355da36c , ae525963 , 6421d6ac , 6fcc6ec4 , 158d711c , 0cff8389 , 0e56a6e5 , 97f15f08 , 51b96af8 , ce0b5c45 , f21b2546 , 1875cb78 , 95a499d8 , c06490e3 , f129f1de , 8c2a3eac , 0f0a1f35 , c034cddd , c111ca64 , f2efc39d , 8068aaba , 58b0c3ae , 40b24f46 , 291be0b2 , edb3b1f4 , 1e80080f , b6e781a9 , 093de1d7 , 6d797e28 , ae37eb01 , 3ae62abd , 694cad52 , 970bf2e4 , 1c73d1a2 , 3d460103 , 5aab4f5b , b3842ed1 , a402311b , 2e24e375 , 1ea2987d , 20c5eb48 , 0fef0bb1 , c191cc2a , 9306ed20 , 7d1fd43e , 253593eb , 7c7ddc5e , c84c13b8 , 4adfce61 , 15df64ce , e421a6b1 , f701d61b , 206284ad , 8d9a5bd1 , 14d9eba3 , f6380c61 , e364809b , 6e44f59e , 75d510ae , d1fa8709 , 08ae7e5e , 206fb0a2 , 0b87d74c , c143d276 , bb853406 , c9172e71 , 566234f9 , 297ff0f3 , 49d1340b , 89a355a5 , 229b3423 , c00fcae2 , b2a2fd2d , 37e56eb2 , 2295368a , 97ee7bfb , 6319a8ab , 85928c00 , a910cc0d , 6ad944cb , 98728da7 , 4d6e4ea6 , 7411a870 , 3453bf75 , 02b46296 , 17671a15 , 7aebd14a , 92c6fad9 , 6638f8c7 , 736d5202 , a60bc791 , bbf542ce , fe1a842a , c1355ed8 , e81ada32 , a8c15307 , 1856e45b , cbf6d201 , 8cd1df4d , 2944a0dc , eee24ab2 , af13b9b1 , 9e886b66 , 10ef426e , 7bccd887 , ae1a5871 , 647caa1b , afc6a781 , 2d637c88 , 7acb4a93 , d19bdd7f , b5e19225 , 32d868ef , 5a7fcc9c , 7a03adde , 28032538 , 5d07aa4c , 92dbc6ee , 130ae5e4 , cb1d7bed , 147ede69 , 55f214d9 , 6038a56f , 337181ef , 14b2e61c , 0e30cd4c , aff8a780 , dfe53666 , 07cf6eee , 1fff8607 , df8272a6 , 4befbd46 , d5b88f04 , dc76ab5f , 1864c2cf , c6eeba5f , 63532fcf , 0fd61cd9 , 44f4a8ee , e67d407f , 7f7d9ac0 , ae7ab461 , 3eec10ea , ece9fb66 , fc8b1023 , dc36b083 , e6a30060 , 217e9db9 , 1eac6382 , 5735ff00 , dc3fe875","e84efd87 , 5ba6c5f2 , 284d6c85 , 1c61964c , 8f9b5312 , 22f5f492 , 36fc8e2d , 85434779 , 4d270278 , ab75028c , e7d368fa , c8db1217 , 17c24768 , 54c1d2f3 , a64214b0 , b20e0b67 , 87d777e1 , 3302940d , 49d2fdc6 , 2e14c2ad , 601fbdf8 , f031a16c , 332e18c8 , fd8a0d5a , 6f833be3 , 861112ae , d87b3ec7 , 056f327d , 241f7bb4 , ace5d03d , 26e9c863 , d26e29c9 , 9105724d , c72a3b9e , eed397d0 , e1118879 , 585fa6f0 , c9c4f99a , 63ff9a95 , e8ff227c , 3ae90975 , bc6b5541 , e4bfaf0b , 1215444e , 5534baca , 7fa73531 , 323df2fe , 6704816b , dad11057 , db932b7f , fe4f997f , b6cd5d79 , d18ef9d1 , e7d7866f , 708f2bc5 , a9bb4950 , 3344cce1 , 77b2af2a , c4e830b9 , 5373c11d , c77fa325 , 9304a91e , fde8d16d , ee010fb6 , 9df6b315 , cdd8ca5b , 7d575557 , c0e02497 , e604c434 , 40b42695 , 3e8d9c3b , 6759618d , 9588185f , 7d9b613e , c10017d9 , ff503a09 , fff35908 , 9d418d16 , bce6a410 , b4fc9f1c , 6a502552 , 6b53da31 , 3c0c58b4 , 43e11c61 , 69196f54 , 39c7493d , 7a171333 , 15b611fc , 5b94ed51 , 0f07fa18 , 27f62c39 , de5880dc , db4f26b6 , a5df2095 , b419a9c1 , 5b8733fc , 2bce1dd3 , 0abfaf7e , ffd83d8e , af12fcda , f39200dc , cc3d486b , ed9f340d , f13f6778 , 677df82f","7b61086b , 0a0ee62e , 71f3ae05 , 0b0e94b0 , da3ef6a9 , a179763e , f6991482 , 4bdd3cd9 , 17c9ebe4 , ff62a3c6 , a6bf54b8 , 8be0c089 , 09f4c3f4 , 3f5ca57c , eaa1b39c , ef4c9de3 , 46ed87f1 , 88c972ce , 03ce2739 , b44c9a3a , 082d2fef , d142bd4e , ffd83d8e , af12fcda , 2dca6902","e0e1e9ce , cd71d2bd , 7175b38a , 5891d40e , 182f45ac , e5e85419 , 1fc2a599 , 4332567e , c2c0c17c , cac57082 , 244e1f45 , fbbe1baa , f39200dc","3baa9324 , 378cea28 , ff9c941f , c3f1dcd7","35c3db5d",
"F~28BK~SS (DUAL SUCTION POINT)","FILING UNIT & SS TRAY (28inch Table)","0.00","","4/1/2026","20","30","","","","","","","",
"REC CAT","CARTRIDGE FILTER FOR POLISHING","280.00","ABRAR","4/1/2026","4","6","0a7f2223 , 3a84df0b , 07936e4b , 2bbe5e60 , b8dafd7c , 5eee6bd9 , 515627a7 , be906c50 , 3862c540 , 9b96282f , 7b4b596c , 19d335d3 , 3f137345 , ae702b26 , b6802f1d , 2a079af7 , a478301a , ffdab1d1 , 883974d4 , ed2b4d2b , b4c28a22 , 52562cb7 , 2ffe86bf , 40509dd4 , a5432538 , 8401c5e5 , 8eae605e , 1ada09de , 9a3c4e48 , db871799 , c7af2606 , 83c8cf53 , b917760d , 4fc6d477 , 8d854fe7 , adac07c7 , 3ed64e7f , 48d5c21b , 845943b1 , db938c0b , d8848d86 , 3184c36a , de60017c , 73014792 , 7b87740f , abac1129 , 420afcb4 , c522be60 , 177886ce , 4de9b05b , b6286123 , 0dbe12e2 , 916556d2 , 3a04d582 , 84c99fe5 , 38f562b2 , 282faece , dc628615 , 3acc3b2b , 35c1dd39 , 842f8eb3 , 68f30d30 , 04bf75c7 , d12a289e , d38cff34 , 8ff2dc06 , f2dc1982 , d9a29cbe , fd4d1fa2 , 2c497e5a , 4ef336d9 , 605e4ede , 74522c8a , c6b7dc8f , 6d3ad48c , 6bc75294 , a5141204 , 10661ea8 , ab73e25f , 2ec486da , 11c71db4 , f0b7906c , 78cedbde , 3b580803 , 71763a42 , 4283fce2 , ba721ad8 , 468a1a4f , 9ae96145 , 0ef742e7 , fb931833 , 38b01eca , ace5d03d , 6d0e017a , 8c246da3 , 49415171 , 64471dea , 1c792adf , 7175b38a , 5891d40e , 182f45ac , 80e741ce , 001e3d7b , c70ada0e , db0865b6 , 7f5a773f , 0a0cc28b , 1736ff7c , 938421ac , cf85b966 , aa583721 , ba5945a6 , e95372db , 39cdb089 , f674b43a , b73fa90b , 967ab295 , 92c06a45 , a2029f07 , 9ad13a96 , d1ee38e0 , 791e9f73 , dbfaa658 , e371cebb , 416fb927 , 563064f5 , 896691c3 , 308140dd , 1f7970e5 , eab17ab3 , 34196863 , 8be0c089 , 354a06ad , b05a4234 , 62b1693b , ab630f61 , eed397d0 , d35d936d , 90957cc5 , 57ae2694 , 55db320d , b52ff61f , 1253553 , ee49f641 , f2172936 , 5760d229 , a232aa72 , e1118879 , 585fa6f0 , 43b6d4b1 , d488aa65 , 32dce2cc , fe00636a , 0b6c37a2 , f160442e , 5c02aba1 , d23330ad , d189474f , 8eecf481 , 6fce229b , 67dd4f11 , 4ec51954 , 9300cf72 , 6a806fb6 , 34c56b5f , 392b2dd0 , 8970b341 , 52c349a8 , 72deea35 , a3e19b1d , d6cf93cd , 573a9c46 , e8ff227c , e40cd1f7 , 3ae90975 , 89dd870a , 18cdda9f , 95de706a , 9d89f274 , 027a796f , ad49c60c , 7dabdc5d , e053ec3d , 37b54904 , 1d827523 , d8cdd47b , 6fe5a771 , 357f4983 , 17b2baf9 , 706bdb78 , 9771f171 , 4ab331e9 , fcc1e1b8 , 6a8a98be , 91999734 , 9e17fe11 , 0328ace9 , e4c82a90 , 5ee35fa1 , 7a479e33 , 1397f72e , 342d030d , 383a48de , 47421b10 , f307dc55 , 6c39490b , 18054923 , eed06515 , aa57815b , 2a51a64e , 90dd2cae , ef4863bc , 7a8bdd13 , a80c1cb2 , 62a08792 , 5287205d , 7f4759f1 , ec15ef10 , 3b3db95c , 53a4b5e9 , 5016bc4b , 533b287e , 21205309 , 50f173b9 , 84b7a01f , 24058458 , ba99c2b9 , d87d2021 , 1215444e , 92ac59ea , 33f6e984 , 5534baca , 7fa73531 , aced8797 , 47f4a0d9 , 2c7e8b50 , 65fcf937 , ae18215a , 8a1c6af0 , 2b44ff5b , 3d88777b , 38da5183 , ee7b7fc3 , 1724b1b9 , e3e4a85b , e7f0cbf2 , 4c2916d5 , 372885b0 , c8061d5b , 827a6337 , 6b340065 , 85e1810b , e9918928 , b10ce88e , 91f5d3e4 , 77f137f1 , 356ee821 , e86dd3ee , cc2d0ac3 , 4f4e25d2 , ca95e8f0 , 58887252 , 06c80793 , 522c05dd , db668403 , 9e3b33f5 , 784e76f2 , 2b9ed028 , 111e141a , 7abfe6c0 , b50a010f , 9dc6b1e3 , 10a7e17c , 6621d78a , 629fa2a9 , 9b07b19e , e02e3d16 , 7867a1ef , 10429fb6 , 6704816b , 8bc03678 , 7ddece9b , 76aed28b , 581f0feb , 8744bad4 , 6bbb8b52 , 57bffbfa , 16098143 , 24b9ae19 , 8347ff44 , 74da5f30 , e5380d52 , eaa1b39c , 70c01786 , 8f49a03d , e0e4b6ce , 4def9286 , 501d7ea4 , f5f17d37 , 90597ed9 , 21cc393a , e8a9125c , e583689b , 3475bf9d , 18e89b03 , 65bf26d2 , 67523c85 , cf9bcff7 , 09f6fbfd , 1a71281f , 33ebaf95 , ed0c96d3 , d0136e68 , c44edc3a , 010e579c , 8a3f4143 , 50ba1d39 , b9d6752e , baee9f1b , b244b3f5 , 3f025109 , 11a17b7e , 8b9d0deb , babb8848 , f21fe640 , 2589323d , 898a2477 , c7fa795c , 0a8b2502 , 0291b7c2 , cb3726e8 , 845b0c58 , 2c457340 , 74b0decc , a591c9f0 , c117e8a7 , be1c6d3b , 6a6dfae9 , 0499112a , a6886ebf , 658347bf , c4e830b9 , 0cfa930a , c06989a1 , 6e588ee3 , 532f0970 , dfdb2c6d , 63b82be9 , 1586a5f3 , 5a14846a , 529a6ff3 , e7fec688 , 52b74cee , f406bd31 , 60c48bdf , 547b322b , 0af50997 , e22c19ec , 0df69c30 , 9a2e9e2a , ea8b128e , 351b8f4f , 34b731c2 , 6eb12db9 , 77b2cf2f , 13443ae5 , 1055df63 , 1f3a1b40 , b360ec6d , 1a51d7b6 , e68979cc , 4d2c9ef3 , 607798fe , bdfaa959 , b78858ef , 9a79a318 , 8e268b19 , 2763d2bf , 1f335987 , 2d927f63 , 26ff2874 , 67cedb10 , 51804396 , acbbabc0 , 4ec7e222 , b4c9e454 , 6516898d , a36b74bc , 5fc1c938 , c7b62772 , ab977836 , fd964038 , 0a9d1ba8 , ef4c9de3 , 9df6b315 , a0bcec60 , 84badf78 , ae5f8461 , 1832cef5 , fdc009ed , 25f5105b , 07f042f5 , 8964554d , ebb59045 , 2ec69812 , cefd5b53 , e154f153 , fedeedc1 , b523826a , bda3ce58 , 2935d581 , 15af46c3 , b5a93ef0 , 464c1b34 , ec706362 , 0c6456d3 , 967f115b , ac6d5aa4 , 8ea9aa48 , afeab904 , bb716869 , 549749f1 , d8af9419 , f64011b8 , ce3ff515 , 2b3bd24e , 381f80a8 , 7f51c6b8 , 66bda862 , e0bab653 , 5658c32b , 20014ddc , 970bf2e4 , fa21b151 , 0bc10b6d , 23ae3603 , 1473175e , 1d6ae634 , 11a13ec7 , 01155abb , c952ee91 , 20de722d , 9306ed20 , 20b62c92 , 023cc634 , d4b0d30b , 6759618d , f781a7c0 , b2777a2f , be138c23 , 75a8002a , 7dcc2a16 , 5f7aec56 , 88c972ce , 5b448812 , 2d7744b2 , 4b308eb4 , 063a1a40 , be425b7c , 61fb8def , 38e9fad0 , 722422df , 47cdcffe , 36c134f1 , c3f1dcd7 , 876f0b1d , de65126b , 08ae7e5e , 36e0924e , 29b9e860 , a2180e86 , bb853406 , c5919bd4 , 720015a1 , 9139c637 , 4128593d , 822eb0b3 , 9145c540 , 59035bb1 , c9ca5ba1 , e02eda63 , 6c68a5ad , 126426bc , 6b0aac5b , c301e272 , f484edff , aa7c19f4 , 8312e4eb , 93ec1e37 , e6b59925 , cd6a2314 , dab8e9d0 , a19f9edc , 7aebd14a , 74a1d57f , 6638f8c7 , 082d2fef , 736d5202 , a60bc791 , c16b47cd , f29933d0 , df961f1d , 7109f3cf , b7aeced8 , a350e19c , 464c8405 , e01ca2df , 4c861dbe , 33d5eee8 , 2e05ff4f , 5991f91f , 961079be , a78283f6 , 139c612a , 8830255d , 06a27b9b , dd4f9cc1 , 58f69732 , 8ada726c , 5b8e25af , 30b3cdfe , f9686f4b , b826b4e0 , 72015fbb , 7368e9af , affb5451 , fbbe1baa , e932b0f0 , 6fd9256c , 6d6a2add , 5b8733fc , 11a5d93e , 031ed1df , 14b2e61c , 0abfaf7e , ebe8db06 , 22924526 , b0385dd3 , 884725cd , 90c3a0af , d173c161 , 627014a5 , f162c9c4 , f6efbb63 , cabc2980 , 92dae72a , fdaf0af5 , 49a27c3a , f8a73a5c , 07d78f4d , 94727d6a , 2dca6902 , bc1d716c , e37bbfce , c283f82a , 2adf1150 , 34c7a6b3 , 531102b4 , 8c82be29 , e34c34ef , cbbbe16d , e7a10766 , ae7ab461 , fc8b1023 , c49474a7 , c546bf3d , 0d7ffc51 , 9ed98e92 , 7ccbe7ee , 6196dc7d","afe518f4 , 2fd2e664 , 4a5a3a3e , 2e14c2ad , 601fbdf8 , 6c668c97 , a473b9d7 , c396bb96 , 308e7b17 , 12e99b1e , cac27d0c , ffdab1d1 , 2e556efd , ea84261d , 332e18c8 , d4aee036 , 649d28f0 , 4492a11e , 875f9b59 , 5ac9bba3 , 616ae9d1 , 55091a6b , adbacfd1 , 7bcff791 , 25c1eef0 , 42020092 , 4e2e1942 , 13030a04 , 8e31e248 , d209dce5 , dd67882f , e51d49be , ae88fccb , 20b6641d , 4b3043bc , ddc440a5 , 768456ee , 913e8fc9 , 420b3c5e , c2dc0774 , 848166ea , aa6b5f77 , a100ac3c , 8194b743 , d91069ba , f975d2d0 , 076043c8 , 8e80f3a1 , bdd34a1a , 536934a2 , 2f6d320e , cd71d2bd , 30427c22 , 31214650 , 440494d9 , 1874cb94 , 1510b3cf , 3956f865 , b84df5f7 , 8fc9d212 , 4093c5e8 , 69eba6ce , 9c1d9816 , b23d7b25 , 053afb98 , -482130 , a437df24 , 429095ee , 4d2ca4e2 , b6b680d9 , 81686bc3 , cdcb0dd1 , 92db596b , 0f880185 , 479c3949 , 573a9c46 , f666ce5e , fdfaa8df , c6bd9843 , db7585c6 , ff790d4e , e5f33c92 , e19eb27d , b9d6e422 , c3563604 , 3ffc17ad , 1a72977a , 0b10d23c , 6155538e , e7b012a8 , 6ec57147 , 5917ae83 , 820a1410 , 6c22299c , 77f5bdd5 , 0bff5fe4 , 7dbe7a9c , 4a454936 , 1c8e4cb3 , db932b7f , 3d6f2081 , 0f897992 , 00ed3fda , fe5769bc , 6df01783 , 895d4b9f , c7b3f9d5 , ab4838fe , fe492ded , e3ed8efa , cadcbcbd , a9bb4950 , 3344cce1 , 4332567e , 77080bc5 , d2d4f6fa , 0df7b50a , 23f7610d , 3dd36fc4 , 5fa6d616 , 16b1a603 , 1a7c4509 , 11d94eee , 4b1774ab , bd019681 , f0c685f9 , e181fe6c , 01f15ce9 , 1f657952 , 00f99739 , e852a525 , a9a4f511 , d11128bb , 93b23fce , d2cd248f , 1022e1ab , 201d4dae , dd5a06d5 , 1dfda7cc , 46e8dbae , 7a959e63 , bc95992c , 3336193f , b8dac3ab , 3918ff71 , bce27c76 , 5f5204e0 , 4a7bade8 , c183a70f , 9ad5c167 , 9dea2191 , 475a5220 , 65e6eb28 , c0e02497 , 89445596 , 5a74a3d6 , 99062988 , 85b90825 , fffbf1dc , cf56ecb5 , 15cd0826 , db294237 , f4473714 , d5c8f125 , 4b75f6e1 , 5a9a050a , 625168d5 , 51c14eea , 93146bc6 , b6248680 , 1c61e0c0 , 4bc8c904 , 4bd61295 , de65126b , d7937efb , 405d219b , a18ef397 , 490e3bf2 , dddf679a , e213fff3 , 4ce5877b , 8e64fd48 , ad2815ca , ae427c02 , 9a0bdc91 , e31a5d69 , c366fdfc , bb846558 , d2c5bf23 , d142bd4e , 37d04655 , 2541ee0b , 2ab4fb1a , dc44160a , 74824d51 , 090e9a99 , 9f268607 , 71d6eb00 , 56b0db57","810b63f4 , 7e72f2a2 , 8199a1cc , e0128094 , 6d69b45a , 9529679b , 74e9ba64 , 4bdd3cd9 , c242813b , 53bfefc1 , ff62a3c6 , 0b513316 , 833387ce , e73b7952 , 3dcf1e12 , ebb942e8 , 5b01951c , a28042cb , 7bb7af4d , 1c687d9d , b77fc912 , c594cdce , 985d4486 , 255cb062 , d6dc652f , 2f25a188 , 72044d7a , b0bc95a9 , d73d4dbd , a38162f4 , c4246381 , 3f0ca14e , d73d42c1 , 56ffbe29 , 7422b5b7 , f233153b , 14668378 , 815bb229 , b9a452ab , 3f9317be , b7ed5a19 , 0876c906 , 516aace0 , 6e4d353c , 05c0e0db , f5dcea63 , ba840df4 , 73f2b799 , 8b9ca2a6 , ddc61ec9 , a47c25ec , 24edd152 , ef4f6893 , e0a5a219 , 93d4e980 , c4b64e12 , 0fb167fd , 327c6cb9 , 6fcc6ec4 , 058b56ae , 9dea2191 , 1e80080f , 1fd405cf , 06ea1afb , ae37eb01 , c3be2b41 , 696c2f1e , c191cc2a , 6e44f59e , f865b565 , c5d83ad0 , 1afc0e8e , 1659647c , a18ef397 , 490e3bf2 , e213fff3 , 60de64b7 , b4c5519a , 749d1b79 , c1355ed8 , 8f842584 , f0e3b62e , 00a6b24f , 396371df , 11029b4a , 210a5fc4 , fbbe1baa , aff8a780 , 1805923a , 3d7564cb , 4bfd048a , 658b3ef8 , 95a8e1bb , ada6a45a , 3b6cfc79","a9fc5f93 , bccdbab0 , 3baa9324 , 0ac0394f , 13c2ed18 , ed88cab6 , 54b4a059 , 4fb385a6 , ad163249 , 573a9c46 , 80513a76 , c3d38a72 , cfa852c3 , 0dd3f14c , 106bfd37 , 5373c11d , 550a6248 , 6c8dc850 , fef2f309 , 8d9a5bd1 , fff35908 , 9d418d16 , bce6a410 , a893ad3a , 5b94ed51 , 0f07fa18 , 3f3ff473 , 3f4b99fb , a1842edb","17c9ebe4 , d976bbc8 , 57518e4d , f1a41dde , 7f3bfc6f , 2db00c88 , 3b7fe1f3 , eeea5d8f , 20b0e9ba , 25eeefdd , 09f4c3f4 , d18ef9d1 , d39171ca , c10017d9 , ff503a09 , fff35908 , b2bceb2b , 6dd29bac","3f5ca57c , 4eda65fe , 35c3db5d , fef2f309 , 6a502552","",
"FCKL","DISPOSABLE BAG FOR FILING","235.00","","4/1/2026","2","3","fe5d75d7 , 89e31bff , 41dd5ee3 , fec9d81b , f0235d1e , 3a60b175 , b90c5265 , b925da77 , 1926ec1e , 80bb4157 , 6e4ee9af , bc0a8661 , 6af1069e , 2126ec78 , c6f3d650 , e17d8fca , 55e3c501 , 6654b29a , ca83f389 , 26f23051 , 57c94f86 , e98d0a43 , b2b7dd35 , f68ca8b1 , e2a199ef , edc7cef8 , 18cd39ed , ca8f78f5 , 74d59cef , c22d9128 , 9105724d , 01bccd87 , c46396d8 , 598f204f , caac3bbd , 1aafb398 , a7efa67f , c9c4f99a , c3ff2e04 , b33e9151 , 681da6e5 , e3b904f9 , 63ff9a95 , 7b6177d1 , 716348d2 , c6883aaa , 355a21df , 88fd130e , 36951868 , 0489f148 , 7b6386c7 , bfc3ca74 , bbb068c7 , 4af4d56a , 4591778a , deea0e07 , 2864c0e7 , 627cd51e , bf14245c , ed393287 , d9fe4330 , 95fc9187 , cc3a957c , fe4f997f , b6cd5d79 , f29f8697 , eac87390 , 79b88a6f , 99e4421f , a2823b07 , 38c8353a , 4a22f404 , 82912c34 , 3dd36fc4 , 0865fa16 , 60bbf195 , edc1b1bb , e0b274fb , 1e065bb6 , 9c9dc923 , 31f5db42 , a2e97aa0 , 622d1216 , 73cee8b5 , 46eeca1d , a0ba3363 , 5443d825 , ed396e7c , 7961fab9 , 144e9ac3 , 74da1260 , 0876717f , ea894a7f , 119a7860 , 46870846 , 6d17cfb0 , fde0e4fc , f28a9414 , 6fbe5903 , f4fab1c4 , 6e92fc58 , 4d42b2b3 , da856e53 , fddd69f7 , dce9afc9 , 103a649f , 3ece91ef , 33391386 , ea67154b , e75fc324 , 9046dc23 , fdb07336 , 71f40d8a , 8ec8b071 , f63bbd3b , 951518aa , 4614e2fa , 43e11c61 , b266fdf3 , 3a3ee08f , f53c003d , d2c5bf23 , aa9c5d1e , f052b55b , de3ce5c9 , 62fd1a20 , eb8ba164 , 50bd6943 , c5786466 , f7ebbbda , 243ee2fb , c44768ac , 771c8896 , eb4b5da0","f838ba70 , cc14174f , 13be5e60 , e70353ba , 4266cedf , c96482ea , 598f204f , bbdaa0b2 , 7ee32d9c , ce423b3a , 8ca1aea5 , 976b7b08 , f554f591 , 921fd727 , 8bc670ca , 3bde29c4 , 0d99d7f7 , 218c472c , 41de6fee , 323df2fe , 71298b7a , 03eb4a05 , dad11057 , d344202e , 2dec7dfc , e6d154ea , 4a3b523f , 106bfd37 , 8b9ca2a6 , aeed2dd5 , bd610a43 , 09f30186 , f51da305 , c2c0c17c , cac57082 , 5a989cd2 , 8d3b00e1 , c623409d , 9f2f76ab , 0cc0c2d1 , 278686a1 , 62e9002e , efa912c5 , 8b44791c , c7b335e5 , 600bd185 , 03f52878 , e40a8358 , 49912fa4 , 1c9ae42d , e032f954 , 46ed87f1 , 5aa85130 , 31dd4774 , 69cc5bfd , 100e25e8 , 1988891a , a6ef2f7a , bb60cbcc , 1402924b , a554edc4 , 0c8f83b0 , e604c434 , 2ae22ee4 , 96360286 , 036c4220 , 8612f9d0 , 40b42695 , 06bbb28e , 1f8895b5 , 391a2d30 , 3e8d9c3b , 63e49e33 , c1150dc5 , e8166c39 , 9588185f , 1ab92355 , 53f1c75b , 5a4c2f77 , 8e0e3d52 , c10017d9 , ff503a09 , fff35908 , 9d418d16 , bce6a410 , 9b8e2411 , d9dc1728 , 8dbebefe , 80a87c38 , f2148813 , c100d498 , 268a568e , 8acd71f8 , 2e32f5bf , f21d9b20 , b4fc9f1c , f4dc39fc , 6a502552 , 6b53da31 , d30f54c4 , 3c0c58b4 , e1467a06 , 69196f54 , 39c7493d , 412624c4 , 6287ea65 , 9d95ba39 , bda58bb0 , be4a4a52 , 0bdb6dbf , 7a171333 , 5b4aee82 , f8acef92 , 88ecde1b , d15ae5a5 , 5b94ed51 , 98a000af , 4cf046d3 , c3851039 , a439491a , 10657047 , 89a7bee6 , b1f5e437 , 244e1f45 , 2d2de678 , 3f3ff473 , db4f26b6 , cd4bde12 , dde84236 , a5df2095 , c3fc61db , b419a9c1 , 5ff128a1 , dbb9339a , 2bce1dd3 , e23397d5 , a8bb0236 , 217c1401 , 3d7564cb , 7dae6354 , 81b1b5e7 , 96b7a1dd , 3df5c3b1 , fb28ad59 , 95a8e1bb , e50e3d54 , ada6a45a , 7658dafe , cc3d486b , ed9f340d , 221d7d25 , f13f6778 , 9bfde9d3 , 677df82f , b5040c49 , afa08a0d , a1842edb , d8809866 , c82db35d , 0ca3333f","f5b8fde2 , d8d23f8b , e3b904f9 , f8e19fdf , 523c0d70 , 779ff11e , 5d544522 , 452a811f , 306826ca , 785ea6ff , f7f5ebce , ebe82485 , a1270223 , 341fb7f4 , c19904fd , 7fe93519 , ab3e609b , 1875cb78 , b274d04a , c0eff9f1 , 06752d6b , 6465b479 , f32bb923 , cf0fac15 , 6c8dc850 , dbc78ca7 , 7c7ddc5e , 0883f6fe , 16f2b7c9 , e85398b7 , 8cd1df4d , e01ca2df , 5e467bda , 78754162 , 719d27fe , 7eb72034 , 92cc7138 , 29e83fc1 , 0c6d9713 , a2a75904 , 5d46d68e","c2c0c17c , cac57082 , 42c09036 , 9306ed20 , b89550d6","","","",
"220No","EMERY BELT","100.00","ABRAR","4/1/2026","2","3","571f74c8 , 13b17087 , d0829062 , 847faafd , 3e5f29a2 , 01911d93 , 1f294faa , 7a933037 , 08b5fdda , 3e19ed3c , ce786f2b , 86ba437c , 4eaaae16 , 1c482793 , 0a569a5c , c22efcdf , 9df40c9a , b659631e , 72620482 , 99290eca , 869bf6c7 , 0bf9d966 , 4a507abf , c8dd02d5 , 012efa7b , a7b9fbac , 1b60fac1 , f0e62165 , 51b94637 , 0f6c3265 , 8d9a5bd1 , e59937f2 , 160dbec0 , 79a45cd6 , 1e7c3884 , 1d89e7cc , 8eb1a12b , 91cc8a0b","9bfd92ba , b9da074c , 4dec37f3 , 25a1d882 , 95481ce3 , 33ebaf95 , 8371ee9e , 4ef65dbf","fec9d81b , c3fc61db , 99be889b","f833545e","","","",
"SQUARE MESH (210MM X 110MM)","SUCTION MESH FOR POLISHING","1,650.00","HASIB","3/27/2026","5","7","d9fe9008 , 60d0fe2c , b449eef2","ec236f8e , 142fae38 , 601cd59d","3e6b7257 , 5a10b711 , db82bbfe , ddd8f823","","","","dc374d06 , d387b71d , bb01497b",
"B~28~SS(WITH SS TRAY)","HAND FILING UNIT (28inch Table)","11,500.00","","4/1/2026","20","30","3e46e5db , a37ea1a8 , f682d3f7","","","","","","",
"B~28O~SS(WITH SS TRAY)","OPEN HAND FILING UNIT (28inch Table)","10,750.00","","4/1/2026","20","30","","","","","","","",
"HBT~21K(COLLECTION IN BAG)","HAND BUFFING TABLE WITH 0.5HP DC","36,000.00","","4/1/2026","14","18","f86c4aaa , f820f9bf , 05573b2a","898fd10a , bb611d1f , 0830d354 , 964a0bfe , 36919b1c , c92e37cb , 51f5edd0","a8788b47 , 24806c3a , d2dff790 , e566ee9d","fef137b9 , 2f576a08","","","",
"B~28~SS","HAND FILING UNIT(28inch Table)","11,500.00","","4/1/2026","20","30","","57c8b17e","457979c3","","","","",
"ELLIPTICAL MESH","SUCTION JALI FOR POLISHING","1,650.00","","4/1/2026","4","6","71a0249c , d5d4fa54 , b4d93896 , 9fef8a03 , ddca305e , e02f32bf , 9537831a , a2d49a97 , d73d6d56 , 6ffea059 , e7dbc8ad , 692f6c32 , 4c9ea1d6 , e38a97ec , 37a228e2 , 2e71a7af , 902a87b3 , 3209b131 , f2f18391 , 34eb6c66 , cc00c2e9 , 4676f32a , 7ec41667 , 6a851af9 , 8af454ff , 96eaf767 , c2e1fc97 , 5669ca80 , ff825a21 , 59b356ed , 6bc8e9c6 , bbc0db1a , f755e24d , 1849bf73 , 54a78a30 , ed54e1ac , 6c3c41b1 , 629f4fa5 , e4336cfa , 545de715 , 053afb98 , 8e95ec3d , d5536cd9 , 0cec7a8a , 175c8a55 , 48e49f54 , dc55f8d6 , e8743085 , 802814ee , afef2bea , 701c9f4f , c1a804f3 , 654a664a , 621074eb , 521742cc , f6144dbf , 668fa966 , f9ed29dc , 79ab9953 , 6a79c611 , 38172442 , 543900ae , c78d7934 , 61bfa810 , 1d4e909d , 6e351da8 , acc02d7e , 78d249cc , 4f90fd46 , f13a4137 , c35a60bb , f4aa96b3 , f197e411 , 50b459a8 , 21de1493 , 6b1c7782 , 3da3a249 , 0fbdaec5 , dbc09442 , f4462a94 , 5c57a77c , ea2b4ad4 , afed2771 , 9f1beccd , 91b7b6db , 6ffc1912 , ae427c02 , 601cd59d , a215ed2d , ff343c18 , 13c89e12 , 29a89d76 , 2ff577d7","d882704e , 74e9ba64 , 5a10b711 , 4ad14581 , b29026d9 , 49b4291e , fd3e842b , 60fda3d4 , e049b8ad , 85846d5d , 18df1538 , e2ecd05e , ea9d51c2 , 725157dc , 0267ddd2 , 3cdfd197 , e695bb80","b4b2941a , d8aefde9 , f9615da3 , 436bb7cf , e19eb27d , 4c2916d5 , c5a34da3 , 36e0924e","5ab35f2f , 034f9ed2 , 094fbd7c , 72015fbb","5fa6d616 , bbdda1f0 , ef4f6893 , e0a5a219 , f8573f0e , ecbd2f2e","","9bfc6aa0",
"HRR3i(RUBBER)","HAND REST 3i (RUBBER)","295.00","SHWETA","1/21/2026","2","3","a5a97650 , ddfd8291 , ae21f3fb , 61f2c0be , 7aee53a4 , c18fb46f , ec73a12f , 73837cf9 , 72b52988 , 6a6a8af4 , 5ce9c751 , 25a63b54 , 377fd7b3 , ad46fc3b , c598dcff , d2b64b95 , c7d2ddef , eb4ce751 , 87d5ce8e , 21548939 , a1df3b68","7aa57dc5 , ddfd8291 , 32a8b560 , df376d94 , 8347ff44 , 138fcd38 , b9693ac6","f38d7095 , b071367b , 9c54dd9a , cf56ecb5 , d9da75dc","2eb0b26b , 81c1a859 , 21234cfc , 9a95bbc2 , d616ce3e , 5daaeb56 , c49474a7","130ae5e4 , cb1d7bed , 147ede69","dc374d06 , d387b71d , bb01497b","",
"F~28K~SS (SINGLE SUCTION POINT)","FILING UNIT & SS TRAY (28inch Table)","0.00","","4/1/2026","20","30","83dfd6a0 , c9023b69","","","","","","",
"F~24K~SS (SINGLE SUCTION POINT)","FILING UNIT & SS TRAY (24inch Table)","0.00","","4/1/2026","20","30","ea30f87b","270f0279","c9f74d60","","","","",
"LP~75D(WITH DISPOSABLE BAG)","LAPPING MACHINE WITH 0.75HP DC (DUAL SUCTION)","48,500.00","","4/1/2026","11","13","30045ea1 , 811bce63 , ca829403 , c27b3b59 , 8e86e3fb , 2a413044 , 64c3725e , d39ce339 , 482e0ae9 , ff885143 , 99a2ebf0 , 27184695 , 22aa3d66 , 3c25964a , 110a8c0e , 8e813eb2 , d10266c3 , f015d353 , 4e75f1d9 , 83cd4945 , b22ec68a , 4eee3d88 , 346e00cf , 7cf2d197 , 3f00b895 , 9efd3e8f , fd40430c , 63580cab , f98beefb , 81b969e8 , b3123eef , 0d0e7df7 , d9f93338 , 6601377a , 4117bd4d , f4f56565 , 2fcfc47f , 4e2c0e7a , 9cbc24ae , 5d61bae6 , c947004a , 43690e4e , 5eda01c3 , 58c1dce1 , d5224099 , f5d50f38 , 1372c713 , a642dd03 , ba315e69 , 67c55a39 , b5f46e8c , 003dae09 , 7242e9fa , e046d918 , 9da7161d , 673446ac , c4a40f57 , 163cf78a , 21ed5a1c , dc0552ff , 129db266 , afaad5a6 , d72fb3d0 , b348363a , 6875b562 , d7218302 , 36ccfd8e , 05b13e9f , 9eeb8bef , 5374fbaf , 342a5a8a , 89fbff3b , 830a176c , 3005d494 , 0d2df0cd , f947fa17 , 659c3fd0 , b84f7bca , 68d9d657 , 760b602c , 2c53d562 , c0d94b15 , 6a76c696 , afd23d78 , 38d7aab9 , 497ded00 , 373cb547 , f5db75d3 , 7342ee3b , dcf487f5 , 53adc13e , 4c1d3391 , 9cc52247 , 9bdd5251 , 46172572 , d41f86ae , f079daf1 , f1cfc8ab , 3fabfe56 , 7d2d01f4 , 5a9073e4 , 8522ef67 , f03f573d , 8565cef5 , 0684a775 , dfc917b5 , 25eab548 , a801efd5 , a15d8ad3 , 13160c6a , 1e6ee5f9 , 25bca9c5 , 71863a62 , 303b6a89 , 7a58dd55 , 8cb7ad44 , 96cab488 , 9e1ff7af , a8b505c5 , 532cd06c , f8d687c1 , 4ba50f6e , bbd3ac7f , 736ea0fa , 9002c2ec , 202c9be3 , 6ed6e705 , 0b10b3ad , 29896546 , 96d3369c , 8bbf5bf5 , b4d365ff , 9c435908 , edf2c2ff , f3a2d0e8 , 5ff8022b , df89b5cb , 16ef1d9e , e46c3df0 , e174f427 , c1dab075 , fa55be1f , cd8e65ab , 73a0b0df , 491e619c , 093e0c46 , fa54db2d , e5438587 , 20accc86 , 4bd3a4cb , f80f6998 , c0101383 , 63ad1c8c , 8260a502 , 42a34033 , 9824d9f4 , 64ebb837 , fbf09ee2 , 7724951b , dc1f9d92 , 95b8eccf , ab977024 , 8bb2062b , 372de059 , ca2f988c , 33b6c0a9 , 4206521a , 3b3147d2 , 8fd24b5c , 70257b10 , ee4bf709 , 1e5ad319 , 6585db76 , 1476ac7f , 8695a710 , 1c63b727 , d2168806 , e9b409c2 , 6494d570 , b69f55a2 , a0a1449c , 3a2c4028 , 0a2d4e0d , cd380338 , bfa88fca , f717a003 , 500c38f2 , e145199d , 0927eaee , 8f869f6e , ecc1b9bd , eaa50fe8 , 1cea0018 , cd3db365 , 1ef4f536 , dad58cd1 , 40dbd715 , 6c3d1d52 , 5539c929 , c0b17845 , 9c27f413 , 5b01a81d , 20ada12a , 54b3f9e4 , 1b7069a6 , a31a9ddc , 85a63bb8 , 85ccea9e , 85264d6b , 874f90f7 , 2595428a , 45feb113 , aeb9f13e , 68d5b59b , dbc61b30 , 47eeec8c , c68f351f , 783161a5 , 47c15cac , 1da0c37e , ea2823c9 , e8d21432 , e4a461f6 , 226cfffe , 958dd2c0 , 926caa69 , a2930aec , 1d12c564 , 438f8514 , cc7e6760 , c0ed4cd5 , 5aa7e797 , 442ae0c4 , 7f0f7bb0 , 441f1f18 , 628c407c , bffa7c24 , c09b23aa , dbe20789 , 48536c0b , 81947561 , ed3608ba , dd1095f9 , c7fb5403 , 3d69c47d , 7c519d33 , 84d46cc1 , c5cc1788 , 56a2e21f , a897a2d2 , fd583653 , 2d3274af , 5034d923 , 5a0ccfba , c1161dae , 0427358a","a5cc2459 , 6649e23e , e28d830c , 527fe45d , 1a1c30d4 , 0c6d81f7 , 499c8d87 , 3a4e2c4b , 461fecbb , dbc6b83e , 59301f15 , 0bab5640 , a6508ffc , 7f0d0284 , 5a93fb83 , 5bb80c08 , 93359459 , 00bc594c , 4b4d2c8e , 82864180 , 4cb9722c , 392bdacc , a63d5448 , 990e7b90 , 6629feec , a0638428 , 2a775705 , 72cb957e , e02f5e19 , be304122 , 2a844ea3 , f4d568b0 , 1dfddd43 , b354c554 , 7c69a5de , 28e8fe1b , 2769e06f , 0e38edab , f5b64970 , 15f91520 , 41727b26 , f46b23a6 , fddd846a , 1ab3e015 , c62704b3 , 242c4997 , 76bf8def , e8283222 , 89937095 , 97c9785a , ada8f343 , fcd36df5 , cc528b39 , 4a51f0ea , e86de7cd , 92010bfa , 882908ee , 531ea198 , 0eaa0e0f , 7b3b7e5b , 8994cbf3 , abd9bf62 , 17d9add5 , 48c3d782 , 1b37f6a4 , bee48c1e , 614549b2 , b3238f4e , d689417e , 6b7ef646 , 5839519d , 9866e16c , 2b9b9b8e , cb661248 , edcb3dd7 , 09399f38 , 5314ccd7 , 423fc636 , 4253ec69 , a8b2ab9a , d013e84c , a7598014 , 305cd2a8 , fdf667a7 , 3d7f8f1a , ee238d75 , de1b458c , 540b7954 , 7beba4b3 , af6ffa64 , c536e0ea , 95430076 , 051115be , b927521b , 2cd4ea17 , 30400a82 , fd52643b , f67928b7 , 30250171 , 3d3f8c20 , 734767d2 , 9bdaabff , df4d5af2 , cabc73e6 , 5e8092f9 , cf30861f , f49ae216 , 46f18207 , e1734cb2 , ee47e834 , 363fb382 , 9b335e64 , c69f23b5 , 735eece9 , bc919e90 , 605dbab9 , c70265c7 , fa0ba41b , 94795c3f , e4b6cbde , 535ded72 , c40e7ad8 , 79c12883 , 46037233 , 7b3b437c , be27eac4 , 1319e4d0 , a10734ea , 56e358d9 , 0b458e7d , b24aa15e , 0538852a , c12cd8eb , 6fec6eca , 7ab11870 , e31b2eb0 , 6a58e768 , 1ef9c7b3 , 0a7a943c , 99b26402 , dfe3c55e , 0f6e3d50 , 2565614e , eeccce49 , a82d22de , eeddfa84 , 7d9f96cd , d2519897","9d016e50 , f1ebe328 , 5eb53c41 , b3d1174c , 7defdca4 , 5c82848f , 423d23de , c6dcae47 , 8964ae23 , 46d03f21 , ee6123b0 , 68dd0394 , 8332ff78 , 7dd0f005 , cedcc440 , d07ce0ab , 9e13112b , e454c782 , 52285fdf , 6f73bcc8 , ca910cbf , a454c014 , dec7fbd0 , b5776f4b , 545fb251 , 5685d873 , 69295acc , 70818b6f , 033da63f , 64963ea5 , 6e6dc840 , 5ffe1405 , a3fbea35 , 18e8c816 , 6ae04e0a , b6f90304 , b7749db2 , 6b7c7831 , 7a38b54c , 4fd2e899 , 118761ae , c8d74f19 , 9cfec16d , 801a7f57 , a2900ea1 , e69dbdca , c30f2592 , ef0fa586 , 8b044a0a , 2d40d60d , e001e950 , 708c283e , efcf5eb9 , 9dc375f0 , f856a8f6 , a713ef38 , 1ae1491e , 1f586a15 , df742691 , 3fc52f11 , 0eb7392c , aa546a6c , c8834399 , 3fc0d543 , de4414e4 , cc9b918a , 44cd0d8f , 650528c5 , 749818f3 , b79b396d , 885832c0 , 30193608 , 00af1a62 , 72ca60a3 , 408f9b08 , e2956a92 , f93d3660 , 4b165e2c , 3aa0ae18 , 64c8fa21 , 653f362e , e2948173 , ff7b4d2b , d3175e14 , 220e01f4 , f4e2f7af , 3825bc44 , d7554872 , 3f57ac76 , 07370f90 , 4c13485d , 7fd611db , cc9577d8 , 11599af2 , c79b68e4 , a1cc4199 , 21ae3b87 , 765dad4a , 9bd52ab2 , 8c2021f0 , aacef242 , e8858dee , 30c8fa62 , 78e0b0ff , 03c79199 , 64e38fae , bf161a65 , 0af6d309 , 7154baa5 , 7c1e05d7 , 8164c8de , 0a297800 , a5e772a5 , 2c8da556 , fa0e9b07 , e4b4af73 , 1ab69533 , 7b9c5d5c , 6ad09351 , f2021b27 , aff9e82c , c2e58bf0 , 30095357 , d82ff8f5 , 9c742524 , f535b6b6 , fdda9ec2 , 034c5161 , 64ddd457 , b14698a6 , b3f35041 , a0294210 , 24b34402 , e4d5db13 , b902349f , 006579c3 , 6afad050 , 040fa229 , 04a1c3fb , 30a96bc8 , c3c7c78c , cc0e8912 , 2a38d7c3 , 5b8021c7 , 4aeb0399 , 4a76c29f , 538b4502 , 0a464992 , 6ba5b659 , 801ee5a7 , 059feff8 , 10b5ef5a , eacbdea4 , 148df7f6 , beedd153 , 51f09626 , 06fd15cf , 0cc91615 , c05113d5 , dc7ac044 , b40ce2f2 , ae85a1cf , e4d933ab , 6f1f71b9 , a7bf9c6c , 38563b35 , 3903c0d4 , 5d5f2d20 , 2b03e608 , 3e1c8ad6 , 496a24c3 , 27e6f9e2 , 116d3bbf , cb7981ba , 72323922 , 15aff67c , 2e9d28af , 0eefa1d0 , 5a1a7e46 , 8a2e1d5f , 58b3476a , 3dcb78dc , 1f740275 , b0ac61a2 , ebbe5746 , 366d34c7 , f3081457 , 6c60522c , 1b33c9dc , 057aea68 , 9bdcd67e , 9ac75c0f , 70ada3ae , 7ae165a7 , 6fe36628 , 21429ebc , 53b9865d , 90379d7b , bec99b26 , cb0b52b9 , cf7bb012 , 8226a0d8 , 66da1312 , 57a24337 , d86a267a , 64676b27 , 1a33b281 , c602b6e3 , 20952c55 , ed2e7fde , 097300f6 , eb202aa4 , fdadff86 , ebaf9de8 , 753747f2 , 9adc7144 , ab796053 , c61fc951 , 0d567fca , 78b5c139 , 01b0b165 , 0fc239b8 , dba3b77c , d739b8f2 , acd76911 , 09bae16c , 322f44c4 , ee0b7031 , 1ebb9776 , d96a6d3b","c7268484 , 91d6f9c2 , f65c3287 , ed373ba4 , 2a58f95e , e5245b36 , c7a65182 , 80965119 , 9f6d2357 , bb0c301b , 139ca338 , aff5aedf , c7888605 , 7827cea1 , 9cf8653c , 8a35722c , 4f092656 , f9acc1ed , 7b54b9c2 , d308fcbc , eb78af61 , a6b68109 , c032f31a , dff3bd89 , 210c2855 , 2a5e8732 , 4fc9ad1a , 945b033a , 93004048 , b1f48eb2 , a3ec3743 , 1ffd42bb , 458f3f2e , e35397fc , 2f0d3a60 , c9396607 , e593d5e5 , e76d624a , 045978bd , 8ce1feb2 , 53359ad9 , 3cc49893 , 80eb9b36 , 1a2b2d5e , 7c8d4203 , 997a4991 , f7840336 , 5b7f021f , 8118a20d , 1ef5a15d , 752a4aba , c2bdd8e5 , f481695d , c0aa31b1 , 3ab4392d , 35f7d271 , 4ab458fc , 5a9bad8b , d3f82c79 , fbf3b662 , d4705584 , 93140976 , 384487fc , b21dc52e , e0c08872 , 721e075a , d30c89ad , 768a021e , f34392dc , fb37260a , 25f81db9 , e01be0a4 , bc6f63ce , 3e83f297 , 420a258e , 8f14acf1 , 899d6529 , dcd89f55 , 846ed1ef , bf589790 , 1ddc780b , 47d7c794 , 6738d746 , ff4e9423 , cf8a1d24 , 90d50f43 , be8e8073 , a1caef89 , b5df942b , cba0bbf0 , 1fdf8fd2 , 25045fa6 , 91d4c627 , 0e854a42 , 84b4391f , 349bc399 , 2f5b0f8d , 40506232 , a1644d47 , ad4fbde8 , 7dc86294 , 7667f7e3 , a8ddf193 , 51a344b7 , da72e68c , 77abf7b2 , c8827764 , 57ec3ee5 , a51a5117 , aaca05e4 , 84b88d80 , 8ae83c76","80624ca5 , a5990a8b , 2d8e75f7 , 91bcc5dc , 652b3175 , 4165380c , 4412d1e5 , 3ec67eb1 , 3ef3a69e , 3cd41094 , dcc2c821 , 2e2ab621 , 0b587fe3 , 74b11dd1 , 600fc716 , b01e423c , 4632807a , e6b88e5e , 9e2679ae , 12a4d80a , 326af678 , 8300201b , 6d49ea65 , d90862d0 , ba5e2823 , 6268b404 , 4cb3e840 , 37165590 , 210c04fe , eb459270 , d47d65e6 , 5cf5207d , 7f8299cc , 986ca191 , cabe58f8 , 20d9183f , c34a37d7 , 15118cc5 , 25fc3948 , 947f90cb , cefeb837 , 0d2ed16f , fce15e64 , 21fc7262 , cf09453c , 986b6789 , 10578da1 , 2180e96c , f068c3e9 , d4d58ba9 , de3b18b6 , b0970330 , 2b1a9562 , abb01e7e , 820c563d , c6689b30 , f2e30602 , f05d040f , 05d80201 , aa62591f , 1df6b096 , 6b6d9668 , 491f9f67 , 1ba8bc8d , 8c74bea3 , 8aaa552f , f1225720 , 8e6da56c , 9c4cfb76 , ddd82571 , ccfdd5af , 9bf10e43 , a788a143 , 9ec50265 , 5f6a5c40 , 03809df4 , 6e790f56 , f555672e , 3fe28b2c , 33bd527e , f8f52539 , a481a833 , f1c806b6 , 9aa849f6 , e2e2950b , e9e584b4 , f5f3ac2b , 562379df , 1391c00f , 120d9de1 , 91e49a55 , eaf95e90 , da29a905 , 629295fc , bab979a6 , 2b810f6c , 22e92a9d , c7f8a317","3bfd21c1 , c3d29271 , c65aaaa0 , 482a16f9 , b10500dc , b0084c4b , c42bf83c , 844d56de , ec11a571 , e9db0f01 , 167d5326 , 45b1185f , 050e35e5 , 7e889c63 , 471c66e2 , 0c44290b , 6f9a92f0 , 9fcf2b7e , f01cc22a , b07574ed , 945bcca9 , 8dde10c5 , b666ce8f , 028a738e , 085b3d27 , f26474d0 , 6442be20 , f75d016d , 9f546320 , e6300ef0 , 0d77a984 , 9262eaa1 , 1cd2745a , 639fe428 , cdcc3bc3 , b60fc16c , a416aa2e , 06a37bc3 , b85d0d70 , 979733fd , 0e0863bb","6b57af2a , 9c83f968 , 030c5d56 , 2a097afc , b43f1bdf , ab10902a , 82845d62 , 884e89a1 , b3d4f668 , 5ff68665 , ebc83fe2 , caa77470 , fc197911 , 5aca4dd3 , 6c1b6d99 , 0565176e , fcfbb465 , 9b4f3f83 , d2a9765b , 6ed65292 , d42a069e",
"LP~75 (COLLECTION IN TRAY)","LAPPING MACHINE WITH 0.75HP DC (DUAL SUCTION)","50,500.00","RAHUL","4/1/2026","15","20","fe430de2 , 527fe45d , 597bac10 , 33bce622 , ae94f35e , ee192342 , 11e3578a , a2e8240c , 51f50ae9","30045ea1 , c27b3b59 , 2a413044 , a02037a1 , b22ec68a , 7cf2d197 , 78bdc0a5 , 9da7161d , 21ed5a1c , d7218302 , b84f7bca , 68d9d657 , 6a76c696 , afd23d78 , 88847ff1 , 497ded00 , 6ffd1acb , 093e0c46 , 6494d570 , d49cf891 , 53ccf917","1fbc8e38 , efd47030 , d3151ff7","cb93d996 , 135616f3 , 801a7f57 , 9efade52","ed373ba4","a5990a8b , 37df29d1 , 497daaee , e8dc57f2 , 37165590","b10500dc",
"SS TRAY (IF REQUIRE)","STAINLESS STEEL TRAY","0.00","","4/1/2026","30","40","24580181","06f4afd6 , 88dfc48f , 17907a06 , af032a59 , 0529be75 , 260be801","a55c8e1f , 2cb72ec8 , c7ee9829 , 389998cb , 9390983f , fe6c609f , 73f08715 , b49b40e7 , 655b2871 , 5306d93a","4b36e889 , 36919b1c , c26db14a , f1dcae1d , 26aa26b7 , 7f79248b , b954d66b , c825a193 , bf18e601 , 1c128b69 , b0718f1f , 8014486f","151496df , 12c45e1c , 5b0612f6","448e430c , 6fe5d9a6 , f92230dd , 7b73efb8 , 33b26676 , 7d410e13","a068106a , 7ff2fe31 , c828f9c3 , e01be0a4 , cc9ffb0c",
"STARTER (IF REQUIRE)","SINGLE PHASE PREVENTOR","2,800.00","","4/1/2026","2","3","37449eb3 , 28e207a2 , c27ee733 , 9528dfeb , d68ae72a , 836c04a6 , 61833c64 , c8c82cbe , cedc41e3 , 7e81696c , cbef44cf , 606060f5 , ae00bf2a , 40166e6e , 63e9efd5 , f4ff1356 , 0201ded0 , 28235336 , 10a9e8d4 , 0430e90b , c5f9f84f , 92aa94cb , b5fa0e7b , 34ebcbae , b2631af2 , 8308c126 , f0295617 , 23bba1b9 , 696c2f1e , 94059356 , 878f99df , c58778f8 , 2ef5273a , 64f95649","80624ca5 , e9577ca9 , 9d04bae6 , 26a29731 , 07243afc , c17148e1 , e3291621 , c130413c , c4935862 , a1e6a461 , 1565f7c2 , fc7846bd , 672606c0 , 8ddf9765 , cece4552 , 3c861e1a , 3a6fdcde , dd949295 , fd055ad2 , 75e9dcc4 , f2eca205 , 12ef5463 , e9d8ce67 , de0b23f2 , 9723c464 , b6eec04b , 9e1200d0 , 50636b4c , 2d669ca4 , eee6b1cb , 69896281 , 3fa96e80 , 28d7fc84 , 26586605 , 0a294cd2 , cb93d996 , 2a58f95e , 7c26b43b , e5245b36 , 44adddb0 , 56747324 , d74dec29 , bc50dcf6 , c2542f62 , 4587598c , c6c3a3fd , 139ca338 , be62c0ca , e132648a , fdcb969e , 30e2aa2e , fb711525 , b3d1174c , aff5aedf , ba3d64e7 , f33e178e , dd6118d2 , 29ab640d , 4368cffd , 918e1ef4 , 0b1df55d , f5e6fce7 , 3451bd7b , 54b27669 , 9a00038b , 4dcbecb7 , c050c3a1 , 4502cba5 , b1c1b2b5 , 3fa363ca , 310944a6 , c2225d46 , 0caa789a , 3d83592c , eb153b76 , c7725b7c , c8bbccca , c64dc964 , 35702a6a , 7defdca4 , 72bb538e , 72437bff , 871a6899 , ab1ed9bd , c4fd6bca , e98cff1d , 1d1739a6 , 5c82848f , 20e9c084 , 01c063e5 , 423d23de , b87a8c0b , e8b9829d , 0cf87ad0 , 31e75df7 , 136d4230 , c6dcae47 , 4d3fffb0 , 30fb1ad4 , 5f5b2f48 , 66cee462 , eb106426 , 9cf8653c , 544dc608 , 80b79fa2 , cd5e25fc , c23ca59c , 97fcae9d , 0d95e118 , d07ce0ab , 7a09c50e , ca251525 , 9e13112b , 4f9c4838 , 4f092656 , b9727391 , f5a8b0ec , ac016066 , d4fefb4b , a731e459 , d043e678 , bdeaef76 , 926dbf1b , 345e16b4 , dcc2c821 , 00d40afc , f5e34e47 , 5aad8276 , e63ca953 , 7b54b9c2 , 6daf4df3 , e90fa17a , f6ede6c0 , df3a4d1b , d308fcbc , 97252452 , 11b24ed4 , de621dac , f9d520b6 , eb78af61 , 4ee94a80 , dec7fbd0 , 8eec5a77 , 8db30456 , 1f6b465a , a1ed113d , c2e04c90 , 4a46db29 , d08e46a9 , 50431496 , 74b11dd1 , 6bd95074 , 0c18bad2 , 4f0b9e69 , d17010f8 , f59bdcd0 , 9fac8e95 , 4a6f522f , f4d37500 , b12ee820 , 82a36323 , 00d8ec5e , f475ba1e , 0ab33450 , b1b171e1 , 31ce1669 , b6adfdbc , f1575775 , 98698faf , 8328600c , d43e38b2 , 136c1634 , 6344176d , 787d01e7 , 3a2a48f1 , 84653b2e , 591368b4 , b003438a , 463f3e07 , 1fb9a526 , 72995bdf , 404c58b9 , 11ce6914 , dff3bd89 , 210c2855 , 2a5e8732 , d051e56a , 4fc9ad1a , 6b7c7831 , 58e4f90c , 78e9f7d0 , 227b4a30 , 1b1343f3 , 78e99e37 , c82660c7 , 787151a0 , b2d36751 , 3f94414e , fdd4ba49 , f856c08a , 76010ed1 , 12a4d80a , 65f8dc39 , 06479bb5 , dc695f62 , c483eda4 , b2e33d55 , 945b033a , 22356477 , bed68bb0 , 932e6eca , 9b03fc2a , 8070fe65 , b4920905 , febf6f01 , b53a612e , 18b51475 , fc4e63db , 4c29985a , 716d4495 , 5325651e , f1474ee9 , ec11a571 , 42dcc36b , 708c283e , a0846cb2 , 88cbb196 , 6a5eb4c2 , c963107e , 9c89ee89 , d33ec40a , edf8e263 , 5cf4f0cf , 2f0d3a60 , 23fca864 , 2b53fd94 , d26e29c9 , 238673c3 , 9ec70d0d , 3fb49867 , a713ef38 , 869c6292 , 736ea002 , dfc674a9 , 30be7e2d , 9b4f38e7 , 8300201b , 045978bd , 244ba032 , caba12a3 , bcf781c6 , 8ce1feb2 , 00029ee8 , ca047941 , 5d8d909c , 7bfb064b , 12bf63ca , f527d21e , 48d359c1 , 4012e5f2 , 0da92e37 , 4a3759d6 , 05445af8 , 1f586a15 , ff15e498 , 8dcbf0db , 9eac36d7 , 03727d72 , 737a38e6 , d572809e , d90862d0 , cc2a18ab , 1c687d9d , dda7290c , 62458f4a , f80ec0f1 , 7ec03996 , 124dae4f , 8ec124fc , 3ec397c1 , feaa654b , 7c8d4203 , 82077606 , f6e73aaf , b77fc912 , 7b79d035 , 38d541d0 , 033cf1c1 , 210c04fe , 7828a587 , 4c88b996 , e7fb9516 , 918a4c6b , 4227c0dd , 43994258 , f8c38410 , cc9b918a , 93f7272c , 5efd004b , 8d391698 , 9a8e7409 , d01597d9 , 72e9d0fb , e02730c0 , d59a2bb8 , 7d86c3e5 , bc6234e3 , 2f406233 , 5542cb83 , 34bb9ab2 , 677db601 , 4a9d6720 , c2bdd8e5 , c842dc7d , d3175e14 , 46a8cc97 , e55c2f13 , 9de3f2a6 , cda9b315 , bc493abf , 538112cc , 17b17d6c , 01f696c5 , 0b8aa8ce , 4eb1e100 , 9dc34395 , b165f01c , 186b770c , bac76b83 , a0ed0e36 , aa643d71 , 35ad3f7c , ff7923c5 , aa87a6fb , 274df7cc , 059fc04b , 23742de8 , 3dcf76e5 , 9c64a0d5 , 39c725df , e83f97e0 , bb153ced , c361c19d , f4353e98 , bf161a65 , 4d5ec52c , bf7b1a08 , 1c9ae47a , 0505a472 , e3088a07 , 7c1e05d7 , bed93cf7 , b49f4785 , 1f2aac43 , 063e4c66 , 0fd32fbb , d4705584 , 075ea249 , 9bbf645a , 4d06d096 , 9efade52 , 19d81d81 , 873c3d9d , 858fd6c6 , b9174126 , 1a71b75f , fc15d32a , 00b45874 , b902349f , 199e9d87 , 97f783f3 , 57002c88 , 573d7732 , 51abdc78 , 7e3d5887 , d74aac86 , 8f330ff7 , 14dbaea2 , bbdf1c3c , 727bb19c , 1af001bb , 6c50e180 , 6667dd45 , 6da32b75 , 42e941e6 , ab6121ba , 3f915a4b , a1cdf120 , 7b1963f8 , c0b836d8 , 1198dd2d , 8ab573b6 , 9a024243 , 1d05aecd , c9649bfd , cdbdedbe , 65d94a13 , 9f910320 , 0e854a42 , 01382af0 , 6183b9b4 , 349bc399 , 7b114005 , 59e0cf73 , 3b808950 , 8d5cbabf , cdc98bf9 , 0959056d , 7707cc20 , 946fd335 , 5f4df43d , 753747f2 , 45fdc97c , ce023483 , 71166ece","052bcef5 , 54515859 , 6c668c97 , 6a535696 , c8fde7e9 , 4412d1e5 , 9fd15e9f , 3ef3a69e , bb29f9e4 , 82042061 , 0b587fe3 , 4ad0c4ad , dc387405 , 01ba0350 , 0ee98860 , e33acfef , 93a56e14 , 1ab642a7 , 22381f19 , 482a16f9 , 2badc2d8 , e0d51707 , b10500dc , 04a553e4 , 782f21dd , 853c7724 , e623b0a5 , b35f91ea , a063deec , 5c9e9e39 , 2bf9eaf1 , 569d7dcc , f0620e46 , cd901383 , 34b5b294 , cc2e53d8 , b1f48eb2 , 241f0319 , d84bf286 , 2fc41e3c , 844d56de , fe2e9c3e , 690ba5f3 , c9396607 , 60e0c74e , e593d5e5 , bfe51b1b , e76d624a , a61112d8 , b93520d2 , a0aaad23 , e9db0f01 , 82c1ac56 , 6632627a , 924193f3 , 2abedff6 , 79513b95 , 3f460e1f , 6d49ea65 , ff23604f , c0789f87 , 38a22172 , ca8c4138 , 6cf0cf45 , af2655dd , 3b90e10b , c6e7675d , 264e475c , 167d5326 , 4cb3e840 , 7aa69e3c , b430b404 , 7abae7f8 , 2b6f0919 , 46129434 , 5b7f021f , 8118a20d , f9def510 , 66b75c98 , 6e991b42 , 666968cd , 487efb0a , f401d2f6 , 1df9bfad , dd10b5c6 , c47dcde1 , 9bdd5251 , 5b62baa2 , f73e1eb2 , 2fc51bf9 , 050e35e5 , 2d6bb446 , 4dff4720 , f26cc485 , 453a2ac0 , 471c66e2 , ca9e3860 , 82845d62 , 10cd6260 , 93399fc0 , 08d5847f , 7fcc4d7e , c9dc93c7 , d29415bb , 2f576a08 , b9e17694 , 721e075a , 51a344b7 , c12cd8eb","a5cc2459 , 3bfd21c1 , 70c69485 , 8a18202f , 3ec67eb1 , 90b7f7f0 , 461259d2 , 4ee94a80 , 6629feec , a0638428 , 0bf51db5 , daadde89 , aa7b0cf1 , e8dc57f2 , c30f2592 , dde186eb , efcf5eb9 , 5e1b4e86 , f856a8f6 , 9f1d6573 , 229d3f24 , b6afd32a , ba448f69 , c479d728 , 56ba0055 , 658bdbb4 , 37165590 , cc622482 , 00af1a62 , 72ca60a3 , 0e5a4930 , e8283222 , 7e889c63 , ba6726eb , cfa4e380 , 82a57c4d","c65aaaa0 , 96e16db0 , a2c204c5 , 8dbb9004 , 79e4d442 , 5b7f021f , 8118a20d , f9def510 , 66b75c98 , 36107a91 , a8a03d6f , ce023483","2d27b1db , 3dec3f15","efb0bdbd , 7e89cb86",
"T15~C2 (DUAL BAGS & FLAT TYPE HOOD)","TWO STN POLISHING UNIT","37,500.00","","4/1/2026","12","14","1eb759ca , 65c0dcd9 , c2aa396a , 83a3c670 , 4912e5ed , b80e0a79 , fa5d63d2 , e994a02e , e5807d2b , 4502cba5 , 52753a13 , 809c7ff9 , 22ed9308 , cd63a37b , fb018d1c , 50bf7ec9 , 8ca1cb16 , fcb4216e , d734536b , 75ca1120 , bbc6a99c , 174aaf7d , 2ec7d8d7 , 71934745 , 57c8b17e , 856cf3ef , cb243958 , 5f39a0cd , f48b4c11 , a135d348 , 703cb108 , 8cb8aaa7 , 91ab3ecd , f4d568b0 , 9875061e , 1259ec8c , b444c9b6 , cef6478e , 85af582f , 9c2c153e , 3f94414e , 5040117e , fab2214f , 3b2115fc , 1ff5b495 , ea01cbad , cba333d6 , 2b5abfc9 , b4b4dc91 , ba22c36a , 424e2cf6 , bbbefe0e , 6807927e , 98ef34e2 , f96d1695 , a5ab774c , 0620ce37 , 1951c3b7 , 6e991b42 , 8d1b48f9 , 8629a5cb , b669f47d , dbb40edf , 381af9f1 , a2450dad , 0f924446 , 91eb4fa9 , f4e2f7af , 50c586c8 , fa1a7eab , 04352a7a , d788510d , b428ed01 , d2f890fe , c9f74d60 , 05d3c321 , d75daf6b , 07370f90 , eac6d9ac , c6ec3a3f , 6c87eef1 , cce29093 , 18fd31fa , 15a0aa6e , 5bbc1cea , cc8bee23 , 60d9e642 , 17702a80 , a47dd172 , 0dd670ef , 686ac0c8 , eb85fe56 , f436a4d8 , 37ee4df6 , a8788b47 , 60cb2ec0 , d441dfc2 , 1a245d2b , 763c5a1e , 833b1d57 , cdddc1c7 , c1dad1a1 , 38ad2159 , 2a7bdefa , ad492822 , 8c8eb689 , 3dd6d930 , cfc6958d , bcced6d1 , 1c007814 , 41c830d0 , 0b4a0d90 , 5ece03cd , 152f751a , 7064288d , 590686a2 , 0bea34d5 , 4cc501a1 , 45157b68 , f512c704 , f5f3ac2b , b81cb07a , a3ed1f15 , da5dd854 , 8d68c893 , d72aef0c , 8e41a1d1 , 9d7f76b1 , 69724c2a , e725adba , 802b3ec8 , e614cdf9","40a2cfec , b20755fa , 70a5b16f , bf5a409e , cbea7ae4 , f351285e , 85401f8a , 276615c2 , bac83a15 , d9509af2 , c0aa31b1 , 1f2b4925 , fef137b9 , 1da15b79","6c57acaa , 98a8b183 , cc7b7999 , aec7c22d","72b1c8a0 , 0543df67","5ff68665","efb0bdbd","",
"T15~CH (SINGLE SUCTION & SLOPE TYPE HOOD)","TWO STN POLISHING UNIT","40,000.00","","4/1/2026","12","14","279cc247 , 917c210e , a4d428c0 , 1199aa59 , 2ff0ac1c , 62bd90bd , bdd0b835 , a444959c , 631a8f32 , 3928355b , c3c4111c , e6cbd9b3 , afc05f1d , d7e55f36 , 3b3adace , db14dfc4 , 4aaefbd1 , 3261f761 , 8aaa8ab1 , fb62910a , cccf1895 , 50890350 , d308539c , 0f6fdb68 , 9bc93106 , eae00027 , 3d3a4b69 , f914d430 , c97b577f , 38732905 , 75ab94a5 , c7c4d8b8 , 442ae162 , 0505a472 , cb6b1e46 , bfa1afc5","4fef1d7a , 35f7d271 , 91ff9315 , e85e5901","bdba1d09 , 8ceafd42","2d40fdfb","","","",
"T15~CH2 (DUAL SUCTION & SLOPE TYPE HOOD)","TWO STN POLISHING UNIT","40,000.00","","4/1/2026","15","20","d278c1bd , e452848a , b8433245 , 67d24a27 , 67d78eb1 , c93df093 , f885ff32 , a1bbe6da , 7442a5e3 , 726a4e87 , f8e42d58 , de40fb28 , 1fbc8e38 , a372aaac , a70aec82 , 26e79b1c , 0fd32fbb , c0409f3a , 670bc109 , 8500ffc9","cb243958 , 15871c8b , a622866a , 4d38ef0a , e2a40094 , b653cb48 , d3472718 , c97b577f , b17157a5 , 8f642d2d , 590686a2","","","cbea7ae4","","",
"F~24BK~SS (DUAL SUCTION POINT)","FILING UNIT & SS TRAY (24inch Table)","0.00","","4/1/2026","20","30","c5aed499 , b4040c1c , e9f24211 , 962c8474 , a9dc5070 , 0512d1f6","3928355b , 1259ec8c , 64c7a1d2","","79bddda8","","","",
"T~15 (COLLECTION IN TRAY)","TWO STN POLISHING UNIT","40,000.00","","4/1/2026","15","20","8c433594 , 6cf43d28 , 2b87f404 , efd57c9a , b80e6e84 , d49cf891 , 4f2ddf6f , e3ca08dd , 6689ae6a , 897c84f7 , 892837f4 , f5165712 , 4286788d , 9789a69c , 1a713a31 , b7a9ed27 , 9a3fa7e4 , 91d4c627 , a5537880 , c745f993 , 46714538 , 79c12883 , 8af1f5e9 , 5cb0130f , 646ec495","efd57c9a , e3ca08dd , 6689ae6a , 892837f4 , 342cb78d , 1a713a31 , b7a9ed27 , 9a3fa7e4 , d1d07459 , 46714538 , a2dbf64b , 646ec495 , 063fb5a7","1db0236e , b7a9ed27 , a2dbf64b , 81a82d69 , 2f49d8a3","063fb5a7","","","",
"T15~D (TP150C+TP150)","TWO STN POLISHING UNIT","41,500.00","","4/1/2026","15","16","238673c3 , 5711d30c , a5546cd3 , cdd695e3 , 811f7bb6","f854ae58","","","","deb37342","",
"F~24K (SINGLE SUCTION POINT)","FILING UNIT (24inch Table)","19,500.00","","4/1/2026","9","12","169a6637 , db5ff204 , 01a52c18 , ec224b74 , bf5a409e , 01616de1 , 72b1c8a0 , 85401f8a , 276615c2 , d131145d , 3a3c1726 , 3d6672f0 , 61af0359 , f3f593c3 , 52396452 , d2420c48 , 3df65f30 , d1e99e2e , 600ecf3c , 4bf07880 , a1a18c39 , 6641e8fe , ab5f8605 , 0cbed48b , 1b5e82d4 , 779dfd40 , b447c6a7 , 9bf9fb6a , f86cb9fb , b7fd0333 , 1e31fe5a , 81a82d69","c2aa396a , 5040117e , c537926d , dd965cd2 , 54cd6ca2 , c033c01c , 84b65b64 , 85ff62fb , fade0597","72b1c8a0 , 4a51f0ea , be95fbd1","f4e2f7af","","","",
"F~24BK (DUAL SUCTION POINT)","FILING UNIT (24inch Table)","21,500.00","","4/1/2026","9","12","bfe9e9ce , 087e5d66 , 1fc89474 , 73ddeee6 , 20b5309e , b48dd8a4 , 0beaecd9 , 98aeec12 , 98a4de0e , 58ef2f0e , 753a5434 , 82fc12bf , bed0e0cc , 8baa7286 , 41a6d83b , f3067633 , 0a354879 , eb12ad76 , 986d092a , 1cc5d4f7 , 6fa8ff57 , 5c7e91b1 , cded1ceb , e315512d , 4ce2926f , 37ec7c0b , bf13289f , f4e07945 , 0ca0fdde , 1d8750a6 , 72921d10 , 923f4e90 , 9691892a , d10fce78 , 2c97451c , b9867fb6 , a98faa84 , 3510ad4f , 51a50920 , 7b65cdc0 , dd0930bf , bac83a15 , e4b62589 , c537926d , f481695d , a1007ece , 6330f917 , 19954d64 , 167ce1f8 , bdba1d09 , 5dd8a53c , 9310b191 , a0d00f4e , 5771ee7e , 3fcbadde , 389fcf56 , 19c1895e , 982af58d , 2df46c99 , 67277f33 , 16303d1d , a4b7b959 , a7542ed4 , af334a3c , af282160 , 3408e9f7 , 684cbac7 , 678f7f74 , 2d5e5076 , 55015889 , f5f22ed5 , 4ab6bb42 , 918d0915 , 1da15b79 , 394022c3 , ec1a50c3 , e6e58eee , 8c170278 , 63f58f9f , b01f5421 , 8351b3a7 , e325c85d , 15e5d05e , c06f6238 , dd965cd2 , 54cd6ca2 , c033c01c , 84b65b64 , a87f8f9f , d58d4d09 , 66583d07 , a1a0a689 , 24908690 , -379085 , 6ce90acf , 1b7374f1 , 2c7edcb7 , 0d0e9440 , cc2ae91f , a7caac6d , e0d79ce9 , ad6ce30f , 5d5f2d20 , 2d90ea16 , fade0597 , c9951479 , f3af779a , d2d73bb9 , 908b2777 , 75fe2366 , 0fc8a8b1 , 06b4fca1 , 607a58fa , baa45c08 , 687117b5 , 770f601f , 3dd28f46 , e9c93117 , d792cb9b , 29221ddd , cd638ca6 , d1d07459 , 2eb08ab3 , cc39b17e , a1aecaf0 , f3cc731f , be238ae0 , 871cb763 , 59610767 , 6a3ce88f , 9dbd87c2 , a1649cbf , 0b458e7d , 680f18c7 , b0284fe4 , fbb7a21c , 9f6ffb12 , b85b20b6 , 05d126ae , efcec565 , 13e84a51 , b981ebbc , 6965526a , 0d85d0c7 , 25f17b55 , 945eba0f , c23742d6 , d2c76c1d , dd579981 , 68809c05 , 1bf1f066 , 03eab06d , 40b135c1 , 3cb2cccb , d2846998 , 1aee8da7 , 8caeb4a5 , 102e03f5 , 23208737 , e84946f8 , 6ce8c805 , 26e9ba5b , 04cda61a","65c0dcd9 , d278c1bd , fa5d63d2 , e5807d2b , ec224b74 , f885ff32 , e6cbd9b3 , 3b2115fc , 1f0901bb , 1b598d45 , 4d61623c , cba333d6 , b5382be8 , a5ab774c , 0620ce37 , de40fb28 , 8629a5cb , d4f34b6c , f4e2f7af , 50c586c8 , 4f97bfd5 , 2da69c71 , cde6e558 , c37cc5b5 , 07370f90 , b666cf4c , c6ec3a3f , 3d3a4b69 , 6bc02451 , eb85fe56 , e956fa86 , 37ee4df6 , a5ad5102 , a8788b47 , de6181c8 , c396167c , 833b1d57 , c1dad1a1 , 9b173bba , 3dd6d930 , 594e6b56 , c0409f3a , 101ea44d , 1c007814 , bf2ad080 , 54ab028b , 74b48530 , 2b87f404 , 87c41756 , 4cc501a1 , e6d7c50c , 45157b68 , f512c704 , ebbfad17 , f6b2f409 , 91d4c627 , ab7af54f , 69d53016 , de14a9e9 , 3b3cf0d1 , 27ff4dc7 , 8d68c893 , d72aef0c , 8e41a1d1 , 3b078bdd , 3ab87415 , 8ceafd42","809c7ff9 , 8ac1b6d9 , 91eb4fa9 , 9e7e840a , e3ca08dd , 316cb2a0 , 8e6f7207 , 5ae9cde7 , 6f74be9e","2bbd6d15 , 4d16c560 , 3b729177","c0aa31b1 , 063fb5a7","","",
"F~28K (SINGLE SUCTION POINT)","FILING UNIT (28inch Table)","22,500.00","","4/1/2026","15","20","","","","","c97b577f","","",
"F~28BK (DUAL SUCTION POINT)","FILING UNIT (28inch Table)","24,500.00","","4/1/2026","20","30","19e5fe83 , da5af906 , afe93bfd","46449aeb , bdba1d09 , 5fc91f32 , 1db0236e , 5dd8a53c , 9bc93106 , 0d88de2d","cccf1895 , a70f0af8 , 71cbee74 , cafc5e86","","","","",
"F~224K(SINGLE SUCTION POINT)","TWO STN FILING UNIT (24inch Table)","34,000.00","","4/1/2026","20","30","","","","","","","",
"F~224BK(DUAL SUCTION POINT)","TWO STN FILING UNIT (24inch Table)","39,000.00","","4/1/2026","20","30","a731e459 , c9ebeaea","","0d2ed16f , de3b18b6","2c8da556","","","",
"T15~C (FLAT TYPE HOOD)","TWO STN POLISHING UNIT","40,000.00","","4/1/2026","12","14","12a00033 , 8fd32dba , 94326a65","","","","","","",
"RGOOM","RING FOR GM60","1,100.00","","4/1/2026","7","10","3cb57731","f0d4a5af","","","","","",
"RM3i","ROUND MESH (3inch)","115.00","","4/1/2026","8","10","71b7aec8 , 97e85ba7 , 04eb16da , dbc6d889 , e7e9855a , 1a8832e5 , 7ea81765 , 6c314b81 , 2da2995b , 0e2e3803 , 68fbbd40 , dccd64c5 , 03668b09 , 6575bf2b , 398c3cef , 50b02b5f , 50bb1c7c , 73c32254 , abac9800 , 23c71b25 , f28ea77a , 3886f7a9 , 102b3fbb , 99c73878 , 511d5123 , 0e2cdf45 , 4ee1ed95 , b250a6f1 , a4a6fdcc , 5a4dad49 , c4cc4de0 , 66f0ae71 , 1b9e9f56 , 292ed76f , ea7dd2d4 , b4ac9e5d , c19a8bcc , d1d7a2f0 , 351d8e73 , ce6ea25f , 0237ffd3 , 2173239f , 2492a7b6 , 16708d64 , 3906cb23 , dc62d350 , dae4a4c7 , b998c846 , e6b08f7e , 73658797 , cf8217a8 , 65a4dedf , e3127e7f , 6e1dec67 , 4e3e6db2 , 7d0ccc90 , 227d5940 , b926def5 , c4b15beb , 02ffcbd1 , e695bb80 , 26b6b417 , 6ae357ce , 0abca94b , 7f801d3e","37a228e2 , 40dd69f1 , fb754e88 , 5dc69d7f , c99b4002 , 696ed1d4 , 4348a911 , e35a8475 , 43795f48 , 1260e3ac , 02d40bb7 , 786ca460 , 2589323d , 898a2477 , c1d1b401 , 7f2bdd47 , 9a189611 , 2d927f63 , 1b2ae9c1 , 967f115b , 9ed4315e , 40c969ab , fef2f309 , 1492bd77 , 914656a9 , 1be947bd , a901cbb6 , 0c185931 , d03d0338 , 7bd9594e , 4913188b , 25b322fb , 64192766","9654ad2d , 0d62e237 , 4979adac , 7e81696c , e9f92372 , 3dcd92c3 , 0df7b50a , 0df69c30 , bff31063 , 72460834 , 9d0e7f63 , e423c38b , 8b3a0cf3 , 77cdebb1 , 036d28be , c4d188aa , 3f4b99fb","cc05e8ca , c4246381 , ba951365 , fed5568c , db82bbfe , f63bbd3b","b6286123 , a6bf54b8 , 3af7c479 , a2e36737","28d5ac42 , 62e4b0ac , 9bfc6aa0 , db932b7f","539b3df9",
"1 PH","SINGLE PHASE CHARGES FOR TP SERIES","3,600.00","ABRAR","4/1/2026","2","3","","7cf737db , 2f89e618 , c3bb04e6 , 0b7819db , 3d591668 , c0c595bb , 50954867 , c1d23fe3 , e452848a , 8afe0c0d , 00d96e2a , c9ebeaea , b60f85b7 , 1093b519 , e2a2b0cd , b4040c1c , e8554bd8 , f1f77d49 , a4244ca6 , 5c8dce6d , d70a61ec , 37a3b210 , bfbf99e0 , da4f0d07 , 6922287e , 7b032cf3 , 97277197 , f699c3ca , d525b76b , af0ac0cc , 0fed612c , 1b5e82d4 , 2347c10f , 93776149 , 2e1f577a , 2521152c , 64c181a7 , c9b0e4f5 , a82811c1 , 189c0528 , 53743922 , 1787b677 , 2e850c11 , b880bdd6 , 628041c9 , 00b2b4e3 , 25f6a516 , b699fbf7 , a8547db1 , 95408454 , e7be6c4d , 9f6ffb12 , baa49082 , ffecf4af , 913893ec","e2216be8 , 80ef73ad , 2c377eba , cb8104e1 , 6e5cb589 , 32676af1 , 132ecb8e , 55f6216b , c75abdbc","0b7819db , 3d591668 , d70a61ec , da4f0d07 , 6922287e , 489d7e15 , cb8104e1 , 47476da9 , e7be6c4d , 9f6ffb12","0457338c , baa49082","9f6ffb12","5be97c4f , d70a61ec",
"BF4ir","BUCKET FOR FILING WITH RING","950.00","","4/1/2026","","","278b3931 , f76c5967 , 4463b07e , b4ed451d , c620d446 , 13a0c828 , 0b8be9f8 , a88248fb , 55bd13e3","3fb3c69d , 23060bf8 , 2ff52ae5","a47f481e","","","","",
"18FE3HP","18 FOLD FILTER BAG FOR 3.0HP CENTRALIZED DC","7,900.00","","4/1/2026","","","","a7de9635 , da476248 , da2f7028 , 7985eb7e , 248fd094","","","","","",
"21FE5HP","21 FOLD FILTER BAG FOR 5.0HP CENTRALIZED DC","9,400.00","","4/1/2026","","","a7de9635 , da476248 , da2f7028 , 7985eb7e , 248fd094 , 474f5ef2 , 82393dbf , a89073f0","","","","","","",
"FT24B60","FILING TABLE WITH VAUUM (DUAL SUCTION)","38,500.00","","4/1/2026","","","038f1650","5f21c4cc","","","","","",
"TRB7.5HP","TIE ROD FOR 7.5hp DISPOSABLE BAG","40.00","","4/1/2026","","","","87739c15 , 528e35a4 , 24a9b362","","","","","",
"RBC75","Round Bag for 7.5hp CENTRALIZED DC","760.00","","4/1/2026","","","87739c15 , 528e35a4 , 24a9b362 , 2e69945d , 25220fd8 , abb702f5 , f4989cf5 , b5fbe7b4 , 6c6472df , 099fc5bf , 2929db0e , 883db09a , 99650f8b , e3a60e43","","","","","","",
"TP150~CR(REC CAT & ELLIP MESH)","TWO STN POLISHING MACHINE WITH 1.5HP DC","78,000.00","PANKAJ","4/1/2026","","","1f0289b1 , a597c867 , f1575775 , 6b7c7831 , 945b033a , 31f75166 , 1bd44c10 , 7a84db34 , bc8b65a3 , 1c687d9d , 40300195 , 8fb0e13b , d59ebe74 , e1fbd8b7 , 35ad3f7c , aa87a6fb , a8624278 , 858fd6c6 , 9dbf7a28 , 4eccc68c , 88ee89df , 80ef73ad , 2810d8fc","1a2b2d5e , 169b1465 , 18a77ae5 , b6983f9e","ba448f69","d9f82543","","","",
"BLANK","BLANK","0.00","","4/1/2026","","","7fcc4d7e , d29415bb , 5785b76c , 09c0d510 , 6f08b6ec , ef9961a7 , 4356c779 , 8268301e , 95b85ff1 , 53bc530c , 1c0676b1 , 0a3778a6 , 9d30a593","686ac0c8 , 8cc9a05e , ce323187 , dafdccee , d996b7bd , a8b505c5 , 78905734 , 24f24444 , 5785b76c , 2f576a08 , e8647a03 , 7dea6f2a , 0762d038 , 48a196af , ef24efb1 , 25031460 , 697a01a7 , a514ed08 , 6f08b6ec , 80ef73ad , cd87ea8c","1f0289b1 , aced8797 , 5785b76c , e8647a03 , 986b6789 , ad82159f","1f0289b1 , e3088a07","1f0289b1 , e3088a07 , 89e70b17","e3088a07 , 2c8da556 , 6e4d353c , 89e70b17","",
"OM~8in X 4in","OUTLET MESH ASSEMBLY  (8X4)","500.00","","4/1/2026","","","","f13ad616","","","","","",
"T15~CF ( SINGLE SUCTION & FLAT TYPE HOOD)","TWO STN POLISHING UNIT","38,000.00","SHAHID","10/7/2025","","","677db601 , 85b304d8 , 62dd3e81 , 02f82755 , 54216391 , b19f8360 , 69045690 , de6181c8 , 981962d3 , 0d88de2d , 9a7c4068 , 8e013ed8 , 594e6b56 , 9f7ddc7e , 421b6739 , 64c7a1d2 , edae2af7 , 14dbaea2 , bbdf1c3c , 6667dd45 , d9ef18db , 1d5e7639 , 310f7402 , 5849679d , 77fc356b , 9545057b , 9070d54c , 2a9ee2de , 189c0528 , d282fa9e , 5bd6850d , 8fe49911 , 74b48530 , a4d68291 , 4cd5f42f , 56492a1a , 5d9f877d , e5293115 , 344d7ac9 , 8d103d85 , 58ab0cd2 , 573c429b , 4d16c560 , ab7af54f , 6baf18cb , 3b3cf0d1 , 622e9cc2 , e15386a9 , aadeb979 , 58b74302 , ec5bbb16 , 1f3c4720 , 4a4514f1 , c606f2a6 , 3b078bdd , 66a0e895 , e5fcfbf4 , fcb1f0cb , 913893ec , af7bd053 , 64654071 , 884b8963 , 8ceafd42","a444959c , 0ee98860 , 2281b777 , ba448f69 , a2aa38fa , 19af6076 , 7101e13e , cc8bee23 , 17702a80 , c4eccb97 , 93ba2fd1 , 2c8da556 , 0d2ed16f , fce15e64 , de3b18b6 , 5a6f039f , cb6b1e46 , ad6ce30f , be5c5c92 , 923f31e0 , 607a58fa , 530ba283 , 03eab06d , 26e9ba5b","d441dfc2 , 763c5a1e","16b58d14","bd7428b5","5ff68665","",
"FF~TP150","FILTER FRAME FOR TWO STN POLISHING","2,350.00","","4/1/2026","","","fa79f89b , 5142895a","","","e84bfe9c","","","",
"EPCDC8P","EXPORT CRATE PACKING FOR POLISHING DC 10NOS","9,200.00","","4/1/2026","","","","","5cb44a41","","","","",
"EPCDC8F","EXPORT CRATE PACKING FOR FILING DC 15NOS","13,800.00","","4/1/2026","","","","","","5cb44a41 , 1ae1491e","","","",
"HMS~230x153 (SS)","HOOD MESH STAINLESS STEEL ( 230x153)","2,250.00","NASEEM","4/1/2026","","","68f35c8f , 396881c2","aca22ac1","","","","","",
"IC20x50G","INSTALLATION CHARGES (20X50 GASKET)","800.00","","4/1/2026","","","","6e9a5240 , ae00bf2a","","","","","",
"SI~750","SUCTION IMPALLER 7.5HP","23,700.00","","4/1/2026","","","af47e4f1 , 984d75bf","","","","","","",
"ACMB30","ACRYLIC CLOSURE FOR MICRO SETTING TABLE (30inch)","280.00","","4/1/2026","","","","","96ff278c","","","","",
"AMB30","ACRYLIC FOR MICRO SETTING TABLE(30inch)","620.00","","4/1/2026","","","d2a2f494","96ff278c","","","","","",
"BF4i","BUCKET FOR FILING (4iNch)","850.00","","4/1/2026","","","990c78e6 , a096b621 , 281334b6","","","","","","",
"WG~50","WET GRIDNING UNIT","32,500.00","","4/1/2026","","","0d06d1fa","","","","","","",
"FB~30VSS ( 30INCH TABLE )","HAND FILING TABLE WITHOUT VACCUM ( WITH SS TRAY )","25,000.00","","4/1/2026","","","a8d647c6 , 64d67c93 , 40d051a3 , a918c086 , ff1c0a75 , c0234c93 , bb15092e , a142f9b4","cef6f409 , 0c3ce09c , 277bc82d , bb7095e4 , 2d27b1db , ba1981b0 , f346f21c , e9d92540 , 368836f5 , 539b3df9 , 743e0c2a , f1485605 , ce193821 , e22dc2aa","8f720244 , 05f258c7 , ffee5516 , 41b342c8 , 8f80d967 , 179972c4 , ffe247b6 , 17c0c9c7 , a9131be2 , 1940f211 , e7c393c6 , f743ca7d , 6d730bd4 , 0d88de2d , a27e317a","8300201b , cd3e82b7","8b2ef37a , 87dda0d0","","",
"MT~26 ( WITH VACCUM )","MICRO ~ SETTING TABLE WITH 0.5 HP DC (26inch Table )","34,000.00","","4/1/2026","","","c7bef74e , ce6804ef , 36da1177","d2e38d18 , 44348b7b , 74f80b43 , e99eb724 , f96a3dc8 , 93f7f39a , 06c9a62f , 87b2501e","02fed991 , 6aa01e47 , 4b729383 , b12ee820 , 9016e44f , cabe58f8","e9d72ada , 787d01e7 , e4d933ab","","033da63f","789dc17c",
"DSFT","DUAL SUCTION FOR FILING TABLE (IF REQUIRED)","5,000.00","","4/1/2026","","","53b02481","f4d666b9","","","","","",
"FTP~24","FILING TABLE WITH SPINDLE ROD (24inch Table )","55,000.00","","4/1/2026","","","8d125805 , 93fe382d","","74234275","","","","",
"FT30~BK ( DUAL SUCTION POINT )","FILING TABLE WITH 0.75 HP DC ( 30inch Table )","50,500.00","ABRAR","4/1/2026","15","20","cd021983 , fa38b973 , 4a165670 , 440b5cd8 , d5d0bdcd , 82f12d6e , f39b232c , 1f787d9b , a78742e9 , 530a309c , 141c1583 , b7575796 , 67d50332 , 8b017295 , e7d03f9b , b1194b4f , 044b6d45 , 404ea8ef , 487da683 , 963c913d , 352f89da , ea907713 , bc2fa36e , 45b4a86b , 16d502a5 , 0d9ad076 , 531ea198 , 10e1f44f , 50c12f8f , deed5fa7 , d15feaad , 27eb9033 , 4a61cb98 , 473eb53f , 012df0a4 , cd44a987 , 50a17533 , 09bb1067 , 0f45b48a , fe9b9a11 , 0ebe758f , 6a98ee3e , c8878c85 , 3897bf0e , 291d1af7 , e9ca5dbf , fde2917c , 4ca0de03 , 352b3d81 , 7cc9c7a8 , fcb17804 , f1dab09f , 6c7208e2 , 42c2ae3e , e2c682c7 , 9ac75c0f , 70ada3ae , e7be6c4d , d00ad9c0 , 9cbb23d0 , 6fec6eca , f85adedb , fbe38a67 , 1ef9c7b3 , 0f6e3d50 , 2f281530","c5453304 , fee8b751 , 74023313 , 2e1e889d , e6d979a2 , c8d74f19 , 30dcc044 , 8564774a , ec91c722 , 27321a09 , 6d845bfe , efadc77a , 384487fc , 07307bf4 , 67cb3de2 , 6cccec12 , 62fe1831 , f34392dc , e641dd31 , cc0e8912 , ad8179e1 , 1aad55c4 , 99ced446 , 31bab17b , 913f73fa , b1824534 , 4fd5b88a , a7bf9c6c , 24897655 , 288651ff , 7cbd1a74 , d1ba0b0a , 5539c929 , 3cf72763 , f3f912c7 , 58b3476a , fffc9090 , 4fc67ea4 , b0a5f58f , 9c8735ad , 64813478 , 6fe36628 , 7bb604e6 , 2b4bb252","a5c22e49 , f346f21c , e9d92540 , 368836f5 , 76010ed1 , 9375629e , 17702a80 , 5fdd6dd3 , 93140976 , 1fcfc374 , dc1f9d92 , 0bc09c0e , bc2d82c6 , 4e2e23fb , 5e72c411 , de1f6924 , 71d090df , 8c2ef573 , de14a9e9","b01e423c , 4632807a , a89c7f9a , c699c7d2 , 9c66c053 , 1aadf4ec , 1c3571a7 , ea64eef5 , 04a553e4 , 12a4d80a , ba5e2823 , 2fdd81c7 , e8cdd02f , 5cf5207d , 789dc17c , 07be0cdb , ca77a9d7 , 2fd1220c , b3d4f668 , 1eca8053 , d13bd6e8 , b4ce3001 , a40a862a , 6caf6368 , d2a9765b","2badc2d8 , 1b1343f3 , a063deec , cd901383 , cc2e53d8 , 55d18ef8 , f2f805ee , 60023443 , 06a37bc3 , dc930996 , 5aca4dd3 , cd4601be","05445af8 , 123bf2cf , 7f79248b , a813912d , 24dae984","3ae8ae9d , 16b58d14",
"SOA150","SPONGE OUTTLET ASSEBLY ( TP SERIES )","800.00","","4/1/2026","","","d5f9bddd","6088bd69 , 9a1dfc87 , 562a870a , 941047b5 , 41280a05 , 813d5908 , aaf70853 , 65d36843","","75460d22","","","",
"T15~CH3(DUAL SUCTION & PLASTIC BAG)","TWO STN POLISHING UNIT","40,000.00","","4/1/2026","","","befe1f3c , 531cc128 , 70b07fad , 210ab9d3 , e2c260ee , a01dd8ee , 4d61623c , d2c6ea3f , b221afcc , b5382be8 , a14b24c6 , 0f5996d7 , e9f6a377 , 0543df67 , 4fef1d7a , 5ea3f4b4 , 304a0ebd , d4f34b6c , 220e01f4 , b20e9343 , aaaea39b , 4f97bfd5 , 2da69c71 , cde6e558 , d1148117 , 88e75df3 , 5fc91f32 , 1db0236e , 4744e1c3 , 18370e4f , 5c33b5a9 , 64adf11f , 19af6076 , cd72dbe2 , 2ccb381a , d57a3812 , 659c8ee1 , e956fa86 , a32718d8 , 5b134d6c , 91ff9315 , fd0cdc13 , 4123540b , e9384c52 , 101ea44d , 7fcbef97 , 9f31d0f0 , 87ae4d0f , cb1fc480 , f83f681d , bf2ad080 , 54ab028b , b17157a5 , 8f642d2d , 7e945e01 , 56067da0 , 921c70ef , 87c41756 , 18cac698 , 69d53016 , 1a79654e , 46b3f43e , 62be403a , e37ab320 , 5b0adda0 , 27ff4dc7 , e42d8bc0 , ec92d63c , 7a9c182e , f6d0d84a , 54d796d5 , 9e80b319 , 22e215ec , a557421b , 5e6379f5 , 3ab87415","b444c9b6 , cef6478e , 85af582f , d2db7f78 , 1d8750a6 , 72921d10 , 6e991b42 , 487efb0a , f8bebb36 , 91eb4fa9 , eae00027 , 15a0aa6e , 982af58d , 2df46c99 , 67277f33 , 64f11588 , 0dd670ef , ab5f8605 , f5f22ed5 , a9ebd86b , e325c85d , dd336296 , 415aa775 , 5d5f2d20 , 9e7e840a , 2eb08ab3 , cc39b17e , 05d994b9","e8283222 , 2bbd6d15","","efb0bdbd , 2d40fdfb","95775b48","",
"S~75HK ( DUAL SUCTION POINT )","SINGLE POLISHING UNIT","15,000.00","","4/1/2026","","","102c2f70 , 2c8348c6 , 9d1e4343 , e38c7de5 , 15871c8b , 3f1fe1a9 , d4aada7a , a324fe68 , 7d992402 , d07aa15d , b8a1513e , 3eb6ed95 , 7c315d55 , 13ae8352 , 4ad3ec9a , def47d01 , ca54e9fc , ea168725 , 1e233f64 , 6c6b40b4 , c3bfa050 , 6634f0b6 , bbf591c0 , d0fdff6e , 38b914ea , be4da131 , 20368ddb","3fcbadde , a372aaac , d4206472 , 684cbac7 , afe571cd , c745f993","c37cc5b5 , c97b577f","8bb8bb5c , c6495b22","91eb4fa9","c6ec3a3f","",
"SATP150","SPONGE ASSEMBLY","800.00","","4/1/2026","","","ff62a3c6 , ca50db3d , 55a6123c , 0cc0d8ae , 3ea0bdb1 , 39420829 , 1beb8083 , 5b3649ca","85836a61 , e84bfe9c , e5e85419 , e154f153 , f8573f0e , ecbd2f2e","6055c002","fd8a0d5a , 6f833be3 , d87b3ec7","c4246381","","",
"HP3i","HOUSE CLIP 3INCH","80.00","","4/1/2026","","","ff21078f","a81f0ed2 , 17ce9601 , cdcdd02a","","dc374d06 , d387b71d , bb01497b","e7d7866f , 708f2bc5","","",
"DBB ( 6x40 )","DOOR BLACK BOLT ( 6x40MM )","24.00","","4/1/2026","","","6a36ced1 , 9196a96e , 92d0534d , 34dc64a7 , b808ea45","7cb71633 , af4d123b , 91231d83 , 72c2bdb0 , 896691c3 , 219cf39e , 539a1279 , 88cb192c , 1f8b6d30 , c7b5372d , db35f13f , ada1842c , 3b230ed3 , bbd49afc","1492bd77","","dc374d06 , d387b71d , bb01497b , 65d36843","ab3e609b","e7d7866f , 708f2bc5",
"FT~24MS","HAND FILING TABLE WITH 0.5HP DC","31,000.00","","4/1/2026","","","7ee99b70 , 71423642 , 536add14 , 92faff2d","","","","","","",
"FH~30i","30INCH FILING HOOD","17,500.00","","4/1/2026","","","","","4eac91d2","","","","",
"FH~24i","24INCH FILING HOOD","12,500.00","","4/1/2026","","","4eac91d2","","","","","","",
"FH~28i","28INCH FILING HOOD","15,500.00","","4/1/2026","","","","4eac91d2 , 12b4d878","","","","","",
"OATP150","OUTLEST ASSEBLY FOR POLISHING ( TP SERIES )","2,500.00","","4/1/2026","","","6088bd69","fd8a0d5a , 6f833be3 , d87b3ec7","","","","","",
"SCFT","SERVICE CHARGES FOR FILING TABLE(1NOS ONLY)","1,100.00","","4/1/2026","","","0ce6634f , 313917ac , 5ad8aac0 , 5d272454 , 4e14481d , eb113398 , cc53a07d , 3ab7b1f1 , 4d978461 , d37f52a0 , c5e07f0a , 1ea1c758 , f2bf4035 , 5f85bfb9 , da73de56 , d1fea35a , 6e14769c , c2f104d8 , 6f3369d2 , 5ae5ad6c , ded477c2 , f6b65586 , 70e471eb , 22a2c0b5 , bf2e4249 , cda4619a , dd2e7b21 , 7ce28579 , b352903b , dc4e54a8 , 4ce7ccde , dc2aad40 , 03c3c32e , e2fa20d1 , 83732a6c","5aafd6d4 , 6785125c , c4d107f8 , 945024aa , ff13c0c4 , 9641ad6e , c7790aa4 , 2681e1da","","8b9ca2a6","","","",
"SC4FT","SERVICE CHARGES FOR FILING TABLE (4NOS)","2,500.00","","4/1/2026","","","a2f562e4 , f6d5d14d , 5b8ed3f3 , f34ecb99 , 666bf2ae , ec075c97","313917ac , 5ad8aac0 , 5d272454 , fbcaaebb , 5dca29ca","","","","","",
"M~24","MICRO SETTING UNIT (24 inch table  )","11,000.00","","4/1/2026","","","","58ef2f0e , 82fc12bf , 897c84f7","a1aeca89 , f6b2f409","","","","",
"SP~75HK3(DUAL BAGS & PLASTIC BAG)","SINGLE STN POLISHING MACHINE WITH 0.75HP DC","46,500.00","","4/1/2026","","","a7d3fbb8 , e2515389 , 0eb7392c , 5cc4f6f0 , d9db6f18 , 9b00acfd , 63410240 , 4a51f0ea , 92010bfa , 1f2b4925 , d381fe86 , da4f0d07 , 994780f0 , 9b98b60a , e46e6c44 , ac1a6623 , 02d40bb7 , 6de56905 , af0ac0cc , c2034c4c , 2d484174 , a6f50aab , 0d91fd02 , 258b829a , add03f61 , 74ff3057 , 00b2b4e3 , 427ef326 , fe4a7d02 , 6280cc40 , 797f5cea , 441b69a8 , 535ded72 , c40e7ad8 , 46b5581f , 9a3a8e88 , 23d06a0c , 81d233e5 , be27eac4 , a681ca2f , 3a4eb88c , 87dc7bac , abcc103e , fbd885a7 , 11b3be25 , efaae38b , 058ae0f3 , 9d1e6c85 , fd6361f4 , adba5ac9 , 91d28c39 , 5265939d , 94d74b1d , f4cd93fa , b2e94323 , 22d134da , 2acddff0 , fbf86ab1 , 9bc19f38 , 3d098118 , 6982427a , 9fd0e654","ed96e557 , 0f6fdb68 , 71cbee74 , b7060db7 , e17b8455 , 3fe8a1a7 , db45c37b , 1a4e2c10 , 132ecb8e , c0088912 , 3e68d0d0 , 960f108e , d8233bc1 , d7cfcd52 , c12c4c5b , c1c9c3d6 , 8ae24b6a , 6c60522c , 8ef7f89e , 53c59fcd , 9bdcd67e , 1f649f3b , 1e5fb326 , 189772df , 8d051174 , bff04b5e , 6b740523 , aadc45d1 , 846d5439 , 7d234f2f , da29a905 , 08748b8c , 6750bf68 , 2b7169c7 , 1741e82a , b0f868dd , ffdc2301 , b738cfc6 , 5c373cbd , 7fd1d280 , e638c489 , 2a9170f7 , 11dfee0f , d9649e94 , a6de2144 , 075748cc , 701d34cf , 1a9191eb , 273d35e6","d90862d0 , 8522ef67 , 4bf07880 , 158fb32f , f7576a65 , 28b67b66 , f6fa8c34 , 6cb81571 , a842f0a6 , b2df5dff , bf935cdf , d82e2bf4","50c586c8 , 8937f959 , c69464d0 , 1df6b096 , 03809df4 , f555672e , eedb6bfe , fd6ef681 , fd2bd644 , cbf7d827 , 1e7967df , 5170780a , b000eb7c , 7b967e65 , 9100fd45 , f4fd6e2e , 9c1dfaa2 , f85adedb , 9b4f3f83 , 0f6e3d50 , 6ed65292 , 9e151f06 , 8ceafd42","b9e17694 , 8c9d5b33 , 1cd2745a , e5cb17d1 , 79db7c3d , 94a878b8 , 3fc20662","0d207fde , 45ec8534 , 6caf6368 , d2a9765b","acd2b7d4",
"SP~75HK20iSS (DUAL SUCTION)","SINGLE STN POLISHING WITH 0.75HP DC (WITH SS TABLE & HOOD)","60,500.00","","4/1/2026","","","bff8843a , 270f0279 , cc8a4b13 , 7e3d2e05 , 75bb7be0 , e124e04d , 2192eddc , 368bd09e , 9ca85664 , e2bdedb1 , 35df9dc0 , ef9b67a6 , 9dc29e96 , 4d7d2760 , 2963b4e2 , 2fc6a0dc , 2a4e70b5","8041ecd4 , 3df6ce01 , 3ff54979 , ec657eba , 0927eaee , 54efe0f3 , a8daf139 , 6dde490b","98b425c7","69b3a6ab","","","",
"ICM150","INSTALLATION CHARGES FOR 1.5HP","1,650.00","","4/1/2026","","","05dccb97","5b53eb15 , 37be6c24 , 3fdbef5a , 86f2a112","","","","","",
"LTA","LAPPING TABAL","1,400.00","","4/1/2026","","","f64155f3 , 240a53f5","","","","","","",
"PH~15i","POLISHING HOOD 15inch(FLAT TYPE)","8,500.00","","4/1/2026","","","005020fe","","9f0442b0","68e80d75","","","",
"HGP15i","HAND GLOVES FOR POLISHING(15inch)","165.00","","4/1/2026","","","20c22885 , a6e128a5 , 54774969 , 40472877 , dc36b083","a0847d36","11c71db4","","afa08a0d","","",
"FT~24K(0.75HP SINGLE SUCTION)","FILING TABLE WITH 0.75HP DC (24inch Table)","43,500.00","","4/1/2026","","","3c7b7fa7 , e8dc57f2 , 90bfece0 , 3d3da464 , 801a7f57 , a2900ea1 , 8b044a0a","","","","","","",
"FB~28FMS (WITH MS TRAY)","HAND ASSEMBLY TABLE WITHOUT VACUUM(28inch Table)","18,000.00","","4/1/2026","","","c5d22bc0","","","","","","",
"SIZE 10"" X 24""","OUTLET CORE MESH FOR 5.0HP CENTRALIZED DC","400.00","","4/1/2026","","","62fae029","","","","","","",
"F~30k  (  DUAL SUCTION POINT )","DONT USED","22,500.00","RAHUL","4/1/2026","","","a622866a , 4d38ef0a , e2a40094 , b653cb48 , b17be7d7 , 7f87e50c , 0eb2087d , 71cbee74 , 5e2103f5 , 35f7d271 , 2d0f37b1 , 2c1a75da , 2fef3c90 , c4eccb97 , 93ba2fd1 , 9b173bba , dd336296 , 40d1bba1 , 707f249e , e6d7c50c , 5855ed8c","12176c6f , 19954d64 , 158fb32f , 8bd455f6 , 659c8ee1 , f436a4d8 , 4123540b , d2d73bb9","9bc93106 , 684cbac7 , 101ea44d","cc7b7999 , aec7c22d , c97b577f , d8b3b3d6","","","",
"VFD","VARIABLE FREQUENCY DRIVE","11,000.00","","4/1/2026","","","32290b23 , fcb3ae0a","d97a9170 , a345872d , 1fd14492 , bffa7c24","b1454054 , e10beacc , 2c7edcb7 , 60a9f65c","5eabbcab","81f32d05","","",
"FT~30K","FILING TABLE WITH 0.5HP DC(30inch Table)","46,000.00","","4/1/2026","","","cb056762 , b6afd32a , dce867e5 , e505cfd8 , fafe649e , 650528c5 , 749818f3 , b79b396d , f0cee6d6 , d58e0bad , ec01e842 , 07307bf4 , 1aad55c4 , d852b270 , 8a43b6d2","19e3e3c2 , 458f3f2e , e35397fc , d2bcd6bf , a5c8b56f , 2686cdda , 885ee63f , 8e7f1617 , 50c12f8f , 37c84cd9 , fd0cdc13 , 93140976","e6d979a2 , 0d88dad8 , bc8b65a3 , ecd5ca99 , 2fd1220c , d7dea600","d7ac3af4 , 8b424eba","","c3c2afe4 , d5d9b320","",
"ALP","ACRYLIC FOR LAPPING","580.00","","4/1/2026","","","642da347 , ef5b0042","","0ffa7546","","","","",
"FCNW","DISPOSABLE BAG FOR FILING (NW)","300.00","","4/1/2026","","","d8d23f8b , e8f36c05 , 836f1db0 , a28358e9 , 35db20ff , 89dd3233 , 880ec3ca , 969791d1 , a1338360 , 55f06428 , 14474f3c , a609d54b , 7af854de , b22087ed","55e3c501 , 6654b29a , ca83f389 , 26f23051 , 57c94f86 , f5b8fde2 , b2b7dd35 , caac3bbd , 1d28b047","13be5e60 , e70353ba , c96482ea , 106bfd37 , 83a82c8d , 10657047","","","","",
"SAC50","SPONGE ASSEMBLY FOR CENTRALIZED DC(5HP)","1,650.00","","4/1/2026","","","24651a0b","","","","","","",
"SM5SP","SERVICE AND MAINTENANCE SINGLE POLISHING (5 MACHINE)","4,200.00","","4/1/2026","","","","","fbcaaebb","","532f0970","","",
"GW~50F(WET)","WET GRINDING UNIT(17inch)","22,500.00","","4/1/2026","","","7aecb8c1 , 69cb702f","2fef3c90 , 394022c3 , cafc5e86 , 2c7edcb7 , 8af1f5e9","5a6f039f , fe9b9a11","a622866a , 4d38ef0a , e2a40094 , b653cb48 , 0d2ed16f , de3b18b6","","","91eb4fa9",
"MTH","MESH FOR TWO STN POLISHING HOOD","650.00","","4/1/2026","","","4ea49347 , 77cea7bc , 38f7a5fc","3848a86d , 4d92e496 , a158f9e6","5af31f8a","c9538e90","","","",
"FIC75DC28F","FILTER BAG INSTALLATION CHARGES FOR 7.5HP DC","1,800.00","","4/1/2026","","","6ebc57c1","eb61a08e","0716fd92 , eae96be7","","","","",
"SSMRSGW","SS MESH RING FOR WET GRINDING","1,800.00","","4/1/2026","","","23855a71","a95e4655","","","","","",
"SINGLE PHESE PREVENTOR FOR REP AIRING","1","0.00","","4/1/2026","","","a9af908b , dd930908 , c0bc3096 , bbb58cff","","","","","","",
"SINGLE  PHESE PREVENTOR REP AIRING","1","0.00","","4/1/2026","","","","","","","","","",
"SD~60E (WITH DISPOSABLE BAG)","0.5HP DUST COLLECTOR (DUAL SUCTION )","23,000.00","","4/1/2026","","","b3f5df24 , 3f4c2336 , c7aa094f , fa42b6a8 , 65294ef8 , d31aaebf , 8ba9129d , 9f3fedf4 , a995ea75 , c8f4e293 , 47ece5a3 , d60255fe , 29484ff6 , adcda2d7 , 62194987 , 9ccb717f , f7ff5a62 , a8e84680 , 0046667e , 628041c9 , 49466eee , 1b44cb52 , 39f360b1 , 4ff86e10 , 5e3f396a , 4f5467dc","2f2a89de , 465690a0 , 6794dc2e , 10576a99 , 28aa3a10 , efb44dd2 , c26db14a , 6f48535c , 3a4c087f , 98880d0b , e98e5aef , d2695c70 , 28ad5682 , a8fe3ca9 , 2b2a520c , adab0b9a , bf1ed1b7 , a0394477 , a587e700 , 9dd38357 , a68fdc6b , 31640007 , dc97ec90 , 989f6db7","d0cd3796 , 3510ad4f , e6f6cb04 , 4f16ff2d , 5d9f877d , 57fe10a3 , 65e32d1c , 2f281530","1886b0bf , 2b810f6c , 75e153b1","f346f21c , e9d92540 , 368836f5 , 62fe1831 , 01b0b165","c37cc5b5 , ebaf9de8 , 74c21d0f , d42a069e","86ff5170 , 8b92ed09 , 9adc7144 , f8240127",
"HPT3i(WHITE RING)","HOSE PIPE TRANSPARENT (3INCH)","650.00","","4/1/2026","","","c00f4428 , a217f042 , 204c5817 , 4b3ab9a8 , 5dc69d7f , c99b4002 , 9d6e9429 , 9038641a , a100ac3c , 8194b743 , d91069ba , f975d2d0 , 6a3062ed , 8f89ec48 , 15173705 , 53461873 , 151d0ed9 , 1560ba34 , 8691fa6a , 5ffc2392 , 43ce3eb5 , 0c80acba , e18f768c , 1f420eb2 , 1eaa236f , dc64d168 , b48d2752 , 00b6ddcb , d23a9c4a , 323d7cf2 , a81f0ed2 , bf7e3325 , c9022c61 , 2afc7cd6 , adad22d5 , ac028bde , 91b1dcb4 , 80349c69 , cd0e7764 , 5d1b22d9 , 80febe99 , 61ee8c6e , 5aafd6d4 , bb33380e , 3f5ca57c , 299a12e3 , 60d4076c , 88d0da99 , 44bde4b8 , d868008c , 253756ef , 5398cbaf , 9544f510 , 0ffa4b37 , cdcdd02a , a8e498ee , 077ab14a , a0f50708 , a125d0a2 , 5eb84dbf , 0112fd87 , f8097426 , a98ec44b , fe20be19 , 715c9edc , 721f94ca , 2149779d , d413f3b7 , b092287b , 711d43f6 , 9ec77cc2 , 69bdea46 , 5ec2330c , f497d413 , d74774b8 , 499c1909 , 2de57dd9 , edcc3db6 , 43a178ab , f66682b7 , 682f459e , 2d10d83d , 97057c9e , 4484a3ee , 4fa88108 , 865b721d , f4929911 , 3a6e43be , f8b85009 , a5bac057 , 479268f8 , eb94e3f2 , 17b09d61 , b309d22b , 0112f632 , 079c9b06 , a893ad3a , 4fcfed28 , e31a5d69 , a0905da0 , b4b7cba7 , 073b7efc , 5414d9ea , ed471b84 , 2dbef2b7 , de3a06f4 , 77a4de8f , ce30bd13 , f00ebce2 , 52c2085a , 30668478","ec8d7be5 , 0ffa7546 , ae2fe5c2 , c04cd8f4 , 3ae251d4 , 539c4caf , a232aa72 , e1118879 , 585fa6f0 , ab05b324 , 47698eff , 6891e6f1 , 76263b0c , 4b52afb3 , c4e7f5ea , 8f9cc950 , 533b287e , 791f4b84 , 9cd4d22e , d0136e68 , da51a104 , 5c493da9 , 1de7bb0e , cf6f2b87 , cdd8ca5b , 082d2fef , 464c8405 , a78283f6 , 067bdf29 , 72015fbb , 79d1a285 , c9a22bc3","ab97f71f , 1874cb94 , 91231d83 , b10869a2 , c46396d8 , c5b6eb49 , e5e85419 , cdcb0dd1 , 92db596b , c0ec8d96 , 25eeefdd , 1ea68108 , a402311b , 5a9a050a , 33dd88dd , dab8e9d0 , 3453bf75 , ad2815ca , a60bc791 , 15e53c2e , 25b322fb , 2f0ef191 , df486d20 , aa2ad87d , 3480d7c0 , 0fd61cd9 , 243ee2fb , afa08a0d , 220f8743","053afb98 , 323df2fe , d7937efb , 658b3ef8","13c2ed18 , c9ca5ba1 , 8f842584 , 1805923a","f1a41dde , 7f3bfc6f , 749d1b79 , 147ede69","",
"M~26","MICRO~SETTING UNIT(26inch)","4,000.00","","4/1/2026","","","c0e57893 , f8eac225 , 8ded8b5c , e75741b9 , d705b370 , c6a7b470 , 154beba4","f132fbd5","3928355b , 53ccf917 , 0d85d0c7","efd57c9a","c6ec3a3f , be95fbd1","","",
"SS24X6","SS PLATE FOR 24 INCH","450.00","","4/1/2026","","","625cbaad","849cc5a0 , 473a825a , 58b693e2 , deed5fa7","","473a825a","","","",
"L~60 (WITH DISPOSABLE BAG)","0.5 HP DUST COLLECTOR UNIT","3,000.00","","4/1/2026","","","60a1789e , 6b47d26f","","","","","","",
"28FOC75DC(28w x 26h)","28 FOLD FILTER BAG FOR 7.5HP CENTRALIZED DC","12,400.00","","4/1/2026","","","","0716fd92 , db8a6bb7","","","","","",
"L60FC","DISPOSABLE BAG FOR FILING UNIT","160.00","","4/1/2026","","","","6b47d26f","","","","","",
"SRG9i2","SPINDLE ROD FOR 2 GRINDING WHEEL","3,550.00","","4/1/2026","","","ebf02198 , 147f75f0 , 0f45438e , 899599d3","5201177b , 77625679","","","","","",
"TP150~CF(WITHOUT LEAK DETECTOR & FLAT HOOD)","TWO  STN POLISHING MACHINE WITH 1.5 HP DC & DUAL BAGS","76,000.00","RAHUL","4/1/2026","14","16","1fb9a526 , 404c58b9 , a7ac5abd , 0a46b54c , 853c7724 , ec11a571 , 23fca864 , 79513b95 , 505f21e3 , ae05c7c7 , b400afcf , e66aab8a , 5542cb83 , 01f696c5 , 80aa5b9e , 39c725df , 8e7f1617 , 6ff5575e , e32cb419 , ed46dc41 , ed52f99c , 475910cd , c361c19d , f4353e98 , 38d04587 , b49f4785 , 32d4e258 , 62d319f4 , 625cab74 , a5d74ef9 , ecb687c6 , fd654029 , 697a01a7 , 075ea249 , c8b30b3a , 11057e2e , 9bbf645a , f2e8af27 , 61b6f0f5 , e137b9ac , 661b3ae9 , 09ca7f29 , 556aad63 , 7ac3ac21 , 6ad09351 , 2ee5a735 , bf54e2bd , cecb5ebf , cd48cd38 , 1eb82b76 , 93cdae79 , 3ef37c08 , 2f701300 , 722b5e77 , 26234135 , 4c722af3 , 1599c7ec , 25a0780c , b0970330 , c40f4e08 , 1f117002 , c3d463d9 , eec098ce , 98d51a71 , 820c563d , 8af17375 , 24b34402 , 1a71b75f , c519c728 , d2077233 , f2e30602 , 1a4c7853 , f34392dc , 20a1d72f , b5bd4d0b , d18ef9d1 , 00b45874 , 59fcce26 , b3d4f668 , 25ee2c64 , 17869d4e , e30dea33 , c69464d0 , db0ca2bb , 2eea7260 , f6217a5a , 405f7db7 , f05d040f , a3a264db , 1b34581f , 05d80201 , aa62591f , fb37260a , f61fa907 , 78f59c9d , 1df6b096 , 89ca9912 , 25f81db9 , fdf667a7 , 95891db1 , 2b006160 , 8c619a71 , 57a7190c , 5d57b732 , efb13df7 , 2105683c , fc26e9fe , abea9228 , 083264a8 , b2f316f7 , 344df92c , 47705580 , f6927f79 , 66d8ee8a , 006579c3 , 6afad050 , 036e64bf , a521f67b , 6b6d9668 , c3c7c78c , d2bc9956 , fd8eedcb , 316996b0 , cc0e8912 , 13f59a86 , 5dcb5cfe , 5d55adbe , 918d509f , 13659bde , 199e9d87 , 420a258e , 7a091a14 , e8412647 , ee238d75 , 18b634bb , 0947a3ae , 4aeb0399 , ebc83fe2 , d8662fc4 , 4a76c29f , ae7141cf , de06310c , 71b6823b , d87533f3 , 0a976532 , 198e769d , 26e2e301 , 982e658c , 0a464992 , fa1b1829 , e3401dc1 , f22295a2 , 45e46bb0 , f8692e46 , 8ad19c03 , c8f56ad3 , d74aac86 , 8f330ff7 , 4ba1f2e9 , ba28b90f , a5bdedfb , c200f7bf , bc775f3d , bf589790 , 6ff77d89 , 5d02b1d4 , bbace69e , 0a845a59 , 2e05e79d , fe092ce8 , 8aaa552f , 215954fa , 1eca8053 , 2b3aa613 , 414ed853 , 0b688162 , d93214f7 , 98fa78a9 , 158f184f , edaa5978 , 3c9c3e4d , 930a9509 , 6383a966 , f6e83576 , f6fcb004 , 4a130e85 , 4989ee9e , 0cc91615 , 0831fc09 , b401764d , d4bf26aa , 769d57bb , ae9f4ef5 , e4d04dcc , b718d725 , aaeb8b4f , 08f8aef0 , 5aa02b5e , c05113d5 , 3f915a4b , e4dd5ce4 , 0973603a , 7b1963f8 , efd05c20 , b40ce2f2 , 6472c03f , 19b73b27 , 1276e38e , a3e392e7 , c071cad7 , ab310600 , f67928b7 , 09b36d52 , 30250171 , e060ab89 , abbb5a6f , 9bf10e43 , e55b719b , 5fa1aeb5 , 05db178f , 1c48bc3e , 0e41ee74 , 3d3f8c20 , 698b284e , 0cdaa5d3 , c9f973f1 , c9491ee5 , 6b2e65d7 , 9a4513b1 , ed766626 , d3b8c7b7 , f405751b , 3c17708b , 1cc25d8e , 5bdb9cbf , 2d4a0677 , a071147a , 48de1d66 , 1c09d90b , 67ad2e0f , 3c3c3343 , cad42c2f , a7bf9c6c , 6dcab698 , e2fc88c0 , b9718c9e , 2fb952f7 , eb834148 , 71d9c01c , 6a4246bd , e2dfbad9 , a82811c1 , 98b4f643 , 020f6fc4 , 8e5879ba , caa77470 , 76ef2cb9 , 049e1dfb , 4bde753d , 6eb38c78 , f08644fd , d13bd6e8 , b64ee777 , 1c883383 , 656c841f , 53b2811d , c3b77ecd , 3a9aacd8 , 9262eaa1 , f7e0c220 , 882c0d6f , 496a24c3 , ee47e834 , 46185d03 , d5b005f3 , 2ec7d7b1 , 1ee30552 , 8e810a98 , 2e850c11 , 8966bb15 , 4e5d73a3 , 8db3e13e , 81cba832 , d44b1edb , 14fedad0 , 1cb1a7d5 , c92b7358 , a2f200b7 , eedb6bfe , 0f9c3f3c , 0f1221c7 , 52994294 , 2521bf79 , f58083ad , a7ad94f2 , f1560a84 , b06c88c3 , 5bdf5803 , 2d3ae7da , 1cd2745a , bb0161bc , e1f21aa3 , d2d6856f , 29904c58 , b54fa3fc , 7ee0e3b6 , 0a942e31 , 4470c337 , dccf23e4 , 50e540d8 , bd1486fe , 0a4b273f , cdcc3bc3 , 5e093e69 , 9850d05f , a42f422e , fd6ef681 , e80c640c , 16aba657 , eb7cbc5f , 8a2e1d5f , 65d94a13 , 6b86946c , c7c6f969 , 156d4c17 , 2c8c12d9 , 5d770160 , 3b7cf1cb , c63bf998 , e8ae21f2 , e1b39f45 , 378c9672 , fd2bd644 , 3ba08803 , f1c806b6 , f2db1766 , 1ac6e35e , 610a11f9 , ae6ab02a , 391a26d2 , 7d64043d , c70265c7 , 0b0b51a5 , 96d14186 , fc6e66b0 , 92591a14 , e0f4d97a , fa0ba41b , 6b5dcb03 , 0cbca1a6 , fb7a61c1 , d933cb07 , 5794b23b , de5b992c , ebbe5746 , ff35407f , 07020d65 , b85d0d70 , 82d482b2 , 95408454 , e9e584b4 , 822e70de , a191f2be , b72249a8 , 55f6216b , ad82dd10 , 2f5b0f8d , 5783df6c , 1391c00f , 36b80528 , 8748bbdf , 6f083111 , db6cd2b1 , 3afc0715 , 77b6f20b , 6a4395ae , 022e6ac9 , 10e45a61 , b6229313 , 1d85b6ee , 40506232 , a1644d47 , 39d1a94f , ad4fbde8 , f2f94380 , 043b08ed , 0cb01997 , b1f24528 , aab719dc , 15b7682e , 2f8c9592 , f24a51a8 , f60a9140 , 2f220a7c , 2e2841c2 , c4b40249 , a019eac7 , 66a01e2a , 1e7967df , e7d66d31 , 991a0a53 , f0cc6de3 , e3a7a19a , fa394ffe , ca50a812 , 7aca616b , 6fe36628 , aaf92d09 , 458feca3 , 253ed23d , 5d01589e , 200d4e0a , a40a862a , e7d6ee15 , 5170780a , be5c1a8c , 13635ae1 , 90379d7b , 63bb8661 , a10734ea , bec99b26 , cb0b52b9 , 20d87401 , fa71c013 , 2a095352 , a8ddf193 , d6f3e6e3 , 510137fd , 377aae9f , 8265a9e4 , 0e0b0804 , d3dba0a6 , 8226a0d8 , b000eb7c , 4f1b468d , d17dafe1 , ab3e5598 , e71749eb , 5d506a70 , 19bc89f9 , ef2acc14 , f92a9421 , 8855dc9a , d72abbbe , 7cb693a9 , 8b2c13ed , 629295fc , 57a24337 , bc89a634 , a2422039 , c12cd8eb , da65c6a4 , 60940cc9 , 8c733c22 , 116183ce , cfcce7d5 , cd689695 , 3eb0b5df , 495f2850 , 47f95d97 , c19592f2 , ba463cc3 , a23a0b77 , 5c1e0cf5 , e995ee22 , fdf0d984 , f7dc7289 , 35f81b91 , 6279e51f , a19dbc5a , f4fd6e2e , da72e68c , 2ed14023 , eaa3c91b , 9c1dfaa2 , 6fd97949 , aef526a0 , 899249fa , c0c9ce31 , ee28839a , 7eb50861 , f1002894 , 77abf7b2 , 3f297bb8 , 4a9bbe0c , ad9c6393 , e7614aa5 , d23b3e3d , 2c1f402d , e42e3305 , 8beb1ea7 , 16b29f12 , 0363ac49 , c8b25adf , f4443aad , 8a605fc6 , aa97509c , 6dbcb183 , e71b9c30 , d6c17c3c , 3efec621 , 6a58e768 , aec60487 , 79b48fc3 , a9bd4d58 , 9d641796 , 7f32fe6c , 08b6f492 , b7b58c95 , eace18f0 , c95d18d7 , 546beaa9 , 00c6e8c6 , 1ec687f6 , 88ed7364 , d079905c , fc4c5c5b , 93e68c35 , 9cd7dd34 , c3d2565f , d6edfdb2 , 0a7a3219 , a51a5117 , 45fdc97c , fb5626d2 , c75abdbc , 9f268607 , 8ddcfd90 , bf1fadd0 , 28449cf9 , f69bf7f3 , 9054396a , a82d22de , de07b641 , 3e5dde69 , 68250196 , 5daf94a8 , c4ef96b6 , 28118518 , 7015bd33 , e11ec3c3 , e77a2533 , 5effb635 , 8a38f265 , f03535b9 , 1ebb9776 , ec15c75c , 75ab360e , 7a29d82d , aa5165e9 , 3fc20662 , fbb23398 , fc4d1b6d","f6a80551 , 616a4df0 , 53881be2 , 4996ba99 , 5fdd6dd3 , 3251d418 , b9cf88a4 , a1c4f8c4 , fbf3b662 , 21fc7262 , f9174a3f , c0beae06 , 24806c3a , dea5cded , c38a9151 , 13130087 , 8412a7d6 , 22dc1945 , 9647f9d4 , 08290bec , bbc24d24 , 203b8ce4 , 77c8a825 , 84a025f1 , 59704c17 , 0ebe758f , 60560c40 , 65753903 , 97a613a2 , 4aeb0399 , 269e3c67 , 14f701c6 , c8878c85 , 202d1450 , 4d5ec67d , 42c33a65 , 2ed60f65 , 6cf8d70e , 257401de , 846ed1ef , 64edb16b , 62b8f96d , 815bf771 , 3061ad7c , a88a025c , eacbdea4 , 77980d99 , 20eb948d , 61b11f08 , 7b5e5048 , 1392f6be , 90c2ec77 , 0815d164 , 7d410e13 , ace1cfd1 , c2b835e0 , e01c41e6 , ec2734e2 , 146d4c51 , f12a3fd9 , f4648e6c , 5b4faa3c , 20ebbbda , 1e1b816e , 4df2afc8 , e4d933ab , 0fe6a4ef , 042f31e1 , 64478479 , fd34dade , 23348f07 , 5359eda3 , 74066395 , 7ccdb7fa , f6dd6159 , 5564fe4a , e6300ef0 , 0d77a984 , a7a08c2e , 9e40f984 , 32fd21d5 , a165284a , 397de80d , 6ad5e684 , de913b60 , 67e7e99e , 15aff67c , 2ddad0fc , 219d60f1 , 41f460cf , 7566044e , 1101d226 , 59708ca8 , 2d8524f5 , c912b415 , 96b5f29c , 9f336d44 , 48d74b21 , 749fee57 , 81581b36 , cd4aaad6 , 477de352 , 94a6e8f4 , 315a327c , b60fc16c , 3855de2c , f8f52539 , 3e0b1272 , 7ab4fc4e , fc197911 , 88a3b048 , 30c0c1e9 , 0e0fdc12 , 6247eb17 , f0fc149c , ad0cd3e3 , 60a4d5be , 0f1528f8 , d00850ed , cb39a416 , bae9e177 , 5e137d67 , 06a37bc3 , 0e07830b , bd5a22b7 , 6e9dd304 , 8c2ef573 , d8e1cf10 , 4fdc860b , 949df88b , cc9db448 , 6c027d80 , a3544a9f , 6423b218 , 9ac75c0f , 70ada3ae , 91e49a55 , d7d36e3c , c176eebb , 07ef13f6 , 0338a97e , 21429ebc , 7dc86294 , 45ec8534 , c09b23aa , d00ad9c0 , fcfbb465 , 954eff6b , e711de19 , cf7bb012 , c2776dc4 , cd4601be , 5444bb14 , 5c830efe , 5e126afb , 080f691f , caed1fce , 0a1fb7f1 , 79db7c3d , c0b035cc , 880b630c , 415a2fb1 , 51fde1d2 , b648bc25 , 097300f6 , c8827764 , b7584017 , 57ec3ee5 , 82a92a70 , 84d46cc1 , fdadff86 , ebaf9de8 , f4ec0942 , c37d9a00 , faffdcf0 , dffed821 , 6765d740 , ab796053 , f8240127 , b16479e7 , 22e92a9d , 78b5c139 , 9a4571a1 , 76447205 , 5034d923 , 84b88d80 , 82b0244b , 47a77eef , d739b8f2 , 322f44c4 , 77a502ea , 3b5e6a16 , d96a6d3b","9f712f45 , 61b2ad6d , ed0f57d4 , 84c7f383 , 8dc2b835 , 0d64819c , 26725c12 , d4d58ba9 , ed0f0e2a , f33ee7d4 , c6689b30 , c915ded2 , 8f14acf1 , de1b458c , 65a3bff5 , dcd89f55 , 34b6ede4 , 088ceba6 , a813912d , 1ddc780b , 0e6aaccb , 5ff397ab , e5b50034 , d0a4f57f , 0a8ce60e , b9ad912d , ce9094af , 5218fa7d , 3da19ea1 , f79f3a45 , 25b80646 , 9a087587 , 288651ff , 6e790f56 , 976df217 , 9db3a99f , c4260470 , 8c9d5b33 , ff4e9423 , f644885c , 9b335e64 , fffc9090 , 40e81e84 , 23b4e8f4 , 82c27d92 , 5cf288e3 , 88d6736c , 27f984ef , c21b6dd8 , 45ce16b3 , d8233bc1 , 2f0808a0 , 498a4285 , dc930996 , 5aca4dd3 , b4349666 , e3e40cb5 , e01f7796 , 702cb9da , e550fa53 , 2bf1d3d0 , f5a5851e , 023284c4 , 90b53db8 , 9c8735ad , 846d5439 , 96732895 , 5efde2b7 , 70b2bc72 , 8ee68f0c , abd1081e , bae1babd , e28cd664 , 3ad2eea5 , 41812f8f , e55eda36 , 418eb7d8 , 47c73619 , d07c58f7 , 2a9170f7 , d9649e94 , a6de2144 , e27a793d , c552f120 , 658a6a32","871f00f5 , 04299e3b , d977eff7 , 540b7954 , af6ffa64 , c32f6fe9 , 3ce14078 , ccfdd5af , 7aaa9469 , 4df58eab , 8dde10c5 , b666ce8f , 028a738e , 51264b31 , 085b3d27 , f26474d0 , 6442be20 , f75d016d , 9f546320 , 54087e5d , 3e1d9c11 , 7ffe298f , 4ee48906 , 8569f629 , ada544c3 , 95d7aed9 , a82eda91 , f6fa8c34 , 6a51e1c7 , 87dc7bac , ca8df3f8 , 5a75bb0d , 8b92ed09 , e638c489 , 075748cc , 2d3274af , ce023483 , c7f8a317 , d82e2bf4","0959df52 , 2a38d7c3 , b07574ed , 1e30699e , 36a8ba55 , 65c5b2b0 , d30559b3 , de1a386e , 7b676a93 , b7b868e6 , 40f7db7a , 1a36e57e , 4084773a , 9b4f3f83 , 6ed65292","d2dff790 , 80c1a7eb , 7c92ad0e , 815243fd , 3645487f , 5a44eadc , 120d9de1 , e5cb17d1","33c49cfb , e26e91b1 , f01cc22a",
"SQUARE  MESH (90x190)","SUCTION MESH FOR POLISHING","1,650.00","","4/1/2026","","","aca22ac1","54a78a30 , ed54e1ac , e4336cfa","39638efb , 0fc897c0 , 9971ba26 , 6edddd8e , ecb618ee , 914656a9","","","","",
"M~24H","MICRO SETTING UNIT (24 INCH TABLE )","10,000.00","","4/1/2026","","","3eb536a8 , e1b8e170 , 73be1fa0 , 70f2050a","a1aeca89 , 70f2050a , 04f523f0","","04f523f0","ebbfad17","","",
"FBSS~24","HAND FILING TABLE WITHOUT VACUUM (24inch SS Body)","27,500.00","SATISH","2/21/2026","","","0f9ca205 , fbe540f8 , 7f8ef5db , 7eb3557d , c3ddd825 , 775762d7 , a04ab18a , f15d2aae , 7b001db2 , 8a6f804b , 1aa0371b , 7c485fef , 3f7e51c5 , 8cd0d5e5 , 0762d038 , 4315bc5b , 386f8a33 , dd81b225 , ccb0a8a2 , 9ac3c7cc","be491021 , 6fdc50a5 , 8d2a3add , 4cb928fe , 404f666d , 16c7f464 , d3e53b2f , fc632252 , 8debadb2 , 09c503fe , 4d12f575 , e7c8f88a","747c8160 , d789e56e , dbc0ac3f , 800a43d7 , abd9bf62 , 18e8ba12 , 9bcca01d","4cb3e840 , 862fd027","fc26e9fe , bc1f1749 , eef48b2c","","",
"SGW~50F (WET)","WET GRINDING MACHINE 17inch  (WITH DISPOSABLE BAG)","46,500.00","","4/1/2026","","","3035b4dd , 539b3df9 , 743e0c2a , 56d650d4 , 41ce424e , da98feae , 6b6f54ee , b1454054 , 2abb6a19 , 063fcbdd , 00880f77 , 2d40d60d , 90fc8bf6 , 0aac80aa , 808fddbd , 13dc4579 , 2752501b , 3a90ef25 , c5c4327f , 91493774 , 202dc47c , 2e3cf7ef , b088eae8 , ea415e37 , 4cb3e840 , 9f96db4b , 1cb3aadb , c3852707 , 63359ccc , 6c3fa5d7 , cd13c387 , e8ead68d , b1835c8f , e2956a92 , b8680cae , 0eb52922 , 66a77460 , 4c443b31 , 0c426c1f , 3b7a04b4 , 065fa287 , 4d204856 , a835fd20 , 7c6102b4 , b3b41d11 , 0275c1f5 , 1faa3b8d , 49aa3ac4 , 0e8ab1dd , f044033c , 118173c3 , 98542617 , 9074fa4e , 16607c47 , fd1b5ded , d65000b1 , b91deb92 , c5026aee , 6a892381 , 2b49b271 , 0538e7d2 , dc6d8725 , fcce1ea5 , e8e1587b , 5e3df899 , 061d7c8a , 788ddb20 , caa2519c , 4e2b9bc7 , 00d2c786 , 7a6706df , e781304b , e2af0111 , 9aea5556 , ac57ffe0 , fe7e7f8b , 22276b2e , c018fb1f , f2ecf352 , 6c9095eb , cb661248 , cdd2ff48 , 88b457fe , 8596e45f , 9e607cb3 , 8b9d71d1 , cd87ea8c , 62fe1831 , 2acd1d89 , fea5dad1 , 4b301a93 , 4ba2c024 , bc07b419 , 69438db6 , 55f7a224 , 17209245 , ad8e6848 , 5dba473c , ddc9cf03 , 5b0e5f07 , 46cd6a62 , bda3a30b , 11d1b548 , d3843dbb , 1fc1a887 , d4e7dd8b , acc72b66 , 6616a2b0 , 60023443 , 5363bf14 , 41c7a743 , 3d32d5f1 , 20001edb , 0a2745ce , 188d304c , f37ebda9 , d97a9170 , be2ff1a1 , 7ee38f66 , 7b7deef7 , 30fa3032 , 272d8247 , ff16e655 , 173d942b , 7a947c4a , cb5a1f5f , 7ebe0103 , 26276d37 , 99c37c74 , 89e70b17 , 91756215 , 5a1a7e46 , 93a3ec44 , 8f8704a7 , da7ff919 , 807a567c , 327944d7 , 7386df96 , 54efe0f3 , 98b425c7 , d9db4bbc , 6af013ea , 6b64b257 , 85e4fe5c","4632807a , f66e064a , 1764da9a , fab617a5 , 0bf85623 , d0523565 , 9e2679ae , 653cb67f , 4ff1caa2 , 05bc5169 , 469e9df9 , ba5e2823 , 97ef2ad2 , 8b80d192 , c35d420d , 3a45cd76 , 4d3028fd , f481695d , 102e5ca1 , b990a22d , d993127f , 3e3d0d13 , 787d0118 , dfa74a0a , a7d2a572 , 9310b191 , cb54372a , b7878a32 , 5f207f8a , 28aab9cb , 05573b2a , b19f8360 , 57dea28f , af334a3c , a47dd172 , 15118cc5 , 7a58dd55 , fe78b0da , f88d1128 , cc04a926 , c41a93a8 , 5b4420b5 , 8b300e2a , 80de468f , 2d40fdfb , fbcb2793 , 16ef1d9e , a2be9280 , d30c89ad , 5c37594c , 9826b0db , 36078ed4 , 372de059 , 5a5c1268 , e7585f65 , c816af77 , 5eabbcab , 1af088ec , 352b3d81 , 6a2ebf00 , adde3a35 , e0f55179 , 78827832 , 88a5517c , 2d76d962 , fc816401 , 94a878b8","129db266 , 65ec9240 , 701bc672 , 8eec4121 , 94afc6af , e88792f6 , b5e8ac16 , d38cf0eb , 1d8750a6 , 72921d10 , 5640f44a , 752a4aba , 45b1185f , 41275c3b , 69201413 , f3f1b96b , 2837a80a , a5ec3ff9 , f2f805ee , 123bf2cf , b012c8a6 , b61dc3fb , 4f2057c6 , 0287b384 , 0eaa0e0f , 2d150b1f , 8e16c80f , e3e91ede , fef137b9 , b21f0e07 , ec01e842 , d689417e , 8d30a8a4 , 97a613a2 , b65607f8 , a0f6dfe6 , 5e8092f9 , 7e945e01 , ee47e834 , 9d5ddd49","4fd2e899 , 118761ae , c528f338 , 9cfec16d , 3b2115fc , 8c6fb5bd , d7862a3b , 42d79406 , 97a275fa , 89937095 , 17609b28 , 73c530de , 43e3dfc0 , 3f57ac76 , 4b230378 , bf78b4d2 , f3c07b83 , 20e1dcac , 9a0213f9 , a1cc4199 , 7154baa5 , 1ab69533 , 6ad09351 , a1774e68 , 8268301e , 95b85ff1 , 034c5161 , e4d5db13 , 06fd15cf , e1734cb2 , 3e1c8ad6 , 2e9d28af , f8f52539 , 8a2e1d5f , 3efec621","997a4991 , 60e1a0d0 , 1ef5a15d , c47dcde1 , 7e889c63 , c2bdd8e5 , 07be0cdb , 15a0aa6e , aec7c22d , a58fe727 , 6f9a92f0 , 8164c8de , a5e772a5 , 2c8da556 , d4705584 , 93140976 , 384487fc , c2e58bf0 , c00ee605 , d0b73d5e , 768a021e , 4253ec69 , fb37260a , 25f81db9 , 040fa229 , 04a1c3fb , 30a96bc8 , 420a258e , e4d933ab , cc14c9cf , 4ee48906 , 81581b36 , 2bf1d3d0 , e27da8f3","a89c7f9a , c699c7d2 , 9c66c053 , 1aadf4ec , 1c3571a7 , 793eaa0d , d90862d0 , 7f8299cc , 079cba37 , 0146dc01 , 25fc3948 , cefeb837 , fbf3b662 , f068c3e9 , 8c74bea3 , a481a833","e6b88e5e , 6268b404 , 986ca191 , 050e35e5 , cf09453c , d2dff790 , 12c45e1c , 1a2c5804 , b0970330 , f1225720 , 8e6da56c , 5ff397ab , 4df2afc8 , 0d77a984 , cdcc3bc3 , be8e8073 , a1caef89 , b5df942b , cba0bbf0 , 1fdf8fd2 , 25045fa6 , 84b4391f",
"SSTTP","SS TABLE FOR POLISHING (IF REQUIRED)","3,000.00","ABRAR","4/1/2026","","","3f4a8030","f6f1a197 , 5c9e9e39 , 389998cb , 9390983f , e01be0a4 , efd05c20 , 6c1b6d99 , 0565176e","404c58b9 , 0830d354 , ab10902a , cda9b315 , 22457ea7 , 6c4365d7 , 11bff1a6 , 5bdb9cbf , 4ab6f8ff , 04eecaab , 0339c918 , bab979a6 , 21e062ae , c7909ea0 , 7a9c182e , 22e215ec , 5e6379f5 , 77bcd61c , eebdfb10","b7aeadac , c5b2349e","e5ef489e","d70a61ec , 3c7c5258","",
"TPF~150","TWO STN POLISHING & FILING REPAIR TABLE WITH 1.5HP DC","73,000.00","","4/1/2026","","","6424932c , fb1f9c68 , 8f1360f8","","","","","","",
"WF~20i","WET FILING UNIT","21,000.00","SATISH","9/3/2026","","","","","","","","","",
"DSC","DISCOUNT","-1,500.00","","4/1/2026","","","","e90ec479 , 32e5a903 , 3c7b7fa7 , 68de2633","","32e5a903 , 3c7b7fa7","","","",
"SMTP5","SERVICE AND MAINTENANCE TP SERIES PER MACHINE ( MIN 5)","1,800.00","ABRAR","4/1/2026","4","5","0a99412e , a1bb738e , 101ad537 , bbb38342 , 604e553f , e1e7ee14 , 75f06c78 , 52b53247 , 92800ac5","3c833cb0","","532f0970","","","",
"S~50HK(DUAL SUCTION POINT)","POLISHING UNIT(SINGLE)","11,000.00","","4/1/2026","12","17","f48fc852 , 925be321","b48dd8a4","f6677861","","","","",
"FG 50x20","FILTER GASKET (50X20)","320.00","","4/1/2026","2","4","6e9a5240 , c68ad1e9 , 9cafd3ae , 1caac0d5 , 4988c2fc , e904d857 , 84c237db , 30b1d5eb","6055c002 , 6230b5ea","f7bd6933 , 65d36843","9ad5c167","fd8a0d5a , 6f833be3 , d87b3ec7","","",
"WPWG","WATER PUMP FOR WET GRINDING","1,800.00","","4/1/2026","2","3","be3888d7 , 182a7e50 , dfcc32d9 , 4f4b1f6f , 5005ea5d , c5eb91d4 , 11d7c4dc , e6f81b61 , ef9f43fd , 7a48f35d , e4af264e , 4764f77f , 5daf8c9c , 0c9f83ed","","","","","","",
"CDC50D5P1L","DISPOSABLE TYPE CENTRALIZED DUST COLLECTOR FOR 5 POLISHING & 1 LAPPING","273,000.00","","4/1/2026","22","24","497daaee","","","","","","",
"CDC50D5P","DISPOSABLE TYPE CENTRALIZED DUST COLLECTOR FOR 5 POLISHING","235,000.00","","4/1/2026","22","24","8b0c0f8c","497daaee","","","","","",
"CDC50D5F","DISPOSABLE TYPE CENTRALIZED DUST COLLECTOR FOR 5 FILING","225,000.00","","4/1/2026","22","24","","","497daaee , 5be97c4f","","","","",
"CDC50D6P","DISPOSABLE TYPE CENTRALIZED DUST COLLECTOR FOR 6 POLISHING","268,000.00","","4/1/2026","22","25","","","","497daaee","","","",
"HPT10i(WHITE RING)","HOSE PIPE TRANSPARENT (10INCH)","3,500.00","","4/1/2026","8","12","f70701fe , 2a13891c , 3b315173 , 806d2068 , 0708e5db , 0d33a587","","","","","","",
"HPT9i(WHITE RING)","HOSE PIPE TRANSPARENT (9INCH)","3,200.00","","4/1/2026","11","13","","","","","","","",
"HPT8i(WHITE RING)","HOSE PIPE TRANSPARENT (8INCH)","2,700.00","","4/1/2026","7","10","","","","","","","",
"HC2i","HOSE CLAMP 2IN","60.00","","4/1/2026","2","4","","","","936a367b , 6230be12","","1093b519","",
"FT~24B ( DUAL SUCTION POINT )","DONT USE","43,000.00","","4/1/2026","100","200","c22401ce","91ab3ecd","","","","","",
"RC~TP","REINSTALLATION CHARGES FOR POLISHING","3,200.00","RAHUL","4/1/2026","5","10","d6c1b75d , a2bcf695 , 50de24a4 , 093de1d7","","","","","","",
"RC~SG","REINSTALLATION CHARGES FOR GRINDING","1,100.00","","4/1/2026","6","12","","","d6c1b75d","","","","",
"RC~FT","REINSTALLATION CHARGES FOR FILING","800.00","","4/1/2026","5","9","","d6c1b75d","","","","","",
"B~28~MS","HAND FILING UNIT (28inch table)","4,500.00","","4/1/2026","100","200","f6677861 , cbe53ace","","","","","","",
"S~50(SINGLE SUCTION POINT)","POLISHING UNIT(SINGLE)","9,000.00","","4/1/2026","12","14","faa22e98 , 8d624c8a , 7f2e4803 , 2172c1c7 , 540a3345 , 75d7e404 , 1f0901bb , 1b598d45 , 1fe8590e , 66fd6d9c , b7b89be2 , bfbf99e0 , 1fafc5f6 , 0e6cab9b , 87ada7bf , 3b729177","f6677861 , 73ddeee6 , 856cf3ef , 5f39a0cd , f042abcb , e9f6a377 , 0543df67 , 04352a7a , d788510d , b428ed01 , 83dfd6a0 , b80e6e84 , 13e84a51","2b87f404","","","c97b577f , ebbfad17","",
"ICHP (3I)","INSTALLATION CHARGES FOR HOSE PIPE (3INCH)","300.00","","4/1/2026","2","3","","46717155","","","","","",
"PM (190X93)","PLASTIC MESH (190mm X 93mm)","700.00","","4/1/2026","15","20","7014a7cc , 9d5f65b6 , 0fe6f591 , 2447c9e4","4d88781a","","","","","",
"TRB","TIE ROD FOR DISPOSABLE BAG ( 100 NOS )","250.00","","4/1/2026","2","3","5f289250 , dccc066b","13b17087 , 6bac5f96 , e3e0dcd2 , 7bdbc0de , a2e36737 , 815bb229","45870a25 , 5c071dc8 , b514a77c , 13b9543c , a0ba3363 , 89a7bee6","fe76ac51 , 9390c963","","","",
"TP100~C (FLAT TYPE HOOD)","TWO STN POLISHING MACHINE WITH 1.0HP DC & SINGLE DISPOSABLE BAGS","67,000.00","","4/1/2026","200","300","899ebf4a","","","","","","",
"TP150~CU ( SINGLE SUCTION & FLATE TYPE HOOD )","TWO STN POLISHING MACHINE WITH 1.5 HP DC","80,000.00","","4/1/2026","15","22","04538b1e , 816decc5 , c5453304 , fee8b751 , cf9c8fc8 , 9b03fc2a , 43ab2202 , 47fc436c , dad6cf82 , b5fa3cb1 , 439b2bde , 0e0863bb","afb1ed2f , 19e0cae0 , 734b2cac , 5b76bcb4 , b1194b4f , 51216039 , 853c7724 , 555d7f25 , 43167e7d , 33675ed4 , 3cb2cccb","cd021983","f4d666b9 , bdba1d09","","","",
"RM4ib","Round Mesh(4inch )","350.00","TAMANNA","2/10/2026","2","3","dacbfab2 , 67d32727 , d55024de , 290c2238 , f796c0b4 , b241fd6b , 88ac0a61 , 85aa5195 , ae84e097 , dea3b84b , a9602c47 , c07b283a , 64257b2c , 68666307 , 7595b857 , eebbd279 , 5a57bfc5 , d616ce3e , 6914defe , 975fa381 , 13168b90 , 1de020ab , 897a29fc , 45ddd091 , b5f2e44e , 04bb2bae , 4a8d37d0","c46925d7 , dbc6d889 , 7bb7af4d , 73c32254 , 3dcd92c3 , d1d7a2f0 , 9c44dda5 , 696c2f1e , a445f354 , 7f801d3e","","","28d5ac42","","",
"TP~150CG ( SINGLE SUCTION & SLOPE TYPE HOOD )","TWO STN GRINDING MACHINE WITH 1.5 HP DC","84,000.00","","4/1/2026","2","3","91bcc5dc , 652b3175 , 56f03a06","","","","","","",
"TC(T)","DISPOSABLE BAG FOR POLISHING (WITH TIE)","280.00","","4/1/2026","2","3","b4a2ed72 , b739f6e2 , 95c01b2a , 9c2fce31 , 361e6ccc , a7b4071e , 1081c314 , 676860fc , 889fe37a , b5a74093 , 0b513316 , 833387ce , b93542d8 , c50fe9e8 , 2082dbc0 , 3848a86d , 54a9f820 , 573352f9 , 69eba6ce , 9c1d9816 , 795643fd , 75eae985 , 4d92e496 , 06b79aff , 571328cb , 235ede99 , b9671594 , ba193929 , ed875412 , ef87d578 , ce4045b6 , 2af4eb42 , 0ece1ed0 , dd4f707a , cb85c8dd , 9085f78d , 63d3b010 , 048bf27b , 1d86c713 , ddcde42b , a2e36737 , f8e19fdf , 63030dcd , bdccb55d , fb4e476c , 400b9171 , bfe0ca74 , 9e631fbf , d13b9bdc , b4bc4050 , a6fedca9 , 44a9262f , 29887062 , 21992922 , 966b5d8a , 57ed6cd4 , 800b28c4 , 7770a00a , 159c1a50 , 41a88ca2 , 6631afe2 , e27a8794 , b5280d10 , fc134963 , ac988aca , a158f9e6 , a21a1147 , dac0d430 , 4b7e893e , 25cc8476 , d1581dba , 325c02ac , 55b4d79c , 1ec5ec82 , 11e3b55f , 67ba2ff2 , d29dbc96 , bd873a9d , 9a229c09 , 28d5ac42 , 6458b959 , 23167118 , 779ff11e , e7e0b4c2 , ef5093ff , 57d65afc , 815bb229 , 77f5bdd5 , 2ba32d24 , 5075f4cd , 151e9be4 , 6245dfa4 , d6287272 , da9a4685 , 6c23bc7a , 702ce06f , 49c3dc4d , 44f27ae1 , ba16cf68 , 2d6fb3ed , 18109fd7 , fdefd249 , 5bf43a7f , 19ed2f48 , a63b2fbf , df500859 , 452a811f , ad69b5be , 16445da2 , 306826ca , 1181f5e8 , cdb4bade , 6e7eca53 , 9c5a1385 , 9307e16c , f0bc3820 , 10ad243d , d67159cc , 6fdcdf8a , 70d86b97 , 629ee98e , 3de7726b , e5cf644f , d7ca5281 , 785ea6ff , d00f825f , 970ca19f , 64d4e777 , 8d2b1a12 , 3bbd9369 , 6f82f6d8 , 76af30b9 , 7aebb2cc , 95481ce3 , 51b497a9 , 4ee8d4df , 6535326d , 78f1a40e , 8ba2ba00 , e64d54f1 , ead0bb62 , c9db3059 , 6622af97 , ab4838fe , cadcbcbd , 1a2ee4f9 , 6b720852 , 963b8c87 , f7f5ebce , ee3a932f , 2d3edb1c , 83c2274c , aceda010 , 8185b0d9 , 0d663ada , ebe82485 , 23f7610d , 0d000b46 , da30cc01 , f754b796 , 3ee9e87e , 26f7fa26 , d942a6a7 , 8e01a13d , 4597c853 , af0a2047 , 4853d917 , 1f657952 , e30226d0 , dc44c61b , 4de9970d , a9a4f511 , 6bc61a2b , 93d4e980 , d2cd248f , fed5568c , 9d0e7f63 , d32dbfa7 , eb4cfb52 , 82af5e61 , c19904fd , f4143be7 , 1fb02df8 , 54a2ca52 , e5323ea8 , 33adf25e , ab3e609b , 82b78ba9 , 4f5a504c , 4c4d12b8 , a4d376d8 , 058b56ae , 6e62f7e1 , deb779f7 , c0eff9f1 , 4a7bade8 , 059e8d03 , 1db9c027 , 8ed22fba , 66e189dd , 78fe557a , 06752d6b , d903a436 , cca439e5 , 7a3eb426 , 6465b479 , fb992a3b , 812cc9aa , 32e689b8 , a00a0bd2 , 06ea1afb , 080b91a4 , 7eac468e , 0ac9ecfa , aacbd593 , 11903b7b , 255656dd , 5314efb7 , 50034a82 , ec851a83 , e7dbda71 , d82315f4 , cf0fac15 , 681ee64e , be69dabc , f40a22ba , a27149e6 , 70ba07a3 , 6ef4ef67 , 6c8dc850 , 29d684ff , 0883f6fe , 5c8eef9b , 6eaad84f , 500e55d8 , 1ea16ace , c5da8ca0 , c8a41da3 , 82644cc3 , a137291a , 92649c06 , 68f9d4a0 , e85398b7 , 5cff9e33 , 6c8d3de3 , 34f4cbf3 , 086cd159 , 219a9a0a , c877e617 , aca1b12c , 492037b5 , 8e0a4e9e , a85d12be , 34fd28a3 , 3d9cabfd , 9f990068 , b693bbf4 , 802d8a89 , f27d3746 , 9097fe70 , 72ae8af7 , 9db59c2e , 6c43dec0 , c61f24e0 , 7fd2a020 , 88ae2c2a , fa700c95 , bb846558 , 9d28bb5a , 46b5c3b6 , fafadd2f , 8b5b5951 , b5c420ec , 5d227ff5 , a16070f4 , 89bd5623 , 5588c211 , afc9e3a2 , 66819226 , 4ec773d5 , 0504b55c , 78754162 , 71499ba2 , 5af31f8a , 719d27fe , 83cd4f93 , 2ab4fb1a , e2adcb34 , c37fc327 , 02b2d970 , 29e83fc1 , 0a8d8aa2 , 767d8a07 , ed2a851c , a3f18d53 , 95a8e1bb , 6618a9a3 , 3b6cfc79","e8d3f891 , c74220e1 , 9ea21f96 , a8355139 , fe76ac51 , 9390c963 , 2edc2ce6 , 6af1069e , 61134b6e , 53afef05 , 63215e5d , 965d36bd , f9c78662 , a8d9ed08 , 11d91096 , a9481cb6 , 98853336 , c60eee35 , 6e0f16ea , 9e143d4b , 4a579545 , c2e6dd08 , 48d292ca , eec4e4c1 , c0ec8d96 , 15dbe279 , c92859f5 , 3a07c2d5 , f58a57df , 5d294baf , 0006e8dc , 6b35532c , 845a05e7 , 2d097327 , a5f30fed , 47f9180f , 3768652d , a90fc461 , 4177ecc3 , 0a8a2acb , f7f224de , 0ef9f8c9 , 8825c212 , 9c88a4bc , a3c774f5 , 201f5e1a , 364f5acd , c10a515b , 92d1e546 , 32530baa , cc3a957c , 9166fab2 , e738fe45 , e09c8a24 , 817c7c30 , dabba66a , 1fa59611 , c123cfd7 , c6b11851 , 13b9543c , f5386f04 , bb08bc78 , e7cc3236 , 5d9370f4 , c4aa4ac9 , 86c6b021 , 93f97c76 , a47c25ec , ec7fa1ab , 3167d44c , 4c825161 , c841fde1 , 8a44884d , 7f07323d , 7d38a9f0 , bff31063 , 72460834 , e423c38b , 8b3a0cf3 , 77cdebb1 , 036d28be , e7a2b05a , 6deba2a8 , db368ad4 , 50e2f34a , 82922011 , 1b956df1 , 5debbeef , 51ef3039 , 46f70ad6 , 305d64cf , 09a11d2c , c3be2b41 , 8f4fd423 , 20de722d , 91f623a1 , ea67154b , c3349da3 , 3cbe4873 , 11b451e7 , fb2cf819 , 02751fa8 , 2adf321c , ad6b59a2 , 0239b085 , 749d1b79 , 68631ed5 , aa3c2a74 , 356d41ec , e4f91d9a , f0e3b62e , 00a6b24f , 82b19de8 , 4b4037b8 , 70c9f541 , 3ed3115e , ae78e31e , d2cf72dc , a4ad2b2f , bc1d716c , e37bbfce , e34c34ef , d919b645","90052996 , a81f0ed2 , 7ac5f1b1 , 102b3fbb , c9a9fbf4 , edc1b1bb , 8b44791c , deb779f7 , 9d95ba39 , dbb9339a","482e8bc3","deb779f7","","",
"FC(T)","DISPOSABLE BAG FOR FILING (WITH TIE)","165.00","","4/1/2026","2","5","e8d3f891 , c74220e1 , 255e0c51 , 316b5b91 , 7bdbc0de , 9ea21f96 , a8355139 , fe76ac51 , 9390c963 , 2edc2ce6 , 2db00c88 , 3b7fe1f3 , eeea5d8f , 61134b6e , 58bde657 , 53afef05 , 5c550709 , 54b4a059 , d71a3631 , 50e437c3 , 63215e5d , 01b6961f , 965d36bd , f9c78662 , a8d9ed08 , 5b7a144b , 11d91096 , fcd67af9 , 7c9d76a0 , 724fb4c7 , a9481cb6 , d24f6f4d , f527cbf2 , acb7c154 , c29dbcaa , c60eee35 , 6e0f16ea , 9e143d4b , bbdaa0b2 , 09ee11bb , 1d07b660 , a3f24bcb , 86116713 , 4a579545 , c2e6dd08 , 48d292ca , 3a8329da , eec4e4c1 , dadefe8c , c0ec8d96 , 14584897 , 976b7b08 , f554f591 , e88f2bc5 , 65c99d73 , c92859f5 , fdfaa8df , 3a07c2d5 , 1fe480b7 , f58a57df , 49ca7547 , 921fd727 , 5d294baf , 9d7bcb13 , ff763737 , f751b014 , 0006e8dc , 6b35532c , 845a05e7 , a5f30fed , a1f461ec , 3bde29c4 , 3768652d , a90fc461 , 8ff17995 , 4177ecc3 , 4054b94f , c7c921a4 , 7343f090 , 1f8b6d30 , c02ea0e3 , 2731b380 , 0a8a2acb , 8cc08ced , f7f224de , ae15c4a9 , 2270acdc , 5369fd38 , 812ba31c , 3a4e93fb , 0ef9f8c9 , 8825c212 , ec109335 , a3c774f5 , 364f5acd , c10a515b , 179de4e2 , 32530baa , ac377970 , 6c553ea4 , 38ddbca5 , dd471c4b , 9166fab2 , e738fe45 , e09c8a24 , c9a9fbf4 , 9b31845c , e55c41b6 , 817c7c30 , 15274080 , 2dec7dfc , dabba66a , b3c38e80 , 9c13e253 , 7210396c , 1fa59611 , c123cfd7 , 13b9543c , 895d4b9f , a0ef0f99 , 6f01f701 , 82230390 , bb08bc78 , e7cc3236 , 6f959ac4 , 5d9370f4 , 8e0fccc1 , 2ff9cc2a , e6d154ea , 4a3b523f , 106bfd37 , 892a7ab7 , 946bd1f1 , 9402b4d8 , c4aa4ac9 , 86c6b021 , 93f97c76 , a47c25ec , f51da305 , 22acff09 , 3167d44c , 5ca0f25d , b57f052e , 4c825161 , c841fde1 , 8a44884d , 93cb9bdd , 7f07323d , 26a82e8a , 7d38a9f0 , bff31063 , 72460834 , e423c38b , 8b3a0cf3 , 77cdebb1 , 036d28be , 4cb5e4be , 59d9c04f , 0cc0c2d1 , bdc95ac4 , c4b64e12 , c477d747 , 6bec843a , 278686a1 , e7a2b05a , 6deba2a8 , 8b44791c , c7b335e5 , 4b46977a , c4b3b375 , 600bd185 , 43ffa0e7 , db368ad4 , 49912fa4 , f05d2395 , 0cc9c144 , 1c9ae42d , e032f954 , 50e2f34a , 33e273eb , dbba1a6f , 08c34f4c , 1b956df1 , 5debbeef , a554edc4 , 2ae22ee4 , 036c4220 , 8612f9d0 , 51ef3039 , 46f70ad6 , 305d64cf , 09a11d2c , c3be2b41 , 8f4fd423 , 06bbb28e , 4b262b4b , db35f13f , 7bd4096b , fb641b75 , 91f623a1 , 6e80049b , 1492bd77 , 53f1c75b , 5a4c2f77 , c3349da3 , 11b451e7 , fb2cf819 , 88172c08 , 02751fa8 , fb92cd8b , 0a135dcd , 2adf321c , ad6b59a2 , ad2815ca , 0239b085 , 749d1b79 , 31baf25f , 9d95ba39 , f5be2f1c , 68631ed5 , aa3c2a74 , e4f91d9a , f0e3b62e , 00a6b24f , 82b19de8 , b1a8af86 , 1496a622 , 10657047 , 8aa71c25 , dd36eab3 , 4b4037b8 , 70c9f541 , 1dfded0d , c3fc61db , dbb9339a , 6c258592 , b4771a50 , 3d7564cb , f8d29fa3 , 949e78fc , 96b7a1dd , 52d51ff7 , dbc7e9d0 , 30e5ede8 , d919b645 , ada6a45a , ece9fb66 , d8809866","0b513316 , 833387ce , 09f330ac , ed875412 , ef87d578 , bd57e0e1 , 63030dcd , 7ac5f1b1 , bfe0ca74 , 9e631fbf , 36951868 , 25cc8476 , 325c02ac , 1ec5ec82 , 102b3fbb , 9a229c09 , 28d5ac42 , 6458b959 , 23167118 , 779ff11e , ef5093ff , deea0e07 , 2ba32d24 , 151e9be4 , 19ed2f48 , df500859 , 452a811f , 16445da2 , 306826ca , 785ea6ff , 64d4e777 , 6f82f6d8 , f7f5ebce , ee3a932f , ebe82485 , d942a6a7 , a1270223 , 4de9970d , 93d4e980 , fed5568c , 9d0e7f63 , 82af5e61 , c19904fd , e5323ea8 , ab977836 , 33adf25e , ab3e609b , 4c4d12b8 , 6e62f7e1 , b274d04a , deb779f7 , c0eff9f1 , 78fe557a , 06752d6b , 6465b479 , 06ea1afb , 381f80a8 , 7eac468e , 0ac9ecfa , f32bb923 , 255656dd , 5314efb7 , ec851a83 , fddd69f7 , d82315f4 , cf0fac15 , 681ee64e , 6ef4ef67 , 6c8dc850 , 29d684ff , 0883f6fe , 7d9b613e , c5da8ca0 , a137291a , fdb07336 , 68f9d4a0 , 5cff9e33 , 9f990068 , f53c003d , cc82f6dc , 5588c211 , 78754162 , 719d27fe , e2adcb34 , f7ebbbda , 0a8d8aa2 , 243ee2fb , 771c8896 , 3b6cfc79","5c7e91b1 , cded1ceb , e315512d , 98853336 , a2e36737 , 9bbf645a , 201f5e1a , 20de722d , b693bbf4 , bbe28e1f","a81f0ed2 , deb779f7 , 3cbe4873","ca95e8f0","","",
"CDC50D4P","DISPOSABLE TYPE CENTRALIZED DC FOR 4 POLISHING","180,000.00","","4/1/2026","19","22","","5be97c4f","","","","","",
"SM~50","SUCTION MOTOR 0.5HP 2800RPM","7,200.00","RAHUL","2/10/2026","2","4","6acc3ffe , b5d15d16 , e79c884a , dc60265b , fc159712 , d1b44b1f , db147dc2 , a79616d6 , f86d7d7d , 973203a1 , 40365d4b , aaea69ce , 2e2bda9d , a26a4b9a , 1d4c4d70","fda9b17e , 6f3369d2 , a4bebd57","","","","","",
"RM1.5","REPARING CHARGES FOR 1.5HP MOTOR","3,500.00","","4/1/2026","8","12","226c4694 , d78aa7bb , e7026b05 , 990c7af9 , b6d12e68 , 07013ce4 , 5a749b0a , 968c5986","fc698658","","","","","",
"MK~0.5","MOTOR KEY FOR 0.5HP","50.00","","4/1/2026","5","6","b23bc78f","","","","","","",
"FB~28OSS","HAND FILING OPEN TABLE WITHOUT VACUUM","21,500.00","","4/1/2026","4","6","bb7e87e1 , c2b04f71","25596cc3","","","","","",
"HMS~ 202 X 100 (SS)","HOOD MESH STAINLESS STEEL (202mm X 100mm)","1,850.00","","4/1/2026","4","6","d8fe0a30 , a98652f0 , bfa21c7b , 096f352b , bc6af363 , 4ad411b3 , de7a0016 , b239f756 , e7d7866f , 708f2bc5 , 87104a40 , dc247dcd , 5e1f63e2","dc55f8d6 , 6f113e44 , 4798d65e , cf89bf6a , a6fedca9","4ad14581 , 6a36ced1 , 9196a96e","","","","",
"OAS150","OUTLET ASSEMBLY INSTALLATION (SPONGE)","1,200.00","","4/1/2026","2","4","872d8149 , f7bd6933 , 77080bc5","d5f9bddd , 056f327d","","c68ad1e9 , 9cafd3ae","","","",
"FILTER MESH (SIZE 9in X 15in)","FM~9x15","190.00","","4/1/2026","8","10","6a460ea4","cd60bda3 , e0667048 , b5dae5db , fbbcb408 , b737d556 , 8ef99ee5 , 1548d7f9 , d321970e , 3381f07d , 8ef8ba63 , fa55e083","5ab35f2f , ddb7dd81 , 09f4c3f4 , 142fae38","f34d6278 , b6286123 , e40cd1f7","","","",
"WMSGW16i","Mesh for SGW (16 inch)","450.00","","4/1/2026","8","12","9bfd92ba , b9da074c , a95e4655 , 88a8d541 , 247972c4 , d1c72182 , 50c2e10b , 23376b34 , ef906fc0 , 81062bec , 58c3f5d8 , 8d055601 , 6027407c , a441c2e2 , bd9c370d , e5735ae5 , 17d28ce0 , ac18dfc3 , 1be06f2e , be6f5237 , 778e65cc , c40d5a7f","68fbbd40 , 08b5fdda , 58ca4bd8 , ca7d6f5b , fa2ab411 , f823adbd , 58c3f5d8 , 23855a71","dccd64c5 , 9e50d52e , f0f6502b , 7d482d47","9aa1b387 , 32d868ef","","","ed88cab6",
"C50OA","5HP CENTRALIZED OUTLET ASSEMBLY","1,200.00","","4/1/2026","5","9","f6f734fc , 42ff0f72 , e9d465bf","","","","","","",
"CDCPA17i","17INCH HOOD,MOTOR,TABLE,DUCTING FOR POLISHING CENTRALIZED DC","29,500.00","","4/1/2026","2","6","5be97c4f","","","","","","",
"CDC50D6F","DISPOSABLE TYPE ( CENTRALIZED DC FOR 6 FILING )","268,000.00","","4/1/2026","14","18","c87f477c , f686f7b1 , 9cbff1cd","","","5be97c4f","","","",
"SCTP","SERVICE CHARGES FOR POLISHING","2,500.00","","4/1/2026","11","12","7665cde5 , b1a66cfb","3ba0eac4","b71f42c1","","","","",
"HTMG15i","HOOD TABLE MOTOR FOR GRINDING (15inch)","22,000.00","","4/1/2026","10","30","8129582f","","","","","","",
"WFT~30S","WET FILING TABLE WITH SUCTION","57,000.00","","4/1/2026","9","14","f52f288e , 6820c215 , a17ad546 , f92642de , a6f8ce9d , d70a2bd5 , 1162f537 , 0be6ab20 , c6a1e31b , 6d411046 , 60b89f66 , 7a8327a1 , 0a135098 , 8c2f5ef7 , 1764da9a , 8b44dda0 , 3ff54979 , 5bb0f085 , cc9ad3c8 , ca70c700 , b06c025b , 29626eba , e2b7c006 , 34b2af80 , 9cd43fcc , 7f1bd9c5 , 5b68dbf2 , 712483b8 , dac66fc3 , cf831fe9 , eb016d77 , 0c0ffc08 , 5dcb9d84 , 19e3e3c2 , b7a62a1f , 50bb33cd , 5ec04ce7 , 75da4aa1 , 820b0ff0 , 7786849b , b6c1bcf3 , 0c6085a1 , 1944f5cd , 20bf7e50 , f4e4158f , 51bb226f , c62256de , 80eb9b36 , 4426f0ea , 60ef34d8 , 0b238c8f , 109b8c59 , e43ac24c , 27f44dd3 , 76ec058e , 31d472d5 , 0e5a4930 , 0e027abc , 653a28c0 , 55e6fade , 6e3336d0 , 747c8160 , fa192013 , 58c29fca , 8978c137 , a05b17b4 , f3d0a28b , 80679aef , 487efb0a , 9f14e9a0 , e66999cf , bd89ebfe , c3af4f4a , d7e29e9b , 5627bd5c , de56d490 , 6e5b9eb2 , 1df9bfad , babfd232 , 253020a6 , ecd5ca99 , d1451d96 , 565aab2d , 6bb34732 , a376cd2d , 5f6de758 , 81b3c6fd , ac90a21c , ec657eba , 2ec2765e , 2de2b736 , bef388c3 , de91fa41 , 536d9dd2 , 78dfb9a9 , 03ae25fb , 2686cdda , 732f3e94 , 1a27ce37 , 432ec271 , 55d18ef8 , 2e80e0b1 , 333f703e , f59d8c14 , 894b9bd5 , 59f99155 , 071a1ca1 , eb6920fa , 88845b38 , 20466fa3 , c8d36734 , 6db4dce7 , 3ac97f22 , 599beb12 , 00dfef93 , d70a61ec , fd21ae4a , 2e739c63 , ab532487 , 07f3522d , 5a3fb00a , 85750b5a , e4ae6b13 , fad355ac , 9956807f , af67b207 , a71d8eb6 , 42c93b51 , 626b759b , 0cd70118 , 21a13d3d , f65ddaf9 , 9bd44ac6 , b0251f14 , 69fd5d1b , 171bd9bc , 77805106 , 85613120 , 158fb32f , f854ae58 , ed3b479b , 5a970a91 , 47b3cb46 , 0c968733 , 55bd4b68 , 98a8b183 , 556a0771 , 850dda90 , 800a43d7 , 15118cc5 , ee8f7601 , b364a6c7 , 61b2ad6d , 2fa49adc , aac9c0f9 , 291e9e10 , be82d480 , fef137b9 , bea81903 , f7560d0a , bf751b97 , f940d0cf , d86d53cd , 88efbf96 , 9d6b5779 , 559a77b9 , f196a4a7 , c9dc93c7 , b3f9515c , 17a52e7e , fdd1910e , 0396df4a , 867e493d , 32103684 , 5d72027e , 1944947f , ec07fa26 , e316b144 , cfe38958 , a1bf204f , b88f032c , e6d70162 , acde4ab6 , 57a9dcb7 , 5e043ac9 , f5b493b8 , 33de7990 , d4c3ed1a , 6b601cb8 , fbf3b662 , 835324c7 , 1251cf04 , 3656c3ca , 757cc306 , b42c6207 , 7c2e8172 , 2d40fdfb , 13130087 , 8412a7d6 , 8dc2b835 , 451d1e04 , 18ebbbca , 31dd2d14 , d82ff8f5 , 20f77e92 , 8f91d45b , 33d2af8a , f8bb3d3b , f4662a7b , 721e075a , 2f29ed2c , a2be9280 , d5ea419d , 09399f38 , 5314ccd7 , a20488a3 , b7060db7 , 5a6f039f , 36078ed4 , c7072f3a , 12692fc3 , 69c5b128 , 780cfdbe , 2a6fbcab , efa389ee , 5ad01da3 , f7a15f65 , 5b7ba880 , 1537365d , b31256c1 , 202d1450 , a77d40ee , 4d5ec67d , 42c33a65 , ac95dd6e , d857b257 , 6d383a89 , b68b4fb0 , c1d8aab3 , e64dafd9 , f8182623 , c86b0f7e , 3890476b , f9218855 , a6aab33c , d4f814f3 , a04a2db0 , ac5c523b , 76411596 , 76c9828d , ad18ac56 , 4c89f7e5 , 26c7d49f , 5ae2b086 , 5b9d9dd8 , 23fc6713 , f2a81ede , b1a159f2 , 8aa4838c , eb7364a2 , d939c8ed , 59da3a98 , e449bebc , cddf0f7e , 849000fb , c32f6fe9 , 30c0badc , c7f7512b , c210bd79 , 14951e8a , c884e03b , e7585f65 , 9cb06863 , e4321505 , c2972ea9 , e988cdc1 , 52ff4a47 , d2cddf6a , 080f83e8 , 7d499534 , fbd65d9c , 0f4978c3 , 0013b22e , 3e1044cc , 11e231cd , e42626a9 , 0469991d , 7640f8d0 , 2ccf91a9 , 330fb688 , 1f226c38 , 5f7e1ff0 , 41adab64 , e3902df0 , 47551c82 , d4bb628c , cfda758d , 292c281f , 10df4e08 , de9f35c9 , 9d165f98 , 819b97c0 , 433f0624 , 7aad1e3f , fa21e3f7 , 18192eec , fdd45a36 , b08efa39 , f8c1f81a , bddf74cd , 9be1488e , 74d35c85 , 1fe51fa8 , 18c6ae34 , 2adb0195 , e5fe140e , 03ea3565 , 839026d2 , fcbba080 , 14e4c288 , 5d9cad72 , 6f572b41 , 99e4afac , ae85a1cf , 83441d5e , e9bb9b13 , 6b14438b , 97d90651 , e765f30c , 8ffcbc5f , 9de052b5 , 6a555c8e , 640a7b39 , ad7668d9 , ae452b4c , 71af3152 , 82c16d86 , 3de25293 , d31160c6 , c424a7f8 , 8a565538 , 03964c9e , c5030df0 , fcae2927 , cf78b4c4 , 50312fe3 , f259b24d , b7a37376 , 48eb60bb , a24f2891 , 21d17022 , 7e2da977 , 65c5b2b0 , affc298b , 1ff8e879 , 18b2d019 , 55c46720 , ef70a210 , d9132706 , adde3a35 , fdb113cd , 98ca3713 , 4f4fede1 , 3c919aa6 , 1846caa9 , 67aa9c2b , 39a243f3 , 2017797d , 12d626f2 , 439497ad , 69a6d1a0 , 04763a7d , 96f4282e , a908aabf , c91bfa01 , 3ea7ff2b , c4686781 , 690cdd78 , c63a6a8c , 03c4baa0 , c5d108f8 , 4d6745ab , 1cadaefc , 21a40aec , 7c5a9c2c , 01536a1b , cbbb3cb9 , 2066db55 , a15d4017 , 94a6e8f4 , caa8162d , 103c5746 , c841a57b , 316cb2a0 , d2df9091 , 2ecf3541 , 0be47c97 , 486fa076 , e8e03981 , 9b335e64 , 47e52a89 , c5ffb343 , af11f6d7 , 1ec72c93 , e5117b91 , 7c328b2d , 4578849b , 80d418c0 , 417c4c51 , 495943cc , 369c9d19 , f369e597 , b6a777b5 , 4fc562f3 , 86af9ed3 , b80b03db , 41cab08d , 523f6881 , 46584f8e , 682b116b , a8c3c712 , be3e3db5 , 5dfa40bc , 2dd12cc2 , 0cd95577 , 3116bec9 , c5c85e7c , 87b2501e , ff36fc99 , 01a06fc8 , 2835800d , cb212b1d , 90f3722f , e22760b9 , de8a1861 , 6ad5c3da , e9844e85 , 784e0c67 , d86a4eb0 , 4f3684c3 , bf9b36c6 , c1ce5b4b , ad56dab5 , 3014cbb2 , b4c9be98 , 6627a687 , bfb7b1aa , e39e9121 , ebc2ad27 , 4459838b , eecd7262 , b4349666 , 499ed53b , c0bc6d06 , 6bd6fe34 , 8e4d3ffa , 4b48da03 , ca8fa528 , fe7ec7b5 , a07abb0d , afe400d8 , 04968bbd , a03265a9 , 693445c7 , 753ae312 , 893c6df8 , b3c612cc , 631640ab , 188eb071 , 2126f0db , 9af69306 , 2be83677 , f381ce98 , 9a11f42d , a15472b3 , 2ff06023 , 7de2203f , 81225778 , 090170db , 8116007c , 2b6289a5 , 177cc00d , b4eb3347 , ab754cbb , 4f9acfb2 , f714f1ab , d41e1d89 , ba38e0af , dd850596 , b2f5363d , 9fc81c33 , 2e6ca01b , 16ddba1c , b5a301eb , 432defaa , f18a80e3 , 315519c0 , 047eafb9 , 75e28cf8 , 871f742c , 68b05afa , dc34044f , 0154d2d7 , d356e088 , 51f05e3e , 2132bd69 , 48426094 , 6bdaf9dc , a242b18c , 6f90865b , f009a8e9 , 53db1076 , 8c13670c , 0294a19d , aa8579cb , 8034feee , 15283c85 , 17356170 , 6dc47874 , 81b8c7d8 , bb61f2a2 , 7f3e20d1","5371b42a , 946677fa , b22e0dab , 56ae1f1c , 5e0455fc , 044b6d45 , b2802d20 , dcf8c9f6 , f4d6b069 , f079daf1 , 1fbc8e38 , cde0a5b6 , ba82013f , 768a47f0 , 562f5362 , 0c4525bc , 4e2977d7 , dfdb8856 , d308539c , 4f5fb7ff , a70f0af8 , c1d77ee8 , 4ca8cc9f , 8a50486c , 16a4e1b6 , fa5025ad , b3ebf329 , 9e68a090 , cc7b7999 , aec7c22d , ed816051 , ca8a2aeb , 9fb5a220 , 33a0701e , e2af0111 , 7b8f5838 , 6bcc53f8 , fdda9ec2 , eea306a3 , 4e2e23fb , 1dff843e , 477a54f1 , 67f688e9 , a0562ccd , 29a196b3 , beedd153 , 264f4e19 , 27b434d0 , 658f8206 , fbd65d9c , 5935d8d1 , 5347d533 , ea01aaa6 , 5ac5fd5f , 4ae45f69 , 6f688e44 , 98b4f643 , 8a565538 , 204be247 , 3d2fa2bd , d1c3f4e8 , c2586c32 , 31f2d4e0 , 20368ddb , a633f3eb , 053fc7a0 , 387f24b3 , 4576fbb0 , 9850d05f , 966557b1 , f139dc2c , 745d1017 , ad7eb028 , 044fb453 , a6a4d64f , 43d65a87 , 4071cb0c , dd854edd , da6dae09 , ccb0a8a2 , 36da1177 , b6fd0289 , 9091ecc3 , b96a6008 , e5cb17d1 , 32a5c174 , 9f23d593 , 65f007fc , d340f330 , 9f1bb6ee , 93df4e94 , c98b870d , b7103f00 , 418eb7d8 , 47c73619 , 8b92ed09 , fbf86ab1 , 83c30989 , b9cd1c76 , 3ef23dff , 5855ed8c , 132f19bf , 3e5dde69","a89c7f9a , c699c7d2 , 9c66c053 , 1aadf4ec , 539b3df9 , 743e0c2a , f66e064a , 1c3571a7 , 326af678 , 8056319e , dfc674a9 , 53359ad9 , 0f428321 , b1835c8f , 5262ab0e , fdb74c82 , 27d2379c , 34b80f53 , b00a9b63 , c0aa31b1 , eae00027 , 3dcff63e , 77348ac8 , e6b6adc0 , 37c84cd9 , 7bd7d6b2 , 9e5d3bba , 7afc3d23 , 19d81d81 , f2ecf352 , 871f00f5 , c0409f3a , 04299e3b , d977eff7 , b2f316f7 , 69b3a6ab , 6add082a , 37bb79fb , 9848302c , 49897aab , 052b6672 , a65925c5 , f7e0c220 , 79b40b9d , 363fb382 , 4f2fdf7c , 8b43ae89 , 99c37c74 , a2596c01 , e37e7506 , 342cb78d , 9a6a4d7a , 625e356f , 90d50f43 , be8e8073 , a1caef89 , 9a3fa7e4 , b5df942b , cba0bbf0 , 1fdf8fd2 , 25045fa6 , 7386df96 , c7189330 , 84b4391f , b2ca55d2 , 88f45aab , 349bc399 , 7b114005 , 9fc136fc , 3c7c5258 , 4a9bbe0c , 88ff8d3a , c22d3f13 , 25a1d449 , 279db5be , 31640007","6a35a60b , c537926d , dfa74a0a , b61dc3fb , 33c49cfb , e2dfbad9 , 4cd5f42f , 81e8cf38 , 9f336d44 , 85264d6b , 4cfff50c , 610a11f9 , 9577bb7e , cf7bb012 , 0a1fb7f1 , 60f59994 , 47cd7390 , d67b8129","5640f44a , 17609b28 , 789dc17c , 73ea3412 , ca77a9d7 , 6f8c8b23 , b8df3291 , 578ad05f , 8ddc7f9e , cdaf16e1 , ff4e9423 , 84b88d80","2bf9eaf1 , 9bb9df4f , 2cb088fe , 7b766b78 , 79b48fc3 , a065378d","7f79248b , 768a021e , 6e790f56 , 384a4e47 , fd2bd644",
"WF~30S","WET FILING UNIT","28,000.00","","4/1/2026","10","14","b74d1084 , f8bebb36 , 7b8b60cb , d0b28ea7 , acd15bfb , 1531beab , 2c8da556 , 0d2ed16f , de3b18b6 , 5f39c2e2 , 285ca91d , f2fcd7ef , cf479a8c","fb018d1c , 304a0ebd , 92f12139 , 05d3c321 , a5546cd3 , be95fbd1 , c5f71813 , d626d730","fade0597","","c37cc5b5 , d8b3b3d6","91eb4fa9","",
"FT~32BK (DUAL SUCTION POINT)","FILING TABLE WITH 0.75HP DC (32inch table)","53,500.00","","4/1/2026","15","22","e371e95e , c6e675a0 , db6b94dd","","","","","","",
"FB~30MS ( WITH MS TRAY )","HAND SETTING TABLE WITHOUT VACCUM","22,500.00","ABRAR","1/1/2026","15","18","84f15af7 , 0ae858ad , 5212d065 , e33c42d4 , 31303b90 , ad0b187a , ea6fc9ee , 3b2ab271 , dc932ce6 , 337c382e , 8b18411d , 9f0442b0 , e15bd641 , 430b2a47 , cfb951de , 04f523f0 , c15de2e3 , 006b3abe , cc7b7999 , aec7c22d , 8d0de579 , 7101e13e , c13cd24c , 97ec271a , 4bbe62e6 , 716dc703 , 236eb22c , df1ee95b , 7d8dd642 , 6d110f5e , 84c4280e , edcb3dd7 , f6eaf8cb , d54d08be , 6816525e , 4253ec69 , 964bbcfa , ec256aa8 , 469bfaf8 , 9960bbbf , dd681e90 , 538b4502 , 39828525 , d2f7d3f2 , 7632b941 , 088ceba6 , 5fcfee7c , 009ac881 , ee4a3716 , 5c9d9522 , 6752195d , 2f420994 , 7d410e13 , ad9a5c3d , 41f8c552 , ec048b7c , c6ba1e36 , d7f2c620 , d7c9470c , 1c070714 , 1a9e5b1b , 763a568e , 9230d7c3 , 897fff49 , aa6c3f0c , 51264b31 , 2533fc45 , cda02bc8 , 7a2cfdef , e9e6cb3c , 5218fa7d , 3da19ea1 , 8fe705e9 , 4deb8a31 , 42f69e27 , 65bd61a4 , 7e91be82 , 59848257 , 4b09d9c3 , d33505be , 9e74ec94 , b3f13b3c , 77028bf1 , 5dc414d6 , 3359b812 , 1b84d230 , 583fa603 , e59125c6 , 541bd638 , f83963ea , a4405b79 , ea06ab9f , 7031f041 , 33757638 , 9c617ee6 , 0ffa6c40 , 70804779 , 5ca19c0b , d83ea978 , 2d1519d0 , 6c07e1cf , 85342502 , ebf01c83 , 5cf9693b , 657b3bab , 25bfadab , c7de4926 , 36f5b28c , b39a2ee7 , b26772df , 21b6610b , 6c2d5d19 , e188fa4d , 4cc9f31a , 26cc7e9d , a2757cb5 , d37f9632 , 1bdaa172 , 382fda11 , 394db335 , 64813478 , 9100fd45 , c4960715 , 1087cddc , c5fdb879 , da0550b4 , 0152c6c9 , ed98bb4d , acd76911 , cf621883","c3990ab6 , 96e16db0 , d15091c9 , cb9d6132 , 4dbded93 , e111fe4f , 8a6f804b , dc54e6b3 , 536add14 , 5d0944d6 , 26a1423d , 55d18ef8 , 3460892e , 800143f2 , 288d6650 , ee82d713 , 73280358 , 391828ae , 2017896d , 831cc576 , ab02b1e6 , 2feb63d4 , b19c4c6b , 716dc703 , ec1a50c3 , 4c614b81 , e0177c74 , 65724cc8 , 26a2745d , c0234c93 , b5a18900 , 2dd718b2 , a5ebff1c , 4cb5882b , 65cc36dd , d727f5f9 , f4662a7b , 4b826b63 , 4639c513 , 8d30a8a4 , 0a3778a6 , 4e49e101 , 5973343e , 8afd1e41 , e3ea5e9b , 77b208a1 , b4d63f75 , fe9b9a11 , c24c7233 , 427b224d , 5b8021c7 , fbf09ee2 , 24908690 , 7fb5ffae , 23c59bcf , 8de2e1fb , 8aa4838c , 5dbc6f02 , cb0234ac , e522e2c6 , 9a389ecc , c4f82169 , f7fe8c3e , 7f5549ec , 8c99a7cb , e9ca5dbf , d363a560 , 1ec3fd3b , 80cbd814 , 44b4f3d3 , e98435d8 , dc99fce5 , 4be80d1e , f885192a , 36a8ba55 , 9eab398d , a536f257 , 9393d952 , 7265d251 , 75bbf1a4 , 0681cb4f , c9449971 , c7624a7d , 4f2fdf7c , 4f4fede1 , c6ec264f , edf7abc3 , 5fb2d281 , 406b562b , 82c27d92 , 47e471a3 , 3e7bb90f , beadbbcb , 89b3227e , 9aa849f6 , 8363ff0e , ff04969c , e0999e82 , 4aaaece7 , d120d7ed , c23c30d8 , e62edac0 , 84450083 , 338a65c9 , f5d5544f , b110b374 , b2a6f4da , 9703b78c , bef55d5e , 9a2e0bb6 , d734a7f2 , 420505ec , 24dae984 , 0b4cb911 , 867cdd73 , 6be2c957 , 439db94d , 4a928382 , 877cc255 , a8f2b6bb , 93b404b7 , 2bcf1f3d , 6caf6368 , 9ae3de94 , 39905d67 , 2fa859a4 , fa53621c , 81a82d69","a1265ed6 , cd4a113e , 528de361 , 0f6fdb68 , f997e205 , c77e4e25 , 25fc3948 , df7fc9b7 , fd533cf6 , fc530310 , 24c2fa3b , c64481dd , f2304b7a , 97d90651 , c588d762 , a8f07327 , baee9228 , c36f5c8e , 892837f4 , 9bb9df4f , ebbfad17 , 5a44eadc , 40f7db7a , 107db151 , 0b747ec6 , 9ffbe3ea , 439db94d , 1ef9c7b3 , 76447205 , 063fb5a7 , 5daf94a8 , 3ab87415","8056319e , d47d65e6 , 86ff5170 , e39887c8 , 4ca8cc9f , 8a50486c , dddeb7ae , 684cbac7 , 7bd7d6b2 , 9e5d3bba , de6181c8 , f10031d9 , d54de34e , 1a2c5804 , 3b8e4733 , e26e91b1 , 08a15539 , beedd153 , e4d04dcc , b80e6e84 , db71a55d , 578ad05f , cb4c608f , 8ddc7f9e , cdaf16e1 , 2017797d , f974c466 , 2cb088fe , d6f3e6e3 , bef55d5e , 6fec6eca , 9fc81c33 , 55783fe9 , 8ddcfd90 , 7e33501d","d7ac3af4 , 6a5eb4c2 , dfc917b5 , 16a4e1b6 , fa5025ad , b3ebf329 , 9e68a090 , 4a61cb98 , 9b173bba , df89b5cb , 120b0775 , 1fcfc374 , 4cd5f42f , e0f55179 , 7566044e , 1101d226 , 88a5517c , 8e83e12e , acd2b7d4 , 93e68c35","f346f21c , e9d92540 , 368836f5 , 15a0aa6e , eec098ce , 2fd1220c , b3d4f668 , 78f59c9d , 54087e5d , 56492a1a , 6e9dd304","f2f805ee , 4c13485d , 27e6f9e2 , 3287b7e6",
"MT~24V","MICRO SETTING TABLE WITH 0.5HP DC","34,000.00","","4/1/2026","100","200","","","","65ecd937","","","",
"HRL3i","HANDREST WITH LEATHER (3 INCH)","135.00","","4/1/2026","2","4","bccdbab0 , ff53bbd0 , c0b408ec , 808b5508 , 65dfbae3 , c1d1b401 , 16444f45 , a3ae15a6 , a4e1dd4b","eb4ce751","39a97daa , c3f1dcd7 , 8b0915ad","490e3bf2 , e213fff3","d616ce3e","","4fb385a6 , ad163249",
"GM~50 ( ROUND BAG TYPE )","0.5 HP DUST COLLECTOR (SINGLE SUCTION)","17,000.00","ABRAR","4/1/2026","10","12","34679cdc , 75965720 , 0818c2c0 , 0f645de9 , c03a40a2 , 784344bd , cd65d0a7 , d5268878 , 462e466c , 7b032cf3 , 264f4e19 , b711c420 , 48d74b21 , cb11e92a , 880b630c , 9a4571a1","47d13cde , 39142619 , 2c377eba , 8a2e1d5f","9c4b9dfc , ba66678d , d0338110 , 53db1076","05d80201 , aa62591f","bc8b65a3","","",
"MB~26","MICRO SETTING TABLE WITHOUT VACCUM","17,000.00","","4/1/2026","10","13","970890a0 , bfb0670e , b0fac2a4 , f82b186e , a8ff0375 , 693fa724 , 4cf7817e , e254dca5 , 85323406 , e9090d70 , 744c5835 , 004289ee , 6bc02451 , 968fd9bd , 720684cf , 561e06c1 , 0dfe0dec , 655baf61 , 35495493 , 3f61bdce , a1368eb6 , ad40c867 , a65e504f , 49124d70 , 9c401b36","42660bf6 , 569ae0bb , cdaf47ee , 9016e44f , 36107a91 , 25bca9c5 , f92230dd , bdc9555a , 7b73efb8 , 33b26676 , dc1c24d6 , e6f6cb04 , 9372cae7 , 3fe28b2c , 417c4c51 , 9c4aad0e , 2448adf9 , cc66f6b9","a6b68109 , c032f31a , fd2bd159 , c93df093 , 15ade2b3 , 7b300179 , f819087b , 4b230378 , bf78b4d2 , f3c07b83 , 2faf0628 , f6927f79 , 8ad19c03 , 36b80528 , 66a01e2a , 13635ae1","a454c014 , c3ba1ce1 , 75da4aa1 , 5fdd6dd3 , bb37ddca , fade0597 , 8d811196","8332ff78 , d308fcbc , 2fc41e3c , b982aaaa , 752a4aba , 45b1185f , ab10902a , da4f0d07 , 3fe8a1a7","ca9e3860 , 79fe6149","3ab4392d",
"CDC75H8F","7.5 HP CENTRALIZED DC FOR 8 FILING TABLE","305,000.00","","4/1/2026","15","19","44d49bb6","eabd0424 , 65de343f , d54c80bd , 4acee4c4 , 5cb44a41","8b0c0f8c","","","","",
"MT~24HB","Micro setting table with Dual Suction point(24inch Table)","43,000.00","","4/1/2026","18","22","fde01971 , 9ad8a203","fed65dd1","","","","","",
"FT~24MSV","FILING TABLE WITH 0.5HP DC (24inch table)","32,500.00","","4/1/2026","100","200","dc11979b","","","","","","",
"TP150~CO (ROUND CARTRIDGE AND FLAT HOOD)","TWO STN POLISHING MACHINE WITH 1.5 HP DC","78,000.00","","4/1/2026","10","19","f3dc2b1b , 3286b34f , 245e1b50 , e6d979a2 , c8d74f19 , e69dbdca , ef0fa586 , 8ca46bdc , 14faad83 , 83d8ccab , cf6cdd8a , 386eaabf , a1764e57 , 6c7cc41f , 0d340a28 , 0f52c1b8 , 8f0affad , 51abdc78 , 8207fd86 , c1270b2b , c9b0e4f5 , e4b6cbde , 0a5fc6bd , 565e05e3 , b6983f9e , 79ba5a9e , 55cfa6b6","d59ebe74 , e1fbd8b7 , d9f82543 , b2d36e71 , 49819366","","","","","",
"SI~150","SUCTION  IMPELLER 1.5HP","15,300.00","","4/1/2026","5","7","47165b3b , ac100170 , aae97f37 , 987ff3e3 , 71bdb7a9 , 5296e16f , db19edbd , 9fc49217 , 978f3a8f , e9b4ff14 , 15215c29 , e0d50cb0 , 0e4f49f5 , 27847984 , be3ffd46 , ead90ae0 , d1f6379a , 8381f8d8 , 0fe7968e , 179b432b , 61b74cc0","","","","","","",
"TP150~C2E (SINGLE BAG & FLAT TYPE HOOD)","TWO STN POLISHING MACHINE WITH 1.5 HP DC","78,000.00","","4/1/2026","15","20","024a89fd , dadb32f3 , d4931ef8 , 70bfccf7 , 2a99e150 , a1429aaa , cabc73e6 , cf30861f , 23260b68 , 15129876 , eae5094e , a902565a , 45232f03 , eeddfa84","cce29093","9fd0e654","","3645487f","","",
"SP~75HK ( DUAL SUCTION POINT )","DONT USE","45,000.00","SANDHYA","4/1/2026","100","200","8fccbe71 , 3bb6f621 , 8ce12528 , 7aa82de0 , 02faf670 , d7835b2a , 044be9bb , 8afe0c0d , 00d96e2a , 3ed60c6e , e2a2b0cd , 77cf497e , c5fd8093 , 9f5fa3bd , 7234a85f , 05f757ae , e2ae0833 , 75b1632b , 618989f4 , a79ace59 , e8554bd8 , 02f9dd1d , e6326874 , 3285e20c , b22e0dab , b20755fa , f1f77d49 , 56ae1f1c , 5e0455fc , 0bbca6df , 95623264 , cf8514a6 , 39df511a , 68551671 , 9a2a22f6 , c4830bf2 , ee88b196 , 21606d87 , 6bb3ea44 , 2486bfac , 83b9ea57 , c6ffd4f0 , d2149f39 , 953b5881 , 6c460111 , 2818f8c4 , 9838c536 , 7857b4e4 , 13e2eff9 , 8056319e , d4d1b888 , 01c7a1c6 , 97255755 , f25804a9 , cbb10441 , 25a2419f , 3a0235e2 , dfb0e6ad , 5efe0fb6 , cc786689 , eab7cde7 , 691e93ec , f56a7802 , 44f078b8 , 03c79199 , a6f96db4 , 77fc280b , 9e3d0aee , 9eef7fbd , 34179cdc","58b8a34c , b5210065 , abdc0b8c , 87dda0d0 , 82d65837 , a20520f6 , dbbca134 , a6b60a6b , 35dd8d2f , 1f787d9b , 4325760b , 1a412e50 , 19095ba2 , 5b68dbf2 , e0914c13 , b8b29863 , c43a674b , 75da4aa1 , 42afe5ad , dc382970 , 11a1c2eb , 60be41b2 , 6cf3bc67 , ecd58e30 , b0444279 , a39e36aa , 49e0c63b , 1ce9bd6c , 9d21e928 , b982aaaa , 65741d09 , 356bfacc , 3cc49893 , 2a097afc , c8834399 , ac27e67d , 5640f44a , f961a5bf , 87bdf6d5 , 16ab2ee1 , b43f1bdf , eeb7db6b , 2222bb7e , bd6cc7fd , f866d64f , 61bedf5e , 9f2fb187 , 934f4e2a , 06f06ecb , 3509c3c4 , a27e317a , 67606cb6 , 6a51e1c7","f9acc1ed , 1b1343f3 , 3f94414e , 93004048 , 3fb49867 , 17609b28 , c537926d , 50c586c8 , 562f5362 , a54b6f30 , 7c2e8172","bdeaef76 , d08d84d0 , eebdac26 , 85f8428f , 030c5d56 , 6e78ad09 , d3a17b26 , 55fbca9e , 16a4e1b6 , fa5025ad , b3ebf329 , 9e68a090 , a7bf9c6c , 2ad7362d","844d56de , ec11a571 , f93d3660","a5557419 , 13dc4579 , 2752501b , 59da856d , 1fdc6f5c","fc6df706",
"TP150~CH3 ( WITH DUAL SUCTION & PLASTIC BAG )","TWO STN POLISHING MACHINE WITH 1.5 HP DC","83,000.00","","4/1/2026","8","14","a1265ed6 , c1d23fe3 , 207ccdb0 , 12c31dc2 , b9dc0a0f , a454c014 , dec7fbd0 , a6b68109 , 8db30456 , 54a6c6b7 , 545fb251 , d08e46a9 , 79b743ec , b6c9d242 , 2d83ded4 , a140fc27 , 74b11dd1 , 457820ed , 13431598 , c032f31a , 84653b2e , 40a2cfec , 64963ea5 , 72995bdf , f66e064a , e420b3e6 , a9131be2 , 1dfddd43 , b354c554 , 3df1985a , 78e9f7d0 , b2d36751 , 84e21c7f , 6910558d , 2602497c , 7769aa32 , c3b3d422 , cb34aeb8 , ee82e37c , 19566c59 , f1553595 , b2802d20 , 3b675e8d , b4920905 , cf960c60 , febf6f01 , f6a80551 , 12a145df , 9b387c05 , b4ffe67b , 07157d07 , 74d165f4 , 3b5a7139 , c920cdcf , 708c283e , 6a5eb4c2 , 2ff561ae , d26e29c9 , 690ba5f3 , 8db9e9b6 , df7c3cfe , dfc674a9 , 9b4f38e7 , 8300201b , 045978bd , 244ba032 , caba12a3 , bcf781c6 , e49ea11b , 0da92e37 , 4a3759d6 , 05445af8 , ff15e498 , 56d76a14 , 8dcbf0db , 9eac36d7 , 03727d72 , d90862d0 , df742691 , 9f8a2df3 , 8dc3ff45 , f80ec0f1 , 3b8cfb5f , 8ec124fc , 3e3a24f2 , 6279ecbe , 3dc8da04 , fc6df706 , cc3070c9 , 38d541d0 , 90191614 , 6ea0f3ee , 37a089ab , d4b13a87 , f6609f6c , 94791b49 , ae38229b , 918a4c6b , f46b23a6 , f4d6b069 , 74fc1dc6 , f401d2f6 , 72e9d0fb , e02730c0 , fb654c86 , 4b165e2c , 3aa0ae18 , 64c8fa21 , 653f362e , d59a2bb8 , e2948173 , 9cbc0438 , b19c06c3 , 2f406233 , d5e8202f , 34bb9ab2 , 89937095 , bf0a60e6 , fa281cbd , 2222bb7e , 8b25e285 , bea1e977 , 23315a95 , 4a9d6720 , d361e630 , c2bdd8e5 , d3175e14 , c3ca2e24 , 9bc6c4e5 , 1b8e5298 , 85f4b2dd , 46a8cc97 , ac639aa7 , a5d03b09 , bead917b , fdb74c82 , 37810b04 , 4abf04ac , f4f88e0b , db322a3e , 02a5cdf1 , dfdb8856 , 34b80f53 , 73ea3412 , 87a021f7 , b00a9b63 , 251092c9 , 824ce167 , 0b5d5ac3 , c50ebe5b , fb58b0ae , 5fa34415 , a70f0af8 , 2c8c248b , 043ae96a , ee1cca8e , 9fb09058 , 882908ee , faca4179 , da08f9bf , 39187377 , bac76b83 , 6d0c9e98 , 3dcf76e5 , 9c64a0d5 , 6ffcef75 , c77e4e25 , a55faaf1 , 35dcdfce , 33c49cfb , 9bd52ab2 , 17d9add5 , 4f9ed147 , 30c8fa62 , 69ab65b3 , 8adc9bf3 , f78f4b97 , e83f97e0 , 5d1756e8 , c2e6bbab , e125af05 , c9ee80d0 , d1499a42 , 6d845bfe , 5fdd6dd3 , bb37bf21 , 0a297800 , ef24efb1 , 891ee466 , fa0e9b07 , d4705584 , da17b343 , c0beae06 , 512732bf , 1513f607 , 27826669 , 738b9ccb , 7bfd8a48 , 1e557afa , 19d81d81 , 1b6f9a0f , 1bbab7c6 , 92d1e546 , 441b7160 , 73e15b10 , e677a72e , d3fd51de , 2b9b9b8e , ef16e00e , 26d970f0 , cd3e82b7 , 40faffe9 , 984cb87c , 53a8ca1a , fdda9ec2 , c46b9b0b , cc86114b , bf307f4c , ac7ce454 , 203b8ce4 , 04c9cb17 , 6b5562b8 , 474d7a41 , e120abaa , e17b8455 , 9826b0db , a8b2ab9a , d013e84c , 9d029ab0 , 61b06cbb , e4d5db13 , 77c8a825 , d1e0929a , 706b93f9 , 305cd2a8 , 5ba34d00 , 20e7eccc , cf8d6233 , b902349f , e01be0a4 , 99350822 , 040fa229 , 04a1c3fb , 30a96bc8 , fd533cf6 , d0db0257 , e8677791 , d03c387d , 65753903 , 97a613a2 , 555d7f25 , 93f9f590 , 4241d4f7 , 14f701c6 , d0338110 , 30252237 , 899d6529 , 98e294c4 , 2e2ec732 , adf94b18 , d1f43916 , eea306a3 , 2a1edb1a , 7beba4b3 , 0b6b194c , 53ac1023 , 62577ff4 , 6dee2d98 , 846ed1ef , 327cb5b0 , 059feff8 , 7aca692e , 10b5ef5a , 64301854 , 22457ea7 , 43ae2ffb , 4b5ff513 , f1225720 , 8e6da56c , 945bcca9 , 9c4cfb76 , ccc0ce6e , 13b61143 , 2f3860b5 , 31bab17b , 658f8206 , d463ac9f , 06fd15cf , 0815d164 , c8190c83 , 1f437893 , cf36ae9b , 490858da , 85f1b06b , f38144bc , 7122bf65 , 3eb75868 , 01a02413 , 49d38f65 , b927521b , 4815b03a , 523f9939 , 211c6049 , 02f7e6dd , dc7ac044 , 527ccaf4 , 8a37347b , 40ca4264 , 11bff1a6 , 1e1b816e , b736f41e , 4a916fa7 , 939c5384 , 349bcc3c , 042f31e1 , 38563b35 , 7ec18bbb , 0f38523d , 7b5be15a , bb37ddca , ec0414ba , 20835999 , 710b6dbb , 29f8cc3d , 90dcb9e7 , 270c939d , baee9228 , 088c3658 , 5e8092f9 , fecbf994 , 23a3ced5 , a165284a , 47d7c794 , 2b03e608 , eca5fe81 , 9dd28b65 , bb0c5c6e , 27e6f9e2 , 363fb382 , f145140d , cb7981ba , 4ab6f8ff , 04eecaab , 99eec3e9 , f8988cc6 , e204dfc7 , 67e7e99e , 2ac45a09 , 2e9d28af , 9a5d0cb5 , 41f460cf , 2d8524f5 , 3140538b , 9f336d44 , 8f0bbfc1 , 14655173 , 8c9d5b33 , 7e0ed55f , e949ca4f , cd4aaad6 , b9ea6eba , 477de352 , 1a5d9234 , 4d8ccd32 , 7710f48c , 0e1f9e34 , 7ed80f37 , b82e6bf7 , cd997033 , 973812c9 , 25c0a92c , 044fb453 , 88a3b048 , b5537deb , d6015eef , 30c0c1e9 , 6247eb17 , 408e5efa , 7fcbe8aa , 5789e2f6 , c0fdf3da , 625e356f , a1caef89 , b5df942b , cba0bbf0 , 1fdf8fd2 , ae571a83 , 0f1528f8 , 05e33a14 , cb39a416 , 10712658 , 80f2bc77 , 5e137d67 , b699fbf7 , fad545af , 0e07830b , 862fd027 , 2753f38a , 98005292 , 01382af0 , f70fe641 , e550fa53 , ecea70ff , b7754ef1 , 9e494e4f , 349bc399 , 7b114005 , f3081457 , d167e243 , 232f44b5 , bc1f1749 , 1b33c9dc , d0847ece , 5fb0c084 , 4929b8c7 , fcc52ffa , fa2e5e70 , 6bbf350d , af4e774f , 46037233 , 6423b218 , 90654a7d , b7327240 , 8d051174 , c500115b , 4ad42d34 , 9bae9705 , 311c5379 , 669d729f , 15b611fc , fa48b973 , 1319e4d0 , 155f9711 , 3bd8717a , c30dcd1c , 45ec8534 , fcfbb465 , d31e8dbb , 04a4a8ba , 7667f7e3 , 96732895 , 80d4c66a , f51c65cd , fac1f402 , 05c3f862 , b24aa15e , 4a930fb3 , e207482b , 86eb05f2 , 40101174 , c75363c9 , 420505ec , 35ed3166 , 9ad4c388 , 0a1fb7f1 , 6d34d276 , f659c90a , e7adceab , c0b035cc , ce6aec11 , 415a2fb1 , d92800d4 , 5a75bb0d , 0339c918 , 634bcb72 , 6b1cc673 , 980cfca3 , 89a4edf2 , 51fde1d2 , 60f59994 , 1741e82a , 26ad278b , b648bc25 , 7890a05d , 03dd2628 , 88ff8d3a , 9f1bb6ee , 7ab11870 , 0a2bec37 , 429c88bd , 4403bb00 , 32ad3a9a , 14d3e289 , 6b249705 , 55d41204 , 81d19d5d , 498be1ab , e0b297b2 , 4e5bba2d , 06d8e43c , 26ba48c9 , 95ddd490 , ad0737d9 , 1a21a091 , bab979a6 , ec5c25b7 , f8ad24d7 , 4b2dbb15 , b7c19ec9 , c8827764 , 5a5c3cd3 , 82a92a70 , aada46cc , 71fed889 , 7cbd2356 , 95acef52 , 84cd262f , eef48b2c , e3b732f2 , f0aa82d8 , fbb5546a , 8d520aea , 0cd40737 , 9bcca01d , 9a19cd0e , 7d700152 , 302c0825 , 962f62da , bc55a103 , 814cc3f3 , 79c06754 , 4c3e27a1 , 21653fa3 , 4411ac1d , b3fa6982 , c2fd1fea , 51c798c7 , c7909ea0 , 9ebdb785 , 76447205 , 132f19bf , 01b0b165 , 583aaa6c , 385e79ed , 09bae16c , 7c08821e , f1363b10 , 03e19ccd , 71166ece , 8e5d6309 , 77bcd61c , 9dcb9288 , b2bf6037 , eebdfb10 , 7fbf4c00 , 585de4c7 , b19c69a1","600fc716 , 5685d873 , 01ba0350 , e33acfef , 5f27ec10 , 71a7ac1c , 04a553e4 , 0fde58e2 , 85f8428f , 6bb3ea44 , 2486bfac , b35f91ea , dbbfab0f , f7329c79 , d7ac3af4 , 39638efb , bccc78d4 , 8eec4121 , c9396607 , ec30abae , a5557419 , 326af678 , 60e0c74e , 229d3f24 , e593d5e5 , e76d624a , 12a1df0f , b93520d2 , a0aaad23 , 06d540f6 , e9db0f01 , 82c1ac56 , 6632627a , 924193f3 , 4962127d , 2abedff6 , 79513b95 , cf856a08 , 3f460e1f , 6d49ea65 , dda49c07 , ff23604f , c0789f87 , 166e2a29 , 1c2e8ad8 , 38a22172 , ca8c4138 , e88792f6 , b5e8ac16 , d38cf0eb , af2655dd , c479d728 , 3b90e10b , bc5bc84b , c6e7675d , 94c948c8 , 4a3874e7 , 264e475c , 167d5326 , ba20fd4d , 6268b404 , 9673ce0d , aa546a6c , 0bef556d , 9fbecc37 , 7aa69e3c , 2fdd81c7 , b9867fb6 , 014c8758 , 532902bd , 09e279b0 , e106c275 , 3f6d3d62 , 16eb985b , b430b404 , 188e84bf , 7abae7f8 , afab28be , c4ebd646 , 4f85c8e8 , 46129434 , f7840336 , 5a34c8b6 , aeaa1ca6 , 1b2f4b04 , 69602ea2 , ddaf4276 , 3fc5edb8 , 863cf9b7 , 0f428321 , 4807975b , 666968cd , 1e9e9f86 , 58c29fca , 0eb2087d , 42d79406 , bc06d539 , 42fa0e26 , 9f712f45 , 544dd2dd , 0cd77f17 , 5cf5207d , 5e43b9d2 , c47dcde1 , ff4f6728 , 34736673 , 5b62baa2 , 29effa70 , 9b9f74b4 , 7f8299cc , 986ca191 , 0803d2bc , 2fc51bf9 , 050e35e5 , 17609b28 , 789dc17c , 546c2698 , 2d6bb446 , c6183e6a , 47ed8ea3 , 20a88d41 , a1df5d79 , dfb1ab86 , 70034966 , 20d9183f , d7554872 , f26cc485 , 3f57ac76 , 5b804bb1 , 07be0cdb , 74a11530 , 453a2ac0 , 44f078b8 , 471c66e2 , 2bfda20b , 4e8225f1 , d5c997ff , 1e984f06 , cfa4e380 , a54b6f30 , 55fbca9e , 79af8bb5 , 3b2cf731 , 1178e5b8 , d949515e , c7fa075a , 842d76ce , 5258f645 , 7f572ba6 , c66dcd73 , c5c175b3 , 6999c7e2 , e7ed7a41 , 4ab458fc , 82845d62 , 79bddda8 , eee920d5 , 10cd6260 , c34a37d7 , d16a9e29 , 93399fc0 , aacef242 , d97af47b , bea81903 , 6ff5575e , 64e38fae , a58fe727 , dfaae0d5 , 563fc830 , ef7333ca , 6f9a92f0 , cefeb837 , e8436dcb , 372925a7 , 347ba8cf , c9dc93c7 , 5f294e7a , 27b4b71a , 45172b01 , d29415bb , c922c308 , ed0f57d4 , 012a3afb , 9434bac4 , 10a9e8d4 , 448e430c , f131d3a9 , f2b1ab6f , 7a260cde , 146990b3 , 6870d655 , d9db2392 , d10a870c , 98a15204 , a5e772a5 , 09c0d510 , fd654029 , cf2c3552 , d8312d0c , 0120d62c , b9e17694 , 995dc64d , 1a868322 , 787280f0 , 0777ee6b , fde67bcc , e4b4af73 , 7d4b5c56 , 9268efbc , cf09453c , 7b9c5d5c , 69d87a42 , 10578da1 , 9c2be8d7 , c2e58bf0 , 4b4c8d29 , 1b96412a , e65625a4 , 685f1b71 , 8dc2b835 , ca0974f6 , b21dc52e , 0c0f56e7 , fb20bd1b , 0d64819c , f068c3e9 , c9a54f82 , 721e075a , 9c742524 , 53bc530c , 1d518115 , df78818e , fbbda8da , 31b2fd25 , db75398b , f4c7355e , 20296383 , 998b12ff , e2c91fb2 , d97d4bcc , db7a7b7c , e46c25d1 , 3b8e4733 , 98d51a71 , 820c563d , f33ee7d4 , c6689b30 , c519c728 , f2e30602 , 1a4c7853 , b5bd4d0b , d18ef9d1 , 9d30a593 , 59fcce26 , b3d4f668 , 25ee2c64 , e30dea33 , c69464d0 , f02014b7 , 405f7db7 , a3a264db , 0391494f , f61fa907 , 78f59c9d , 1df6b096 , 89ca9912 , 5d57b732 , efb13df7 , 2105683c , 47705580 , 66d8ee8a , c915ded2 , 006579c3 , 6afad050 , 036e64bf , 6b6d9668 , c3c7c78c , 316996b0 , 491f9f67 , d2f8ebfe , 918d509f , 13659bde , 18b634bb , ebc83fe2 , d8662fc4 , de06310c , 71b6823b , dc53d888 , d87533f3 , 65a3bff5 , 34b6ede4 , 8207fd86 , 982e658c , 0a464992 , fa1b1829 , f22295a2 , 45e46bb0 , eddb6fa7 , c200f7bf , bc775f3d , 6ff77d89 , caae8b4f , 8c74bea3 , 8aaa552f , 1eca8053 , 414ed853 , 0b688162 , 1ddc780b , d93214f7 , fea17ae8 , 1b6c4608 , a5b4ccc5 , 41f8c552 , 0831fc09 , b401764d , 5aa02b5e , 064f4347 , 688731f8 , 2926221f , 1276e38e , c0f195ac , 7c1f4db2 , 10df4e08 , 9bf10e43 , b219c806 , cc230acd , 27b44d44 , 7b7deef7 , c795c426 , 4df58eab , b69f55a2 , e5b50034 , 58851341 , d3b8c7b7 , 1c09d90b , ce9094af , 4deb8a31 , b9718c9e , 58ee78aa , 71d9c01c , 6a4246bd , 8e5879ba , caa77470 , 26683053 , 7fe286c7 , 513fb57f , d13bd6e8 , 4cd5f42f , 3a9aacd8 , 56492a1a , 9262eaa1 , e069322e , f7e0c220 , b74ca401 , cfdab611 , d5b005f3 , 8e810a98 , 81cba832 , d44b1edb , 1cb1a7d5 , a2f200b7 , eedb6bfe , 0f1221c7 , 2521bf79 , 5bdf5803 , 2d3ae7da , 1cd2745a , bb0161bc , e1f21aa3 , ff4e9423 , dccf23e4 , cf4dd621 , cdcc3bc3 , a42f422e , fd6ef681 , 33bd527e , 384a4e47 , 486fa076 , 16aba657 , 6b86946c , c7c6f969 , fd2bd644 , 27f984ef , 90d50f43 , be8e8073 , 610a11f9 , 9577bb7e , ae6ab02a , 391a26d2 , 7d64043d , 0b0b51a5 , 25045fa6 , 2f0808a0 , b3c72268 , d8f12e40 , 548c3866 , c744e800 , 6b5dcb03 , dc930996 , 0cbca1a6 , 5794b23b , 5aca4dd3 , de5b992c , 8e589ccc , 84b4391f , f8161317 , 366d34c7 , 55f6216b , ad82dd10 , 2f5b0f8d , 5783df6c , 1391c00f , 6a4395ae , 10e45a61 , 40506232 , 39d1a94f , ad4fbde8 , f2f94380 , 7928f46c , 9c52e733 , 2f8c9592 , f24a51a8 , 2e2841c2 , 1e7967df , 991a0a53 , aaf92d09 , 253ed23d , a40a862a , 5170780a , 63bb8661 , 20d87401 , d6f3e6e3 , 377aae9f , 8265a9e4 , 7f18e89e , b000eb7c , 4f1b468d , 60c065bd , 629295fc , 57a24337 , a2422039 , 9cbb23d0 , 8c733c22 , cfcce7d5 , f94c6102 , cd689695 , 3eb0b5df , f3473f00 , c19592f2 , a23a0b77 , 35f81b91 , f4fd6e2e , eaa3c91b , 9c1dfaa2 , e28cd664 , c0c9ce31 , ee28839a , 3ad2eea5 , 3f297bb8 , b7aeadac , f5571817 , 14099507 , e7614aa5 , d23b3e3d , 7150a7af , f96d47e4 , e3f7d816 , 047eafb9 , 0a1039c4 , 3ea81a13 , 16b29f12 , b6afd5f8 , 0363ac49 , ae62d1cb , 9b054f93 , 3efec621 , c5b2349e , b7b58c95 , c95d18d7 , 00c6e8c6 , 21e062ae , c3d2565f , 1e2baa6c , c61fc951 , 02af00a1 , c552f120 , 3d098118 , c75abdbc , 8ddcfd90 , 28449cf9 , f69bf7f3 , 8ae83c76 , 68250196 , 2e58e466 , 0fc239b8 , e11ec3c3 , 43f460e7 , e77a2533 , cab66e33 , f03535b9 , ee0b7031 , ec15c75c , 7a29d82d , aa5165e9 , 3fc20662 , fbb23398 , fc4d1b6d , eaec1b75 , cac173dc","f020e821 , 90b7f7f0 , d08d84d0 , 4ee94a80 , 0bf51db5 , 5defd66d , daadde89 , d2149f39 , dde186eb , 5e1b4e86 , 9f1d6573 , 79e4d442 , 13e2eff9 , b6afd32a , 56ba0055 , 9be30b79 , 658bdbb4 , 37165590 , 4b5b1245 , 31d472d5 , 0e5a4930 , 80b6c351 , 4b2b0a24 , abe62693 , 07511d7d , 38fc6502 , e32cb419 , 616a4df0 , 7d9ecea8 , 32d4e258 , 62d319f4 , b9cf88a4 , 33007c06 , 6f08b6ec , df89b5cb , 4c722af3 , c3d463d9 , a7c5a6a2 , 84a025f1 , 083264a8 , eb9dfc5c , fd8eedcb , 269e3c67 , 26e2e301 , b7aaa2d2 , 3061ad7c , 0a845a59 , a6e7b137 , bf3bcd01 , d4bf26aa , c2b835e0 , 09b36d52 , 4df2afc8 , c9491ee5 , 3c17708b , 2d4a0677 , 50d84ab8 , 54087e5d , 23348f07 , f6dd6159 , cf3519a4 , e6300ef0 , 0d77a984 , b64ee777 , 6ad5e684 , de913b60 , 5b01a81d , d30559b3 , 8db3e13e , 96b5f29c , de1a386e , 7ffe298f , d2d6856f , 89e70b17 , 3855de2c , 3b7cf1cb , 0e0fdc12 , e8ae21f2 , bae9e177 , 06a37bc3 , fb7a61c1 , bd5a22b7 , 6e9dd304 , 4fdc860b , 95d7aed9 , 7b766b78 , f2fcd7ef , e7be6c4d , 87dc7bac , d00ad9c0 , e711de19 , c2776dc4 , da65c6a4 , 94a878b8 , cf98726f , c727ee21 , aec60487 , 84d46cc1 , 79b48fc3 , 08b6f492 , eace18f0 , 075748cc , 1ec687f6 , dffed821 , 93e68c35 , f8240127 , e5ef489e , b16479e7 , ac7511cb , b6c70ec5","8b044a0a , 0d88dad8 , d5004d6d , 01c7a1c6 , 163556fd , c3c2afe4 , d5d9b320 , 60e1a0d0 , 44ccab7a , eb459270 , b43f1bdf , eeb7db6b , 61bedf5e , 91f20170 , 885ee63f , 0146dc01 , a8a03d6f , 15118cc5 , baf06ecc , e2a3a9c2 , f072a582 , e137b9ac , 8d48119e , 9c42513e , 879f736d , 2a38d7c3 , 5b8021c7 , 5289496c , b07574ed , 1e30699e , b9ad912d , 59da856d , 1fdc6f5c , 288651ff , 1a0538b0 , 74ff3057 , c4260470 , 7b676a93 , 3645487f , 9b335e64 , fffc9090 , 23b4e8f4 , 5cf288e3 , 79fe6149 , 88d6736c , c21b6dd8 , 45ce16b3 , d8233bc1 , 498a4285 , 9043cc9c , b4349666 , e01f7796 , 2bf1d3d0 , f5a5851e , 9c8735ad , 846d5439 , 25b322fb , 5efde2b7 , 70b2bc72 , 8ee68f0c , abd1081e , e5cb17d1 , 3c7c5258 , 14099507 , e55eda36 , 418eb7d8 , 47c73619 , d07c58f7 , 2a9170f7 , d9649e94 , a6de2144 , faffdcf0 , e27a793d , 658a6a32 , 1aee8da7","a89c7f9a , c699c7d2 , 9c66c053 , 1aadf4ec , 1c3571a7 , 6c57acaa , 4ff1caa2 , 05bc5169 , b1835c8f , d70a61ec , 4c13485d , ddc82128 , deb37342 , 09399f38 , d2077233 , 871f00f5 , 04299e3b , d977eff7 , 0a8ce60e , 3e1d9c11 , 639fe428 , a82eda91 , f6fa8c34 , bae1babd , e638c489 , 9ae3de94 , d82e2bf4","3127ac72 , 701bc672 , 7e89cb86 , 030c5d56 , 6e78ad09 , dc54e6b3 , d3a17b26 , 884e89a1 , f3ea289c , 36a8ba55 , 3fe28b2c , ada544c3 , 9b4f3f83 , 6ed65292","f93d3660 , 7c92ad0e , cd380338 , e8347c64 , 5a44eadc , 40f7db7a , 1a36e57e , 120d9de1",
"RCPM~75","REPAIRING CHARGES FOR POLISHER MOTOR 0.75HP 2800RPM","3,750.00","","4/1/2026","","","e907b0cc , df721341 , e08133e3","","","","","","",
"CMB30","CLOSURE TRANSPARENT FOR MICRO SETTING","450.00","NASEEM","4/1/2026","10","20","e4cd3fd9","ee49f641","7ee62e08 , 10e0d97c","","","","",
"ICHG","INSTALLATION CHARGES FOR HAND GLOVES","220.00","","4/1/2026","10","20","1fc2d465","44d49bb6 , 8094decc , 7ad2802f , 8745472b , bdf9b70a , 029141da","","b0ac0d4d","391b7c34","","",
"IHB(TP)","IMPELLER HUB WITH BALANCING","3,450.00","","4/1/2026","2","6","0929836e , 72ec78b8 , 18a9e7af , 3557c6b9 , bc422f66 , 3a4044ad , 2e29c18d , 9fbe1dcd , 103b2ed8 , 8aca102d , 1e52b77f , acdce719 , ce8c2398 , 0dbe6bc1 , 1d759a0b , 73de9c37 , f5600d8e , 4b90fb6e , 6fe9b684 , 6b278e6b , 68556a1a , 01bd5ef0 , aac49142 , 8cdd34e8 , 290e12d0 , e7b1f5e6 , 29c73785 , 6c7b07b3 , d632f775 , ffd0dea3 , 34fa970a , f8701dc8 , abe4f5ba , b5e9665f , 08b94129 , 52a75982 , 776d89fa , dad26b47 , 9345a5a9 , f80aa4a7 , 4dcdc9f1 , 84e489ed , 87808e4f","18a9e7af , 5142895a , ffb58850 , fc7ba688","7600fa7d","47e77ad0","136d29c5","","",
"SRL5.5i","SPINDLE ROD LAPPING","1,000.00","","4/1/2026","2","3","1809ea49 , e82e5f61 , a2668b96 , 77b2e629 , 4ec9c84a , 980d7317 , a81f991f , 35cfa9cb , 0ba85c8c , a5ca9126 , a169c896 , df82cbf3 , ded075de , bb296609 , 65982d09 , 1e0b0026 , 2358a4bc , eb46c2f6 , 8271ed73","7e81696c , e2568cd9 , dd890170 , 4edc30ea , b0177f56 , 2ddc751d , f437f321","","","","38047f4f","",
"TRR3i","TRANSPARENT RUBBER RING (3inch)","285.00","","4/1/2026","4","5","8666f1a6 , 979b1e2a , ef950471 , a57fa872","278b3931 , 1fc2a599 , 4ba2ee06","","","","","",
"8WLLP","8W LED LIGHT FOR POLISHING","320.00","","4/1/2026","2","4","17c9ebe4 , 41bcc264 , 61c7aba1","4ec9c84a , 980d7317","c2f033e2 , f2cf33bb , 6b95afcb","38047f4f , 35c3db5d","","","",
"T15 ( COLLECTION IN TRAY )","TWO STN POLISHING UNIT","40,000.00","","4/1/2026","15","20","e0c83f0e , 64ebf633 , bafbd1e9 , 5ae9cde7 , 6f74be9e , 063fb5a7","4632ac3f , 6f74be9e , da0550b4","35f7d271 , 40b135c1","","","","",
"SP~50S","DONT USE","38,000.00","","4/1/2026","20","40","8e6d0342","","","","","","",
"FRECCAT","FRAME FOR REC CAT","450.00","","4/1/2026","44","55","4b9e559f","","","","","","",
"SM~150","SUCTION MOTOR 1.5 HP 2800RPM","12,300.00","","4/1/2026","3","4","766a1563 , e9dd9015 , 9f9c4dab , c679e4bb , 130895fd , 13b0a116 , 9c523765 , bef1839f , 4ab4d89f , 5ed3a50e , d4676c5d , 042c96b4 , 098c439c , 002bd4e3 , 37be6c24 , 3fdbef5a , 86f2a112 , cf6fe613 , ec25cd24 , d5d05473 , 160d60f9 , 35c3db5d , ff269c0e , 0ffefba0 , bf275fbb , 3460499d , 6830a4be , a211d065 , 6fdb2d26 , f2f49e81 , 86fc0a64","4dff4720 , e9b4ff14 , 2e2bda9d","fda9b17e , a79616d6","","","","",
"PM~75~1PH","POLISHER MOTOR 0.75HP 2800RPM 1PH","12,740.00","","4/1/2026","8","12","149b5187","386f96b9","","","","","",
"SSTATP","SS BORDERED TABLE FOR POLISHING (IF REQUIRED)","1,500.00","","4/1/2026","10","12","","c41952a7 , 8a3f944c , 38d04587 , ad2fa47c , c46b9b0b , 383aeef3 , 6376e6c4","12a4d80a , 5542cb83 , 01f696c5","","9a5d0cb5","","",
"F30KOGCHG","GLASS COVER WITH HAND GLOVES FOR 30inch FILING TABLE","2,500.00","","4/1/2026","10","12","f457b339 , e90ec479 , 32e5a903","","","","","","",
"SM~75","SUCTION MOTOR 0.75HP 2800RPM","8,600.00","","4/1/2026","1","2","057f5162 , 7e5d2455 , e8dd6163 , 38047f4f , 4dff4720 , 6713b11c , ede0c75e , fa018115 , 1e046e79 , 26af281e , 4646f4e5 , 9bdf279d , 5b53eb15 , 5419cbaa , 650926ef , 0ab592a4 , 23735e5f","13b0a116 , b18f3676 , d8bca26c , 41a9d99e , 160d60f9","9c523765 , bef1839f , 4ab4d89f , 2e2bda9d","","","","",
"SSPF5i","SLIDING SUCTION PIPE FOR FILING","1,500.00","","4/1/2026","5","8","f0436b09 , f444073a , a111551a , 9c44dda5 , a445f354","a806b343 , e8dc57f2 , 90bfece0","e0253bcc","","","","",
"HGSGW","HANDGLOVES FOR WET GRINDING","185.00","","4/1/2026","3","4","","ffc99b95","522c05dd , db668403 , 9e3b33f5","","150326f0","","",
"RM5.0","REPAIRING CHARGES FOR 5.0HP MOTOR","7,800.00","","4/1/2026","3","5","07f927bf , a53fe431 , 5df5f401 , 110e11e1 , 52239296 , fd8b9394 , 19eeb7e8","a8009ecc","","","","","",
"ICBG","INSTALLATION CHARGES FOR BIG CAT","450.00","","4/1/2026","3","4","","d8848d86 , 0b28ed0a , 28014adf , 529c8dd2 , c4815bcd","c7af2606 , d8848d86 , b1bfe338 , 72c32cbd , 5ee35fa1 , 640f0337","391b7c34 , 66a05815 , 5ee35fa1","cf85b966","","",
"FTF~21 ( SINGLE SUCTION POINT )","FIX FILING TABLE  WITH 0.5 HP DC","36,000.00","ABRAR","4/1/2026","15","16","62c726e4 , 03a042b5 , 3bfa4956 , 08cac936 , dfedb5ff , e0253bcc , cc6f2454 , fdb25f69 , a806b343 , 469e9df9 , 8a051e6a , 496bba63 , f34a5431 , b55a9d1e , 31441b1b , 95abb853 , dbd8c2c1 , 66402afb , df2d50d0 , b2e86746","970890a0 , bfb0670e , e91a0b2a , 4637599c , 7aecb8c1 , 44a59097 , 8d45b097 , 60023443 , 2017797d , f9738604 , 410bac78","6bd95074 , c39a98d6 , 1aee8da7","13dc4579 , 2752501b , a7d2a572 , 9a6a4d7a","9bb9df4f , 96d14186","31b970a3 , 578ad05f , 8ddc7f9e , cdaf16e1","2cb088fe",
"PUH19","PU HOSE FOR 19MM","135.00","ABRAR","9/8/2026","2","3","c429fc6b","","","","","","",
